id,season_name,total_points,minutes,goals_scored,assists,clean_sheets,goals_conceded,own_goals,penalties_saved,penalties_missed,yellow_cards,red_cards,saves,bonus,bps,influence,creativity,threat,ict_index,expected_goals,expected_assists,expected_goal_involvements,prev_total_points,prev_minutes,prev_goals_scored,prev_assists,prev_clean_sheets,prev_goals_conceded,prev_own_goals,prev_penalties_saved,prev_penalties_missed,prev_yellow_cards,prev_red_cards,prev_saves,prev_bonus,prev_bps,prev_influence,prev_creativity,prev_threat,prev_ict_index,prev_expected_goals,prev_expected_assists,prev_expected_goal_involvements,avg2_total_points,avg2_goals_scored,avg2_assists,avg2_minutes,avg2_clean_sheets,avg2_saves,avg2_goals_conceded,seasons_played,full_name,position,team_name
1,2021/22,95,2160,0,0,8,27,0,0,0,1,0,78,5,496,593.4,10.0,0.0,60.1,0.0,0.0,0.0,,,,,,,,,,,,,,,,,,,,,,,,,,,,,0,David Raya Martín,Goalkeeper,Arsenal
1,2022/23,166,3420,0,0,12,46,1,0,0,1,0,154,20,822,1146.0,20.1,4.0,117.3,0.11,0.12,0.23,95.0,2160.0,0.0,0.0,8.0,27.0,0.0,0.0,0.0,1.0,0.0,78.0,5.0,496.0,593.4,10.0,0.0,60.1,0.0,0.0,0.0,95.0,0.0,0.0,2160.0,8.0,78.0,27.0,1,David Raya Martín,Goalkeeper,Arsenal
1,2023/24,135,2880,0,0,16,24,0,1,0,2,0,46,6,569,413.0,0.0,0.0,41.1,0.0,0.04,0.04,166.0,3420.0,0.0,0.0,12.0,46.0,1.0,0.0,0.0,1.0,0.0,154.0,20.0,822.0,1146.0,20.1,4.0,117.3,0.11,0.12,0.23,130.5,0.0,0.0,2790.0,10.0,116.0,36.5,2,David Raya Martín,Goalkeeper,Arsenal
1,2024/25,142,3420,0,0,13,34,0,0,0,3,0,86,10,555,755.4,10.7,0.0,76.7,0.0,0.03,0.03,135.0,2880.0,0.0,0.0,16.0,24.0,0.0,1.0,0.0,2.0,0.0,46.0,6.0,569.0,413.0,0.0,0.0,41.1,0.0,0.04,0.04,150.5,0.0,0.0,3150.0,14.0,100.0,35.0,3,David Raya Martín,Goalkeeper,Arsenal
1,2025/26,162,3330,0,0,19,26,0,0,0,1,0,60,11,633,541.6,33.5,0.0,57.5,0.0,0.07,0.07,142.0,3420.0,0.0,0.0,13.0,34.0,0.0,0.0,0.0,3.0,0.0,86.0,10.0,555.0,755.4,10.7,0.0,76.7,0.0,0.03,0.03,138.5,0.0,0.0,3150.0,14.5,66.0,29.0,4,David Raya Martín,Goalkeeper,Arsenal
2,2018/19,142,3240,0,0,14,39,0,1,0,2,0,82,7,685,681.0,0.1,0.0,68.0,0.0,0.0,0.0,,,,,,,,,,,,,,,,,,,,,,37.5,1.5,1.0,606.0,1.5,0.0,9.5,0,Kepa Arrizabalaga Revuelta,Goalkeeper,Arsenal
2,2019/20,90,2970,0,0,8,47,0,0,0,0,0,55,0,507,503.6,0.0,0.0,50.2,0.0,0.0,0.0,142.0,3240.0,0.0,0.0,14.0,39.0,0.0,1.0,0.0,2.0,0.0,82.0,7.0,685.0,681.0,0.1,0.0,68.0,0.0,0.0,0.0,52.0,2.0,1.0,941.0,3.0,0.0,12.0,1,Kepa Arrizabalaga Revuelta,Goalkeeper,Arsenal
2,2020/21,26,585,0,0,2,8,0,0,0,1,0,16,5,117,113.6,0.0,0.0,11.3,0.0,0.0,0.0,90.0,2970.0,0.0,0.0,8.0,47.0,0.0,0.0,0.0,0.0,0.0,55.0,0.0,507.0,503.6,0.0,0.0,50.2,0.0,0.0,0.0,64.0,1.0,2.0,1825.0,3.0,0.0,35.0,2,Kepa Arrizabalaga Revuelta,Goalkeeper,Arsenal
2,2021/22,19,360,0,0,2,2,0,0,0,0,0,11,1,89,95.6,0.0,0.0,9.6,0.0,0.0,0.0,26.0,585.0,0.0,0.0,2.0,8.0,0.0,0.0,0.0,1.0,0.0,16.0,5.0,117.0,113.6,0.0,0.0,11.3,0.0,0.0,0.0,77.0,0.5,3.5,2366.5,5.5,0.0,45.5,3,Kepa Arrizabalaga Revuelta,Goalkeeper,Arsenal
2,2022/23,118,2565,0,0,9,33,0,0,0,1,0,91,15,575,733.4,0.1,0.0,73.3,0.0,0.0,0.0,19.0,360.0,0.0,0.0,2.0,2.0,0.0,0.0,0.0,0.0,0.0,11.0,1.0,89.0,95.6,0.0,0.0,9.6,0.0,0.0,0.0,83.0,1.0,4.0,2511.0,8.0,0.0,42.0,4,Kepa Arrizabalaga Revuelta,Goalkeeper,Arsenal
2,2023/24,0,0,0,0,0,0,0,0,0,0,0,0,0,0,0.0,0.0,0.0,0.0,0.0,0.0,0.0,118.0,2565.0,0.0,0.0,9.0,33.0,0.0,0.0,0.0,1.0,0.0,91.0,15.0,575.0,733.4,0.1,0.0,73.3,0.0,0.0,0.0,76.0,2.0,3.0,2114.0,8.0,0.0,28.0,5,Kepa Arrizabalaga Revuelta,Goalkeeper,Arsenal
2,2024/25,106,2790,0,0,8,39,0,0,0,3,0,97,7,406,744.4,10.4,4.0,75.8,0.06,0.03,0.09,0.0,0.0,0.0,0.0,0.0,0.0,0.0,0.0,0.0,0.0,0.0,0.0,0.0,0.0,0.0,0.0,0.0,0.0,0.0,0.0,0.0,,,,,,,,6,Kepa Arrizabalaga Revuelta,Goalkeeper,Arsenal
2,2025/26,2,90,0,0,0,1,0,0,0,0,0,2,0,11,19.8,0.0,0.0,2.0,0.0,0.0,0.0,106.0,2790.0,0.0,0.0,8.0,39.0,0.0,0.0,0.0,3.0,0.0,97.0,7.0,406.0,744.4,10.4,4.0,75.8,0.06,0.03,0.09,,,,,,,,7,Kepa Arrizabalaga Revuelta,Goalkeeper,Arsenal
3,2020/21,154,3150,0,0,11,52,1,1,0,0,0,140,20,774,1026.0,10.0,0.0,103.7,0.0,0.0,0.0,,,,,,,,,,,,,,,,,,,,,,45.0,0.0,0.0,1545.0,3.0,0.0,27.0,0,Illan Meslier,Goalkeeper,Arsenal
3,2021/22,106,3384,0,0,5,79,0,0,0,2,0,143,8,713,1090.6,0.0,0.0,108.9,0.0,0.0,0.0,154.0,3150.0,0.0,0.0,11.0,52.0,1.0,1.0,0.0,0.0,0.0,140.0,20.0,774.0,1026.0,10.0,0.0,103.7,0.0,0.0,0.0,45.0,0.0,0.0,1545.0,3.0,0.0,27.0,1,Illan Meslier,Goalkeeper,Arsenal
3,2022/23,90,3060,0,0,5,67,0,0,0,3,0,94,8,548,738.6,0.0,17.0,75.9,0.12,0.01,0.13,106.0,3384.0,0.0,0.0,5.0,79.0,0.0,0.0,0.0,2.0,0.0,143.0,8.0,713.0,1090.6,0.0,0.0,108.9,0.0,0.0,0.0,34.0,1.0,1.0,494.0,0.0,0.0,8.0,2,Illan Meslier,Goalkeeper,Arsenal
3,2025/26,0,0,0,0,0,0,0,0,0,0,0,0,0,0,0.0,0.0,0.0,0.0,0.0,0.0,0.0,90.0,3060.0,0.0,0.0,5.0,67.0,0.0,0.0,0.0,3.0,0.0,94.0,8.0,548.0,738.6,0.0,17.0,75.9,0.12,0.01,0.13,34.0,1.0,1.0,494.0,0.0,0.0,8.0,3,Illan Meslier,Goalkeeper,Arsenal
4,2020/21,78,1996,2,0,6,24,0,0,0,2,1,0,7,385,464.8,51.0,233.0,74.9,0.0,0.0,0.0,,,,,,,,,,,,,,,,,,,,,,0.0,0.0,0.0,0.0,0.0,0.0,0.0,0,Gabriel dos Santos Magalhães,Defender,Arsenal
4,2021/22,146,3063,5,0,13,38,0,0,0,6,1,0,16,682,746.8,131.6,470.0,134.7,0.0,0.0,0.0,78.0,1996.0,2.0,0.0,6.0,24.0,0.0,0.0,0.0,2.0,1.0,0.0,7.0,385.0,464.8,51.0,233.0,74.9,0.0,0.0,0.0,13.5,0.0,0.0,366.0,1.0,0.0,6.0,1,Gabriel dos Santos Magalhães,Defender,Arsenal
4,2022/23,146,3409,3,0,14,43,0,0,0,5,0,0,15,723,743.8,131.4,401.0,127.7,5.04,0.66,5.7,146.0,3063.0,5.0,0.0,13.0,38.0,0.0,0.0,0.0,6.0,1.0,0.0,16.0,682.0,746.8,131.6,470.0,134.7,0.0,0.0,0.0,15.0,0.0,0.0,409.5,1.0,0.0,7.5,2,Gabriel dos Santos Magalhães,Defender,Arsenal
4,2023/24,149,3042,3,1,16,26,1,0,0,4,0,0,8,676,675.8,121.9,379.0,117.9,4.48,0.65,5.13,146.0,3409.0,3.0,0.0,14.0,43.0,0.0,0.0,0.0,5.0,0.0,0.0,15.0,723.0,743.8,131.4,401.0,127.7,5.04,0.66,5.7,1.5,0.0,0.0,43.5,0.0,0.0,1.5,3,Gabriel dos Santos Magalhães,Defender,Arsenal
4,2024/25,117,2363,3,2,10,22,0,0,0,4,0,0,9,459,584.6,208.8,287.0,108.2,2.7,1.21,3.91,149.0,3042.0,3.0,1.0,16.0,26.0,1.0,0.0,0.0,4.0,0.0,0.0,8.0,676.0,675.8,121.9,379.0,117.9,4.48,0.65,5.13,0.0,0.0,0.0,0.0,0.0,0.0,0.0,4,Gabriel dos Santos Magalhães,Defender,Arsenal
4,2025/26,209,2750,3,5,18,20,0,0,0,4,0,0,30,724,824.0,128.5,298.0,125.0,2.94,1.75,4.69,117.0,2363.0,3.0,2.0,10.0,22.0,0.0,0.0,0.0,4.0,0.0,0.0,9.0,459.0,584.6,208.8,287.0,108.2,2.7,1.21,3.91,0.0,0.0,0.0,0.0,0.0,0.0,0.0,5,Gabriel dos Santos Magalhães,Defender,Arsenal
5,2023/24,0,70,0,0,0,0,0,0,0,2,0,0,0,4,5.8,4.7,2.0,1.3,0.0,0.02,0.02,,,,,,,,,,,,,,,,,,,,,,1.0,0.0,0.0,5.5,0.0,0.0,0.0,0,Jurriën Timber,Defender,Arsenal
5,2024/25,114,2415,1,3,11,21,0,0,0,7,0,0,9,426,393.0,296.8,254.0,94.2,1.23,1.3,2.53,0.0,70.0,0.0,0.0,0.0,0.0,0.0,0.0,0.0,2.0,0.0,0.0,0.0,4.0,5.8,4.7,2.0,1.3,0.0,0.02,0.02,0.0,0.0,0.0,0.0,0.0,0.0,0.0,1,Jurriën Timber,Defender,Arsenal
5,2025/26,149,2452,3,6,13,20,0,0,0,5,0,0,9,532,499.0,402.6,352.0,125.7,4.71,1.53,6.24,114.0,2415.0,1.0,3.0,11.0,21.0,0.0,0.0,0.0,7.0,0.0,0.0,9.0,426.0,393.0,296.8,254.0,94.2,1.23,1.3,2.53,67.0,5.0,1.0,1031.0,4.0,0.0,13.0,2,Jurriën Timber,Defender,Arsenal
6,2020/21,0,0,0,0,0,0,0,0,0,0,0,0,0,0,0.0,0.0,0.0,0.0,0.0,0.0,0.0,,,,,,,,,,,,,,,,,,,,,,125.0,6.5,9.5,1968.0,6.5,0.0,31.5,0,William Saliba,Defender,Arsenal
6,2021/22,0,0,0,0,0,0,0,0,0,0,0,0,0,0,0.0,0.0,0.0,0.0,0.0,0.0,0.0,0.0,0.0,0.0,0.0,0.0,0.0,0.0,0.0,0.0,0.0,0.0,0.0,0.0,0.0,0.0,0.0,0.0,0.0,0.0,0.0,0.0,133.0,9.0,8.0,1799.0,6.0,0.0,32.0,1,William Saliba,Defender,Arsenal
6,2022/23,117,2415,2,1,12,25,1,0,0,4,0,0,14,571,529.0,100.8,114.0,74.5,0.91,0.32,1.23,0.0,0.0,0.0,0.0,0.0,0.0,0.0,0.0,0.0,0.0,0.0,0.0,0.0,0.0,0.0,0.0,0.0,0.0,0.0,0.0,0.0,52.0,0.0,4.0,1360.0,9.0,0.0,12.0,2,William Saliba,Defender,Arsenal
6,2023/24,164,3420,2,1,18,29,0,0,0,4,0,0,13,781,697.2,152.1,140.0,99.1,1.7,0.9,2.6,117.0,2415.0,2.0,1.0,12.0,25.0,1.0,0.0,0.0,4.0,0.0,0.0,14.0,571.0,529.0,100.8,114.0,74.5,0.91,0.32,1.23,61.5,2.5,3.0,1430.5,7.5,0.0,18.0,3,William Saliba,Defender,Arsenal
6,2024/25,130,3039,2,0,12,29,0,0,0,2,1,0,14,564,672.6,150.1,116.0,94.2,2.42,1.28,3.7,164.0,3420.0,2.0,1.0,18.0,29.0,0.0,0.0,0.0,4.0,0.0,0.0,13.0,781.0,697.2,152.1,140.0,99.1,1.7,0.9,2.6,51.5,3.0,1.5,1249.0,3.5,0.0,24.5,4,William Saliba,Defender,Arsenal
6,2025/26,137,2614,1,0,15,20,0,0,0,2,0,0,12,581,552.6,201.0,90.0,84.3,0.88,1.21,2.09,130.0,3039.0,2.0,0.0,12.0,29.0,0.0,0.0,0.0,2.0,1.0,0.0,14.0,564.0,672.6,150.1,116.0,94.2,2.42,1.28,3.7,40.5,1.5,0.5,1318.5,2.0,0.0,25.5,5,William Saliba,Defender,Arsenal
7,2023/24,0,0,0,0,0,0,0,0,0,0,0,0,0,0,0.0,0.0,0.0,0.0,0.0,0.0,0.0,,,,,,,,,,,,,,,,,,,,,,95.0,2.0,4.0,2911.0,5.0,0.0,66.0,0,Myles Lewis-Skelly,Midfielder,Arsenal
7,2024/25,37,1362,1,0,5,16,0,0,0,3,2,0,0,237,176.0,170.7,57.0,40.0,0.16,0.51,0.67,0.0,0.0,0.0,0.0,0.0,0.0,0.0,0.0,0.0,0.0,0.0,0.0,0.0,0.0,0.0,0.0,0.0,0.0,0.0,0.0,0.0,95.0,2.0,4.0,2911.0,5.0,0.0,66.0,1,Myles Lewis-Skelly,Midfielder,Arsenal
7,2025/26,29,697,0,0,2,8,0,0,0,3,0,0,0,110,73.2,74.6,29.0,17.6,0.1,0.2,0.3,37.0,1362.0,1.0,0.0,5.0,16.0,0.0,0.0,0.0,3.0,2.0,0.0,0.0,237.0,176.0,170.7,57.0,40.0,0.16,0.51,0.67,0.0,0.0,0.0,0.0,0.0,0.0,0.0,2,Myles Lewis-Skelly,Midfielder,Arsenal
8,2024/25,39,978,2,1,1,12,0,0,0,4,0,0,1,142,252.6,118.2,176.0,54.6,0.86,0.69,1.55,,,,,,,,,,,,,,,,,,,,,,1.0,0.0,0.0,74.0,0.0,0.0,2.5,0,Riccardo Calafiori,Defender,Arsenal
8,2025/26,109,1697,1,2,13,8,0,0,0,5,0,0,6,389,283.0,182.3,313.0,77.9,3.36,0.76,4.12,39.0,978.0,2.0,1.0,1.0,12.0,0.0,0.0,0.0,4.0,0.0,0.0,1.0,142.0,252.6,118.2,176.0,54.6,0.86,0.69,1.55,0.0,0.0,0.0,0.0,0.0,0.0,0.0,1,Riccardo Calafiori,Defender,Arsenal
9,2025/26,87,1787,1,2,5,19,1,0,0,2,0,0,7,335,453.6,184.7,72.0,70.9,0.36,1.67,2.03,,,,,,,,,,,,,,,,,,,,,,3.5,0.0,0.0,113.0,0.0,0.0,1.5,0,Piero Hincapié,Defender,Arsenal
10,2018/19,0,0,0,0,0,0,0,0,0,0,0,0,0,0,0.0,0.0,0.0,0.0,0.0,0.0,0.0,,,,,,,,,,,,,,,,,,,,,,142.0,0.0,0.0,3420.0,13.0,86.0,34.0,0,Benjamin White,Defender,Arsenal
10,2020/21,104,3192,0,0,12,44,0,0,0,3,1,0,5,571,488.6,152.5,153.0,79.7,0.0,0.0,0.0,0.0,0.0,0.0,0.0,0.0,0.0,0.0,0.0,0.0,0.0,0.0,0.0,0.0,0.0,0.0,0.0,0.0,0.0,0.0,0.0,0.0,142.0,0.0,0.0,3240.0,14.0,82.0,39.0,1,Benjamin White,Defender,Arsenal
10,2021/22,107,2880,0,0,13,35,1,0,0,3,0,0,9,557,592.8,182.3,150.0,92.5,0.0,0.0,0.0,104.0,3192.0,0.0,0.0,12.0,44.0,0.0,0.0,0.0,3.0,1.0,0.0,5.0,571.0,488.6,152.5,153.0,79.7,0.0,0.0,0.0,116.0,0.0,0.0,3105.0,11.0,68.5,43.0,2,Benjamin White,Defender,Arsenal
10,2022/23,156,3054,2,5,15,35,0,0,0,5,0,0,12,734,655.4,492.5,159.0,130.8,1.25,3.6,4.85,107.0,2880.0,0.0,0.0,13.0,35.0,1.0,0.0,0.0,3.0,0.0,0.0,9.0,557.0,592.8,182.3,150.0,92.5,0.0,0.0,0.0,58.0,0.0,0.0,1777.5,5.0,35.5,27.5,3,Benjamin White,Defender,Arsenal
10,2023/24,182,2987,4,5,18,26,0,0,0,8,0,0,14,776,765.8,589.4,234.0,159.0,1.27,3.66,4.93,156.0,3054.0,2.0,5.0,15.0,35.0,0.0,0.0,0.0,5.0,0.0,0.0,12.0,734.0,655.4,492.5,159.0,130.8,1.25,3.6,4.85,22.5,0.0,0.0,472.5,2.0,13.5,5.0,4,Benjamin White,Defender,Arsenal
10,2024/25,50,1195,0,2,5,13,0,0,0,2,0,0,0,211,247.6,162.6,100.0,51.0,0.46,1.3,1.76,182.0,2987.0,4.0,5.0,18.0,26.0,0.0,0.0,0.0,8.0,0.0,0.0,14.0,776.0,765.8,589.4,234.0,159.0,1.27,3.66,4.93,68.5,0.0,0.0,1462.5,5.5,51.0,17.5,5,Benjamin White,Defender,Arsenal
10,2025/26,45,699,0,1,5,6,0,0,0,0,0,0,3,181,154.8,133.4,54.0,34.3,0.45,0.69,1.14,50.0,1195.0,0.0,2.0,5.0,13.0,0.0,0.0,0.0,2.0,0.0,0.0,0.0,211.0,247.6,162.6,100.0,51.0,0.46,1.3,1.76,59.0,0.0,0.0,1282.5,4.5,45.5,16.5,6,Benjamin White,Defender,Arsenal
11,2025/26,40,986,0,0,3,8,0,0,0,4,0,0,1,195,219.2,88.7,20.0,32.9,0.1,0.63,0.73,,,,,,,,,,,,,,,,,,,,,,147.5,10.5,5.0,2342.5,8.5,0.0,31.5,0,Cristhian Mosquera,Defender,Arsenal
12,2018/19,1,7,0,0,0,0,0,0,0,0,0,0,0,3,0.0,0.0,0.0,0.0,0.0,0.0,0.0,,,,,,,,,,,,,,,,,,,,,,33.5,2.0,1.0,447.5,2.0,0.0,2.0,0,Bukayo Saka,Midfielder,Arsenal
12,2019/20,71,1746,1,6,7,18,0,0,0,6,0,0,4,259,327.2,322.5,248.0,89.8,0.0,0.0,0.0,1.0,7.0,0.0,0.0,0.0,0.0,0.0,0.0,0.0,0.0,0.0,0.0,0.0,3.0,0.0,0.0,0.0,0.0,0.0,0.0,0.0,66.0,4.0,2.0,882.0,4.0,0.0,4.0,1,Bukayo Saka,Midfielder,Arsenal
12,2020/21,114,2554,5,5,8,31,1,0,0,1,0,0,8,414,493.0,650.6,984.0,212.7,0.0,0.0,0.0,71.0,1746.0,1.0,6.0,7.0,18.0,0.0,0.0,0.0,6.0,0.0,0.0,4.0,259.0,327.2,322.5,248.0,89.8,0.0,0.0,0.0,40.0,1.0,2.0,500.0,2.0,0.0,5.0,2,Bukayo Saka,Midfielder,Arsenal
12,2021/22,179,2978,11,9,13,39,0,0,0,6,0,0,18,566,790.4,977.8,1434.0,320.0,0.0,0.0,0.0,114.0,2554.0,5.0,5.0,8.0,31.0,1.0,0.0,0.0,1.0,0.0,0.0,8.0,414.0,493.0,650.6,984.0,212.7,0.0,0.0,0.0,32.0,1.0,2.5,395.0,1.5,0.0,3.5,3,Bukayo Saka,Midfielder,Arsenal
12,2022/23,202,3183,14,12,12,42,0,0,1,6,0,0,19,678,1014.2,1106.1,1214.0,333.4,11.49,5.97,17.46,179.0,2978.0,11.0,9.0,13.0,39.0,0.0,0.0,0.0,6.0,0.0,0.0,18.0,566.0,790.4,977.8,1434.0,320.0,0.0,0.0,0.0,12.0,0.5,1.5,145.0,0.5,0.0,1.0,4,Bukayo Saka,Midfielder,Arsenal
12,2023/24,226,2922,16,12,16,27,0,0,0,4,0,0,29,776,1093.8,1319.8,1342.0,375.7,15.4,10.9,26.29,202.0,3183.0,14.0,12.0,12.0,42.0,0.0,0.0,1.0,6.0,0.0,0.0,19.0,678.0,1014.2,1106.1,1214.0,333.4,11.49,5.97,17.46,0.0,0.0,0.0,0.0,0.0,0.0,0.0,5,Bukayo Saka,Midfielder,Arsenal
12,2024/25,127,1724,6,11,7,21,0,0,0,3,0,0,18,508,606.0,842.8,830.0,227.9,6.87,7.78,14.65,226.0,2922.0,16.0,12.0,16.0,27.0,0.0,0.0,0.0,4.0,0.0,0.0,29.0,776.0,1093.8,1319.8,1342.0,375.7,15.4,10.9,26.29,5.0,0.0,0.0,144.0,0.0,0.0,3.0,6,Bukayo Saka,Midfielder,Arsenal
12,2025/26,157,2218,7,10,12,16,0,0,0,2,0,0,18,570,627.0,847.6,828.0,230.6,7.57,7.16,14.73,127.0,1724.0,6.0,11.0,7.0,21.0,0.0,0.0,0.0,3.0,0.0,0.0,18.0,508.0,606.0,842.8,830.0,227.9,6.87,7.78,14.65,2.5,0.0,0.0,72.0,0.0,0.0,1.5,7,Bukayo Saka,Midfielder,Arsenal
13,2016/17,1,1,0,0,0,0,0,0,0,0,0,0,0,3,0.6,0.3,0.0,0.1,0.0,0.0,0.0,,,,,,,,,,,,,,,,,,,,,,125.0,0.0,0.0,3077.0,9.5,96.5,43.0,0,Declan Rice,Midfielder,Arsenal
13,2017/18,41,1421,0,0,3,29,0,0,0,1,0,0,0,280,310.4,35.7,29.0,37.5,0.0,0.0,0.0,1.0,1.0,0.0,0.0,0.0,0.0,0.0,0.0,0.0,0.0,0.0,0.0,0.0,3.0,0.6,0.3,0.0,0.1,0.0,0.0,0.0,113.0,0.0,0.0,3105.0,8.0,97.5,47.5,1,Declan Rice,Midfielder,Arsenal
13,2018/19,92,3003,2,0,6,47,0,0,0,4,0,0,9,586,584.4,174.2,213.0,97.1,0.0,0.0,0.0,41.0,1421.0,0.0,0.0,3.0,29.0,0.0,0.0,0.0,1.0,0.0,0.0,0.0,280.0,310.4,35.7,29.0,37.5,0.0,0.0,0.0,111.0,0.0,0.0,3195.0,8.0,100.0,47.0,2,Declan Rice,Midfielder,Arsenal
13,2019/20,105,3420,1,5,7,62,0,0,0,6,0,0,8,616,715.8,350.8,259.0,132.5,0.0,0.0,0.0,92.0,3003.0,2.0,0.0,6.0,47.0,0.0,0.0,0.0,4.0,0.0,0.0,9.0,586.0,584.4,174.2,213.0,97.1,0.0,0.0,0.0,,,,,,,,3,Declan Rice,Midfielder,Arsenal
13,2020/21,86,2880,2,1,11,37,0,0,1,2,0,0,2,520,561.2,343.8,303.0,121.3,0.0,0.0,0.0,105.0,3420.0,1.0,5.0,7.0,62.0,0.0,0.0,0.0,6.0,0.0,0.0,8.0,616.0,715.8,350.8,259.0,132.5,0.0,0.0,0.0,158.0,4.0,5.0,2964.0,13.0,0.0,38.0,4,Declan Rice,Midfielder,Arsenal
13,2021/22,95,3178,1,4,8,49,0,0,0,8,0,0,7,595,773.4,401.8,288.0,146.8,0.0,0.0,0.0,86.0,2880.0,2.0,1.0,11.0,37.0,0.0,0.0,1.0,2.0,0.0,0.0,2.0,520.0,561.2,343.8,303.0,121.3,0.0,0.0,0.0,139.0,2.0,6.5,2997.5,11.0,0.0,43.5,5,Declan Rice,Midfielder,Arsenal
13,2022/23,116,3272,4,3,9,50,0,0,1,5,0,0,12,622,789.0,539.3,226.0,155.5,2.4,1.85,4.25,95.0,3178.0,1.0,4.0,8.0,49.0,0.0,0.0,0.0,8.0,0.0,0.0,7.0,595.0,773.4,401.8,288.0,146.8,0.0,0.0,0.0,120.0,0.0,8.5,2856.0,9.0,0.0,45.5,6,Declan Rice,Midfielder,Arsenal
13,2023/24,165,3225,7,9,17,28,0,0,0,5,0,0,17,744,959.4,745.3,451.0,215.9,3.53,5.09,8.62,116.0,3272.0,4.0,3.0,9.0,50.0,0.0,0.0,1.0,5.0,0.0,0.0,12.0,622.0,789.0,539.3,226.0,155.5,2.4,1.85,4.25,101.5,0.0,6.5,2560.5,8.0,0.0,42.0,7,Declan Rice,Midfielder,Arsenal
13,2024/25,127,2823,4,7,11,29,0,0,0,5,1,0,17,627,733.0,959.6,399.0,208.8,3.51,5.64,9.14,165.0,3225.0,7.0,9.0,17.0,28.0,0.0,0.0,0.0,5.0,0.0,0.0,17.0,744.0,959.4,745.3,451.0,215.9,3.53,5.09,8.62,66.5,0.5,2.0,1966.0,5.0,0.0,33.5,8,Declan Rice,Midfielder,Arsenal
13,2025/26,184,3093,4,9,18,25,0,0,0,3,0,0,23,790,827.2,1027.4,298.0,215.4,3.15,7.32,10.47,127.0,2823.0,4.0,7.0,11.0,29.0,0.0,0.0,0.0,5.0,1.0,0.0,17.0,627.0,733.0,959.6,399.0,208.8,3.51,5.64,9.14,67.5,1.0,2.0,1948.5,4.5,0.0,33.0,9,Declan Rice,Midfielder,Arsenal
14,2020/21,125,2555,4,8,6,51,0,0,0,3,0,0,17,470,516.2,653.1,383.0,155.4,0.0,0.0,0.0,,,,,,,,,,,,,,,,,,,,,,34.0,0.5,1.0,662.5,1.5,0.0,10.5,0,Eberechi Eze,Midfielder,Arsenal
14,2021/22,31,599,1,1,3,8,0,0,0,1,0,0,2,125,120.0,175.3,135.0,43.2,0.0,0.0,0.0,125.0,2555.0,4.0,8.0,6.0,51.0,0.0,0.0,0.0,3.0,0.0,0.0,17.0,470.0,516.2,653.1,383.0,155.4,0.0,0.0,0.0,57.0,1.0,2.0,1125.0,3.0,0.0,16.0,1,Eberechi Eze,Midfielder,Arsenal
14,2022/23,159,2631,10,5,9,35,0,0,0,3,0,0,21,580,702.6,833.6,635.0,217.0,7.25,2.92,10.17,31.0,599.0,1.0,1.0,3.0,8.0,0.0,0.0,0.0,1.0,0.0,0.0,2.0,125.0,120.0,175.3,135.0,43.2,0.0,0.0,0.0,47.0,0.0,0.0,1284.0,5.0,0.0,14.0,2,Eberechi Eze,Midfielder,Arsenal
14,2023/24,136,2054,11,5,8,28,0,0,0,3,0,0,11,490,740.4,810.0,735.0,228.7,9.12,5.66,14.78,159.0,2631.0,10.0,5.0,9.0,35.0,0.0,0.0,0.0,3.0,0.0,0.0,21.0,580.0,702.6,833.6,635.0,217.0,7.25,2.92,10.17,66.0,0.5,0.5,1942.0,5.5,0.0,27.0,3,Eberechi Eze,Midfielder,Arsenal
14,2024/25,148,2588,8,8,10,34,0,0,1,1,0,0,15,605,685.0,849.2,691.0,222.4,10.39,4.67,15.06,136.0,2054.0,11.0,5.0,8.0,28.0,0.0,0.0,0.0,3.0,0.0,0.0,11.0,490.0,740.4,810.0,735.0,228.7,9.12,5.66,14.78,100.5,1.0,0.5,2846.0,9.0,0.0,36.0,4,Eberechi Eze,Midfielder,Arsenal
14,2025/26,113,1885,7,3,11,14,0,0,0,1,0,0,8,439,393.4,305.7,455.0,115.1,5.18,2.66,7.84,148.0,2588.0,8.0,8.0,10.0,34.0,0.0,0.0,1.0,1.0,0.0,0.0,15.0,605.0,685.0,849.2,691.0,222.4,10.39,4.67,15.06,109.0,1.0,0.5,2838.5,11.0,0.0,31.0,5,Eberechi Eze,Midfielder,Arsenal
15,2020/21,40,861,1,2,3,12,0,0,0,0,0,0,3,183,169.8,322.8,167.0,65.9,0.0,0.0,0.0,,,,,,,,,,,,,,,,,,,,,,41.0,1.5,2.5,680.0,3.5,0.0,8.5,0,Martin Ødegaard,Midfielder,Arsenal
15,2021/22,131,2782,7,4,11,39,0,0,0,4,0,0,9,541,676.6,1073.2,639.0,238.2,0.0,0.0,0.0,40.0,861.0,1.0,2.0,3.0,12.0,0.0,0.0,0.0,0.0,0.0,0.0,3.0,183.0,169.8,322.8,167.0,65.9,0.0,0.0,0.0,70.0,2.0,5.0,1163.0,6.0,0.0,13.5,1,Martin Ødegaard,Midfielder,Arsenal
15,2022/23,212,3132,15,8,13,38,0,0,0,4,0,0,30,813,971.8,1140.3,934.0,304.9,9.75,8.02,17.77,131.0,2782.0,7.0,4.0,11.0,39.0,0.0,0.0,0.0,4.0,0.0,0.0,9.0,541.0,676.6,1073.2,639.0,238.2,0.0,0.0,0.0,68.5,2.0,3.5,1330.5,6.5,0.0,19.0,2,Martin Ødegaard,Midfielder,Arsenal
15,2023/24,186,3098,8,11,19,23,0,0,0,2,0,0,26,703,910.4,1499.4,757.0,317.0,7.53,10.16,17.69,212.0,3132.0,15.0,8.0,13.0,38.0,0.0,0.0,0.0,4.0,0.0,0.0,30.0,813.0,971.8,1140.3,934.0,304.9,9.75,8.02,17.77,45.0,2.0,1.0,870.0,4.5,0.0,13.0,3,Martin Ødegaard,Midfielder,Arsenal
15,2024/25,116,2321,3,9,11,21,0,0,0,4,0,0,11,529,524.6,968.7,493.0,198.8,4.85,6.68,11.53,186.0,3098.0,8.0,11.0,19.0,23.0,0.0,0.0,0.0,2.0,0.0,0.0,26.0,703.0,910.4,1499.4,757.0,317.0,7.53,10.16,17.69,7.0,0.5,0.0,87.0,0.5,0.0,1.0,4,Martin Ødegaard,Midfielder,Arsenal
15,2025/26,74,1363,1,7,6,13,0,0,0,0,0,0,5,306,311.8,564.4,168.0,104.4,1.25,3.65,4.9,116.0,2321.0,3.0,9.0,11.0,21.0,0.0,0.0,0.0,4.0,0.0,0.0,11.0,529.0,524.6,968.7,493.0,198.8,4.85,6.68,11.53,50.5,2.5,2.5,1308.0,1.0,0.0,33.0,5,Martin Ødegaard,Midfielder,Arsenal
16,2022/23,26,639,1,0,0,13,0,0,0,0,0,0,2,105,153.8,170.8,224.0,55.0,0.9,0.72,1.62,,,,,,,,,,,,,,,,,,,,,,35.5,0.0,0.0,993.0,2.5,37.5,19.0,0,Noni Madueke,Midfielder,Arsenal
16,2023/24,76,1044,5,3,4,19,0,0,0,2,0,0,7,253,341.6,287.5,401.0,102.8,2.51,2.13,4.64,26.0,639.0,1.0,0.0,0.0,13.0,0.0,0.0,0.0,0.0,0.0,0.0,2.0,105.0,153.8,170.8,224.0,55.0,0.9,0.72,1.62,0.0,0.0,0.0,0.0,0.0,0.0,0.0,1,Noni Madueke,Midfielder,Arsenal
16,2024/25,120,2028,7,5,6,28,0,0,0,3,0,0,12,425,479.2,475.1,998.0,195.3,9.62,2.86,12.48,76.0,1044.0,5.0,3.0,4.0,19.0,0.0,0.0,0.0,2.0,0.0,0.0,7.0,253.0,341.6,287.5,401.0,102.8,2.51,2.13,4.64,0.0,0.0,0.0,0.0,0.0,0.0,0.0,2,Noni Madueke,Midfielder,Arsenal
16,2025/26,72,1205,3,1,8,9,0,0,0,0,0,0,9,254,257.4,352.8,404.0,101.3,1.23,2.86,4.09,120.0,2028.0,7.0,5.0,6.0,28.0,0.0,0.0,0.0,3.0,0.0,0.0,12.0,425.0,479.2,475.1,998.0,195.3,9.62,2.86,12.48,0.0,0.0,0.0,0.0,0.0,0.0,0.0,3,Noni Madueke,Midfielder,Arsenal
17,2017/18,49,1337,1,1,3,18,0,0,0,4,0,0,4,271,374.8,236.7,156.0,76.9,0.0,0.0,0.0,,,,,,,,,,,,,,,,,,,,,,68.5,0.0,1.5,1867.0,7.0,0.0,25.5,0,Mikel Merino Zazón,Midfielder,Arsenal
17,2018/19,0,0,0,0,0,0,0,0,0,0,0,0,0,0,0.0,0.0,0.0,0.0,0.0,0.0,0.0,49.0,1337.0,1.0,1.0,3.0,18.0,0.0,0.0,0.0,4.0,0.0,0.0,4.0,271.0,374.8,236.7,156.0,76.9,0.0,0.0,0.0,57.0,0.0,0.0,1586.0,6.0,0.0,18.0,1,Mikel Merino Zazón,Midfielder,Arsenal
17,2024/25,92,1575,7,2,4,17,0,0,0,2,1,0,8,326,456.8,265.8,511.0,123.3,5.75,1.18,6.93,0.0,0.0,0.0,0.0,0.0,0.0,0.0,0.0,0.0,0.0,0.0,0.0,0.0,0.0,0.0,0.0,0.0,0.0,0.0,0.0,0.0,12.0,0.0,0.0,492.0,0.0,0.0,10.0,2,Mikel Merino Zazón,Midfielder,Arsenal
17,2025/26,67,1024,4,3,4,10,0,0,0,1,0,0,5,236,304.4,191.8,244.0,73.6,3.36,1.45,4.81,92.0,1575.0,7.0,2.0,4.0,17.0,0.0,0.0,0.0,2.0,1.0,0.0,8.0,326.0,456.8,265.8,511.0,123.3,5.75,1.18,6.93,12.0,0.0,0.0,492.0,0.0,0.0,10.0,3,Mikel Merino Zazón,Midfielder,Arsenal
18,2019/20,39,656,3,1,2,9,0,0,0,1,0,0,5,129,162.8,36.6,226.0,42.5,0.0,0.0,0.0,,,,,,,,,,,,,,,,,,,,,,33.5,0.5,0.5,874.0,3.0,0.0,16.5,0,Gabriel Martinelli Silva,Midfielder,Arsenal
18,2020/21,36,582,2,1,4,3,0,0,0,0,0,0,0,107,142.6,133.8,300.0,57.5,0.0,0.0,0.0,39.0,656.0,3.0,1.0,2.0,9.0,0.0,0.0,0.0,1.0,0.0,0.0,5.0,129.0,162.8,36.6,226.0,42.5,0.0,0.0,0.0,26.0,0.0,0.0,745.0,3.0,0.0,8.0,1,Gabriel Martinelli Silva,Midfielder,Arsenal
18,2021/22,110,1855,6,7,7,25,0,0,0,1,1,0,6,345,475.8,483.3,786.0,174.7,0.0,0.0,0.0,36.0,582.0,2.0,1.0,4.0,3.0,0.0,0.0,0.0,0.0,0.0,0.0,0.0,107.0,142.6,133.8,300.0,57.5,0.0,0.0,0.0,100.0,7.0,1.0,1910.0,11.0,0.0,23.0,2,Gabriel Martinelli Silva,Midfielder,Arsenal
18,2022/23,198,2789,15,9,14,33,0,0,0,3,0,0,18,648,844.2,838.1,1300.0,298.1,9.15,6.98,16.13,110.0,1855.0,6.0,7.0,7.0,25.0,0.0,0.0,0.0,1.0,1.0,0.0,6.0,345.0,475.8,483.3,786.0,174.7,0.0,0.0,0.0,129.0,9.5,3.5,2124.5,12.0,0.0,26.0,3,Gabriel Martinelli Silva,Midfielder,Arsenal
18,2023/24,118,2010,6,5,10,23,0,0,0,1,0,0,6,404,500.4,717.1,795.0,200.8,6.36,5.18,11.53,198.0,2789.0,15.0,9.0,14.0,33.0,0.0,0.0,0.0,3.0,0.0,0.0,18.0,648.0,844.2,838.1,1300.0,298.1,9.15,6.98,16.13,158.0,12.0,6.0,2339.0,13.0,0.0,29.0,4,Gabriel Martinelli Silva,Midfielder,Arsenal
18,2024/25,125,2284,8,4,10,25,0,0,0,1,0,0,6,422,559.8,587.8,912.0,206.1,7.13,4.46,11.59,118.0,2010.0,6.0,5.0,10.0,23.0,0.0,0.0,0.0,1.0,0.0,0.0,6.0,404.0,500.4,717.1,795.0,200.8,6.36,5.18,11.53,17.0,0.0,2.0,432.0,1.0,0.0,7.0,5,Gabriel Martinelli Silva,Midfielder,Arsenal
18,2025/26,57,1065,1,5,2,8,0,0,0,3,0,0,3,195,204.6,202.2,390.0,79.0,4.12,1.27,5.39,125.0,2284.0,8.0,4.0,10.0,25.0,0.0,0.0,0.0,1.0,0.0,0.0,6.0,422.0,559.8,587.8,912.0,206.1,7.13,4.46,11.59,37.5,0.0,2.0,1333.0,2.0,0.0,24.5,6,Gabriel Martinelli Silva,Midfielder,Arsenal
19,2025/26,133,2991,5,1,16,25,0,0,0,4,0,0,9,604,603.2,385.1,271.0,126.2,2.84,2.27,5.11,,,,,,,,,,,,,,,,,,,,,,64.0,0.0,2.5,2249.5,5.5,0.0,45.0,0,Martín Zubimendi Ibáñez,Midfielder,Arsenal
20,2025/26,16,152,1,1,1,1,0,0,0,0,0,0,0,51,45.2,55.5,65.0,16.6,1.19,0.3,1.49,,,,,,,,,,,,,,,,,,,,,,,,,,,,,0,Max Dowman,Midfielder,Arsenal
21,2021/22,101,3054,3,4,8,51,0,0,0,8,0,0,5,502,694.8,409.8,434.0,154.3,0.0,0.0,0.0,,,,,,,,,,,,,,,,,,,,,,81.0,1.0,3.0,1995.0,8.0,0.0,32.0,0,Christian Nørgaard,Midfielder,Everton
21,2022/23,71,1763,1,6,6,23,0,0,0,6,0,0,6,309,379.2,173.7,269.0,82.3,1.64,1.74,3.38,101.0,3054.0,3.0,4.0,8.0,51.0,0.0,0.0,0.0,8.0,0.0,0.0,5.0,502.0,694.8,409.8,434.0,154.3,0.0,0.0,0.0,55.0,0.5,1.5,1379.0,6.0,0.0,23.0,1,Christian Nørgaard,Midfielder,Everton
21,2023/24,74,2504,2,1,6,51,0,0,0,8,0,0,3,414,501.8,396.2,316.0,121.8,3.61,2.44,6.05,71.0,1763.0,1.0,6.0,6.0,23.0,0.0,0.0,0.0,6.0,0.0,0.0,6.0,309.0,379.2,173.7,269.0,82.3,1.64,1.74,3.38,48.5,1.0,0.5,1294.5,4.5,0.0,23.5,2,Christian Nørgaard,Midfielder,Everton
21,2024/25,107,2820,5,5,6,45,0,0,0,8,1,0,7,580,735.4,333.0,409.0,147.9,4.23,1.38,5.61,74.0,2504.0,2.0,1.0,6.0,51.0,0.0,0.0,0.0,8.0,0.0,0.0,3.0,414.0,501.8,396.2,316.0,121.8,3.61,2.44,6.05,53.5,1.0,0.5,1629.5,4.0,0.0,29.0,3,Christian Nørgaard,Midfielder,Everton
21,2025/26,7,101,0,0,0,1,0,0,0,0,0,0,0,28,23.4,5.5,10.0,4.0,0.08,0.04,0.12,107.0,2820.0,5.0,5.0,6.0,45.0,0.0,0.0,0.0,8.0,1.0,0.0,7.0,580.0,735.4,333.0,409.0,147.9,4.23,1.38,5.61,39.0,0.0,0.0,1433.0,3.0,0.0,25.0,4,Christian Nørgaard,Midfielder,Everton
22,2022/23,1,1,0,0,0,0,0,0,0,0,0,0,0,3,0.0,0.0,0.0,0.0,0.0,0.0,0.0,,,,,,,,,,,,,,,,,,,,,,90.0,4.0,0.0,2295.0,9.0,0.0,37.0,0,Ethan Nwaneri,Midfielder,Arsenal
22,2023/24,1,13,0,0,0,0,0,0,0,0,0,0,0,3,2.0,12.3,4.0,1.8,0.0,0.05,0.05,1.0,1.0,0.0,0.0,0.0,0.0,0.0,0.0,0.0,0.0,0.0,0.0,0.0,3.0,0.0,0.0,0.0,0.0,0.0,0.0,0.0,87.5,3.5,0.5,2248.0,8.5,0.0,32.5,1,Ethan Nwaneri,Midfielder,Arsenal
22,2024/25,66,882,4,2,4,4,0,0,0,1,0,0,4,251,293.2,282.8,255.0,83.0,1.19,1.78,2.97,1.0,13.0,0.0,0.0,0.0,0.0,0.0,0.0,0.0,0.0,0.0,0.0,0.0,3.0,2.0,12.3,4.0,1.8,0.0,0.05,0.05,89.0,2.0,2.5,2627.5,8.5,0.0,40.0,2,Ethan Nwaneri,Midfielder,Arsenal
22,2025/26,8,165,0,0,1,0,0,0,0,0,0,0,0,20,8.6,22.5,24.0,5.4,0.23,0.08,0.31,66.0,882.0,4.0,2.0,4.0,4.0,0.0,0.0,0.0,1.0,0.0,0.0,4.0,251.0,293.2,282.8,255.0,83.0,1.19,1.78,2.97,83.0,1.0,3.5,2652.5,7.5,0.0,45.0,3,Ethan Nwaneri,Midfielder,Arsenal
23,2022/23,40,500,1,2,2,5,0,0,0,0,0,0,2,134,116.0,180.6,123.0,41.5,0.86,1.39,2.25,,,,,,,,,,,,,,,,,,,,,,113.0,13.5,3.5,1425.5,8.0,0.0,15.5,0,Fábio Ferreira Vieira,Midfielder,Arsenal
23,2023/24,24,290,1,3,1,2,0,0,0,0,1,0,0,67,82.8,88.8,85.0,25.5,1.25,0.64,1.89,40.0,500.0,1.0,2.0,2.0,5.0,0.0,0.0,0.0,0.0,0.0,0.0,2.0,134.0,116.0,180.6,123.0,41.5,0.86,1.39,2.25,44.0,4.5,0.5,668.0,3.0,0.0,11.0,1,Fábio Ferreira Vieira,Midfielder,Arsenal
23,2024/25,0,0,0,0,0,0,0,0,0,0,0,0,0,0,0.0,0.0,0.0,0.0,0.0,0.0,0.0,24.0,290.0,1.0,3.0,1.0,2.0,0.0,0.0,0.0,0.0,1.0,0.0,0.0,67.0,82.8,88.8,85.0,25.5,1.25,0.64,1.89,19.0,0.0,0.0,355.0,0.0,0.0,7.0,2,Fábio Ferreira Vieira,Midfielder,Arsenal
23,2025/26,0,0,0,0,0,0,0,0,0,0,0,0,0,0,0.0,0.0,0.0,0.0,0.0,0.0,0.0,0.0,0.0,0.0,0.0,0.0,0.0,0.0,0.0,0.0,0.0,0.0,0.0,0.0,0.0,0.0,0.0,0.0,0.0,0.0,0.0,0.0,68.0,0.0,0.0,1890.0,4.0,65.0,28.0,3,Fábio Ferreira Vieira,Midfielder,Arsenal
24,2017/18,5,144,0,0,0,3,0,0,0,0,0,0,0,23,12.0,29.7,11.0,5.3,0.0,0.0,0.0,,,,,,,,,,,,,,,,,,,,,,41.5,2.0,1.0,957.0,3.5,0.0,15.5,0,Reiss Nelson,Midfielder,Arsenal
24,2018/19,0,0,0,0,0,0,0,0,0,0,0,0,0,0,0.0,0.0,0.0,0.0,0.0,0.0,0.0,5.0,144.0,0.0,0.0,0.0,3.0,0.0,0.0,0.0,0.0,0.0,0.0,0.0,23.0,12.0,29.7,11.0,5.3,0.0,0.0,0.0,66.0,4.0,1.5,1432.0,4.0,0.0,26.0,1,Reiss Nelson,Midfielder,Arsenal
24,2019/20,30,622,1,1,2,7,0,0,0,1,0,0,0,105,110.4,148.3,185.0,44.4,0.0,0.0,0.0,0.0,0.0,0.0,0.0,0.0,0.0,0.0,0.0,0.0,0.0,0.0,0.0,0.0,0.0,0.0,0.0,0.0,0.0,0.0,0.0,0.0,75.0,5.0,2.0,1508.0,2.0,0.0,33.0,2,Reiss Nelson,Midfielder,Arsenal
24,2020/21,2,70,0,0,0,0,0,0,0,0,0,0,0,2,4.2,9.7,10.0,2.4,0.0,0.0,0.0,30.0,622.0,1.0,1.0,2.0,7.0,0.0,0.0,0.0,1.0,0.0,0.0,0.0,105.0,110.4,148.3,185.0,44.4,0.0,0.0,0.0,3.0,0.0,0.0,65.0,0.0,0.0,2.0,3,Reiss Nelson,Midfielder,Arsenal
24,2021/22,1,19,0,0,0,1,0,0,0,0,0,0,0,4,4.0,11.6,20.0,3.6,0.0,0.0,0.0,2.0,70.0,0.0,0.0,0.0,0.0,0.0,0.0,0.0,0.0,0.0,0.0,0.0,2.0,4.2,9.7,10.0,2.4,0.0,0.0,0.0,1.5,0.0,0.0,32.5,0.0,0.0,1.0,4,Reiss Nelson,Midfielder,Arsenal
24,2022/23,42,202,3,3,1,3,0,0,0,0,0,0,5,127,179.8,121.9,178.0,48.0,1.09,0.99,2.08,1.0,19.0,0.0,0.0,0.0,1.0,0.0,0.0,0.0,0.0,0.0,0.0,0.0,4.0,4.0,11.6,20.0,3.6,0.0,0.0,0.0,37.0,1.0,0.5,979.0,3.5,0.0,14.0,5,Reiss Nelson,Midfielder,Arsenal
24,2023/24,16,256,0,0,1,1,0,0,0,1,0,0,0,58,42.8,87.7,39.0,16.9,0.18,0.43,0.61,42.0,202.0,3.0,3.0,1.0,3.0,0.0,0.0,0.0,0.0,0.0,0.0,5.0,127.0,179.8,121.9,178.0,48.0,1.09,0.99,2.08,74.0,2.0,1.0,1958.0,7.0,0.0,28.0,6,Reiss Nelson,Midfielder,Arsenal
24,2024/25,27,483,1,1,1,9,0,0,0,1,0,0,2,143,131.6,223.9,195.0,55.1,1.07,0.96,2.03,16.0,256.0,0.0,0.0,1.0,1.0,0.0,0.0,0.0,1.0,0.0,0.0,0.0,58.0,42.8,87.7,39.0,16.9,0.18,0.43,0.61,52.0,1.0,5.0,1003.0,2.0,0.0,22.0,7,Reiss Nelson,Midfielder,Arsenal
24,2025/26,13,118,0,1,0,2,0,0,0,0,0,0,0,39,42.6,32.6,29.0,10.0,0.71,0.11,0.82,27.0,483.0,1.0,1.0,1.0,9.0,0.0,0.0,0.0,1.0,0.0,0.0,2.0,143.0,131.6,223.9,195.0,55.1,1.07,0.96,2.03,52.0,1.0,5.0,1003.0,2.0,0.0,22.0,8,Reiss Nelson,Midfielder,Arsenal
25,2018/19,0,0,0,0,0,0,0,0,0,0,0,0,0,0,0.0,0.0,0.0,0.0,0.0,0.0,0.0,,,,,,,,,,,,,,,,,,,,,,28.0,1.0,0.0,385.0,1.0,0.0,9.0,0,Viktor Gyökeres,Forward,Arsenal
25,2025/26,128,2217,14,1,12,14,0,0,0,5,0,0,16,474,539.6,271.7,772.0,157.5,12.26,1.94,14.19,0.0,0.0,0.0,0.0,0.0,0.0,0.0,0.0,0.0,0.0,0.0,0.0,0.0,0.0,0.0,0.0,0.0,0.0,0.0,0.0,0.0,101.0,0.0,0.0,2430.0,10.0,66.0,27.0,1,Viktor Gyökeres,Forward,Arsenal
26,2020/21,91,1512,4,6,8,15,0,0,0,2,0,0,3,268,325.0,307.7,514.0,114.2,0.0,0.0,0.0,,,,,,,,,,,,,,,,,,,,,,,,,,,,,0,Kai Havertz,Forward,Arsenal
26,2021/22,112,1802,8,4,10,18,0,0,0,3,0,0,5,271,461.2,329.5,939.0,171.9,0.0,0.0,0.0,91.0,1512.0,4.0,6.0,8.0,15.0,0.0,0.0,0.0,2.0,0.0,0.0,3.0,268.0,325.0,307.7,514.0,114.2,0.0,0.0,0.0,1.0,0.0,0.0,5.0,0.0,0.0,0.0,1,Kai Havertz,Forward,Arsenal
26,2022/23,102,2565,7,1,9,31,0,0,0,5,0,0,13,301,476.4,536.6,1014.0,202.5,11.58,2.75,14.33,112.0,1802.0,8.0,4.0,10.0,18.0,0.0,0.0,0.0,3.0,0.0,0.0,5.0,271.0,461.2,329.5,939.0,171.9,0.0,0.0,0.0,2.5,0.0,0.0,86.5,0.0,0.0,1.5,2,Kai Havertz,Forward,Arsenal
26,2023/24,180,2627,13,10,16,22,0,0,0,11,0,0,15,515,763.2,613.4,1027.0,240.2,12.36,3.88,16.23,102.0,2565.0,7.0,1.0,9.0,31.0,0.0,0.0,0.0,5.0,0.0,0.0,13.0,301.0,476.4,536.6,1014.0,202.5,11.58,2.75,14.33,4.0,0.0,0.0,168.0,0.0,0.0,3.0,3,Kai Havertz,Forward,Arsenal
26,2024/25,97,1872,9,3,7,20,0,0,0,5,0,0,14,343,467.6,269.0,711.0,144.8,9.53,1.65,11.18,180.0,2627.0,13.0,10.0,16.0,22.0,0.0,0.0,0.0,11.0,0.0,0.0,15.0,515.0,763.2,613.4,1027.0,240.2,12.36,3.88,16.23,71.0,2.0,0.0,2579.0,5.0,0.0,50.0,4,Kai Havertz,Forward,Arsenal
26,2025/26,36,577,2,3,4,4,0,0,0,1,0,0,3,143,152.6,134.6,210.0,49.9,3.31,0.64,3.95,97.0,1872.0,9.0,3.0,7.0,20.0,0.0,0.0,0.0,5.0,0.0,0.0,14.0,343.0,467.6,269.0,711.0,144.8,9.53,1.65,11.18,52.0,1.5,0.0,1715.0,4.0,0.0,31.0,5,Kai Havertz,Forward,Arsenal
27,2016/17,67,651,7,4,3,5,0,0,0,2,0,0,12,258,335.8,165.9,436.0,92.9,0.0,0.0,0.0,,,,,,,,,,,,,,,,,,,,,,1.0,0.0,0.0,1.0,0.0,0.0,0.0,0,Gabriel Fernando de Jesus,Forward,Arsenal
27,2017/18,126,1660,13,7,9,12,0,0,2,6,0,0,18,473,603.6,360.3,1089.0,204.9,0.0,0.0,0.0,67.0,651.0,7.0,4.0,3.0,5.0,0.0,0.0,0.0,2.0,0.0,0.0,12.0,258.0,335.8,165.9,436.0,92.9,0.0,0.0,0.0,1.0,0.0,0.0,1.0,0.0,0.0,0.0,1,Gabriel Fernando de Jesus,Forward,Arsenal
27,2018/19,79,1017,7,3,2,11,0,0,0,1,0,0,7,259,395.2,300.5,864.0,156.3,0.0,0.0,0.0,126.0,1660.0,13.0,7.0,9.0,12.0,0.0,0.0,2.0,6.0,0.0,0.0,18.0,473.0,603.6,360.3,1089.0,204.9,0.0,0.0,0.0,0.0,0.0,0.0,0.0,0.0,0.0,0.0,2,Gabriel Fernando de Jesus,Forward,Arsenal
27,2019/20,146,2018,14,8,12,14,0,0,1,3,0,0,17,535,757.6,447.7,1620.0,282.1,0.0,0.0,0.0,79.0,1017.0,7.0,3.0,2.0,11.0,0.0,0.0,0.0,1.0,0.0,0.0,7.0,259.0,395.2,300.5,864.0,156.3,0.0,0.0,0.0,0.0,0.0,0.0,0.0,0.0,0.0,0.0,3,Gabriel Fernando de Jesus,Forward,Arsenal
27,2020/21,115,2056,9,5,11,17,0,0,0,2,0,0,16,453,501.0,467.5,931.0,190.0,0.0,0.0,0.0,146.0,2018.0,14.0,8.0,12.0,14.0,0.0,0.0,1.0,3.0,0.0,0.0,17.0,535.0,757.6,447.7,1620.0,282.1,0.0,0.0,0.0,0.0,0.0,0.0,0.0,0.0,0.0,0.0,4,Gabriel Fernando de Jesus,Forward,Arsenal
27,2021/22,120,1871,8,8,11,15,0,0,0,1,0,0,16,488,567.4,530.9,1126.0,222.3,0.0,0.0,0.0,115.0,2056.0,9.0,5.0,11.0,17.0,0.0,0.0,0.0,2.0,0.0,0.0,16.0,453.0,501.0,467.5,931.0,190.0,0.0,0.0,0.0,0.0,0.0,0.0,0.0,0.0,0.0,0.0,5,Gabriel Fernando de Jesus,Forward,Arsenal
27,2022/23,125,2064,11,7,9,23,0,0,0,6,0,0,17,401,660.6,427.8,1331.0,241.9,14.24,2.91,17.15,120.0,1871.0,8.0,8.0,11.0,15.0,0.0,0.0,0.0,1.0,0.0,0.0,16.0,488.0,567.4,530.9,1126.0,222.3,0.0,0.0,0.0,0.0,0.0,0.0,0.0,0.0,0.0,0.0,6,Gabriel Fernando de Jesus,Forward,Arsenal
27,2023/24,85,1470,4,7,11,11,0,0,0,6,0,0,10,271,364.8,403.0,756.0,152.7,6.27,3.26,9.53,125.0,2064.0,11.0,7.0,9.0,23.0,0.0,0.0,0.0,6.0,0.0,0.0,17.0,401.0,660.6,427.8,1331.0,241.9,14.24,2.91,17.15,0.0,0.0,0.0,0.0,0.0,0.0,0.0,7,Gabriel Fernando de Jesus,Forward,Arsenal
27,2024/25,42,600,3,2,2,5,0,0,0,4,0,0,6,152,154.4,119.5,255.0,52.6,3.05,0.52,3.57,85.0,1470.0,4.0,7.0,11.0,11.0,0.0,0.0,0.0,6.0,0.0,0.0,10.0,271.0,364.8,403.0,756.0,152.7,6.27,3.26,9.53,1.5,0.0,0.0,2.5,0.0,0.0,0.0,8,Gabriel Fernando de Jesus,Forward,Arsenal
27,2025/26,24,418,3,0,1,6,0,0,0,3,0,0,0,92,141.8,54.3,281.0,47.5,2.71,0.26,2.97,42.0,600.0,3.0,2.0,2.0,5.0,0.0,0.0,0.0,4.0,0.0,0.0,6.0,152.0,154.4,119.5,255.0,52.6,3.05,0.52,3.57,3.0,0.0,0.0,5.0,0.0,0.0,0.0,9,Gabriel Fernando de Jesus,Forward,Arsenal
28,2012/13,0,0,0,0,0,0,0,0,0,0,0,0,0,0,0.0,0.0,0.0,0.0,0.0,0.0,0.0,,,,,,,,,,,,,,,,,,,,,,31.0,0.5,1.0,951.5,2.0,0.0,18.0,0,Emiliano Martínez Romero,Goalkeeper,Aston Villa
28,2014/15,14,302,0,0,2,4,0,0,0,0,0,4,0,57,0.0,0.0,0.0,0.0,0.0,0.0,0.0,0.0,0.0,0.0,0.0,0.0,0.0,0.0,0.0,0.0,0.0,0.0,0.0,0.0,0.0,0.0,0.0,0.0,0.0,0.0,0.0,0.0,83.5,0.5,2.0,2405.5,7.0,0.0,37.5,1,Emiliano Martínez Romero,Goalkeeper,Aston Villa
28,2016/17,8,180,0,0,1,3,0,0,0,0,0,5,0,35,30.6,0.0,0.0,3.1,0.0,0.0,0.0,14.0,302.0,0.0,0.0,2.0,4.0,0.0,0.0,0.0,0.0,0.0,4.0,0.0,57.0,0.0,0.0,0.0,0.0,0.0,0.0,0.0,101.0,0.0,2.0,2995.0,9.0,0.0,41.5,2,Emiliano Martínez Romero,Goalkeeper,Aston Villa
28,2017/18,0,0,0,0,0,0,0,0,0,0,0,0,0,0,0.0,0.0,0.0,0.0,0.0,0.0,0.0,8.0,180.0,0.0,0.0,1.0,3.0,0.0,0.0,0.0,0.0,0.0,5.0,0.0,35.0,30.6,0.0,0.0,3.1,0.0,0.0,0.0,106.0,1.0,2.5,3046.5,9.0,0.0,47.5,3,Emiliano Martínez Romero,Goalkeeper,Aston Villa
28,2018/19,0,0,0,0,0,0,0,0,0,0,0,0,0,0,0.0,0.0,0.0,0.0,0.0,0.0,0.0,0.0,0.0,0.0,0.0,0.0,0.0,0.0,0.0,0.0,0.0,0.0,0.0,0.0,0.0,0.0,0.0,0.0,0.0,0.0,0.0,0.0,121.0,1.0,4.5,3147.0,11.0,0.0,50.5,4,Emiliano Martínez Romero,Goalkeeper,Aston Villa
28,2019/20,33,770,0,0,3,9,0,0,0,2,0,34,1,169,256.8,0.0,0.0,25.8,0.0,0.0,0.0,0.0,0.0,0.0,0.0,0.0,0.0,0.0,0.0,0.0,0.0,0.0,0.0,0.0,0.0,0.0,0.0,0.0,0.0,0.0,0.0,0.0,123.0,0.0,6.0,3090.0,12.0,0.0,46.0,5,Emiliano Martínez Romero,Goalkeeper,Aston Villa
28,2020/21,186,3420,0,0,15,46,0,1,0,1,0,142,27,825,1067.2,20.0,0.0,108.5,0.0,0.0,0.0,33.0,770.0,0.0,0.0,3.0,9.0,0.0,0.0,0.0,2.0,0.0,34.0,1.0,169.0,256.8,0.0,0.0,25.8,0.0,0.0,0.0,,,,,,,,6,Emiliano Martínez Romero,Goalkeeper,Aston Villa
28,2021/22,129,3240,0,0,11,48,0,1,0,4,0,95,7,651,755.8,0.0,0.0,75.4,0.0,0.0,0.0,186.0,3420.0,0.0,0.0,15.0,46.0,0.0,1.0,0.0,1.0,0.0,142.0,27.0,825.0,1067.2,20.0,0.0,108.5,0.0,0.0,0.0,1.0,0.0,0.0,90.0,0.0,0.0,2.0,7,Emiliano Martínez Romero,Goalkeeper,Aston Villa
28,2022/23,135,3139,0,0,11,38,1,1,0,7,0,98,15,678,835.2,23.0,0.0,85.7,0.0,0.21,0.21,129.0,3240.0,0.0,0.0,11.0,48.0,0.0,1.0,0.0,4.0,0.0,95.0,7.0,651.0,755.8,0.0,0.0,75.4,0.0,0.0,0.0,1.0,0.0,0.0,90.0,0.0,0.0,2.0,8,Emiliano Martínez Romero,Goalkeeper,Aston Villa
28,2023/24,115,3015,0,0,8,48,2,0,0,4,0,95,19,640,802.0,20.0,0.0,82.2,0.0,0.01,0.01,135.0,3139.0,0.0,0.0,11.0,38.0,1.0,1.0,0.0,7.0,0.0,98.0,15.0,678.0,835.2,23.0,0.0,85.7,0.0,0.21,0.21,107.0,5.0,7.0,2023.0,6.0,0.0,35.0,9,Emiliano Martínez Romero,Goalkeeper,Aston Villa
28,2024/25,111,3195,0,0,8,47,0,1,0,5,1,100,6,457,839.6,20.0,0.0,86.0,0.0,0.02,0.02,115.0,3015.0,0.0,0.0,8.0,48.0,2.0,0.0,0.0,4.0,0.0,95.0,19.0,640.0,802.0,20.0,0.0,82.2,0.0,0.01,0.01,94.0,5.0,4.5,1942.5,4.0,0.0,37.5,10,Emiliano Martínez Romero,Goalkeeper,Aston Villa
28,2025/26,120,2835,0,1,7,39,0,1,0,2,0,95,11,530,769.8,23.2,0.0,79.2,0.0,0.08,0.08,111.0,3195.0,0.0,0.0,8.0,47.0,0.0,1.0,0.0,5.0,1.0,100.0,6.0,457.0,839.6,20.0,0.0,86.0,0.0,0.02,0.02,115.0,6.5,4.5,2285.0,6.0,0.0,39.5,11,Emiliano Martínez Romero,Goalkeeper,Aston Villa
29,2025/26,16,585,0,0,1,10,0,0,0,2,0,19,0,75,139.2,0.0,0.0,13.9,0.0,0.0,0.0,,,,,,,,,,,,,,,,,,,,,,37.5,0.5,1.5,936.0,2.5,0.0,13.5,0,Marco Bizot,Goalkeeper,Aston Villa
30,2018/19,158,2964,4,5,13,38,1,0,0,5,1,0,22,736,883.0,1142.0,300.0,232.7,0.0,0.0,0.0,,,,,,,,,,,,,,,,,,,,,,22.0,1.0,2.0,138.0,0.0,0.0,3.0,0,Lucas Digne,Defender,Aston Villa
30,2019/20,120,3031,0,8,9,49,1,0,0,6,0,0,16,646,743.0,1112.0,293.0,215.0,0.0,0.0,0.0,158.0,2964.0,4.0,5.0,13.0,38.0,1.0,0.0,0.0,5.0,1.0,0.0,22.0,736.0,883.0,1142.0,300.0,232.7,0.0,0.0,0.0,22.0,1.0,2.0,138.0,0.0,0.0,3.0,1,Lucas Digne,Defender,Aston Villa
30,2020/21,120,2681,0,9,9,42,0,0,0,2,1,0,18,590,592.6,704.2,136.0,143.5,0.0,0.0,0.0,120.0,3031.0,0.0,8.0,9.0,49.0,1.0,0.0,0.0,6.0,0.0,0.0,16.0,646.0,743.0,1112.0,293.0,215.0,0.0,0.0,0.0,16.0,0.0,2.0,224.0,0.0,0.0,7.0,2,Lucas Digne,Defender,Aston Villa
30,2021/22,83,2440,0,4,7,42,1,0,0,6,0,0,8,459,538.8,772.7,202.0,151.6,0.0,0.0,0.0,120.0,2681.0,0.0,9.0,9.0,42.0,0.0,0.0,0.0,2.0,1.0,0.0,18.0,590.0,592.6,704.2,136.0,143.5,0.0,0.0,0.0,12.5,0.5,1.0,138.0,0.0,0.0,3.5,3,Lucas Digne,Defender,Aston Villa
30,2022/23,50,1492,1,0,3,25,1,0,0,5,0,0,4,234,277.6,305.5,97.0,68.1,0.43,1.9,2.33,83.0,2440.0,0.0,4.0,7.0,42.0,1.0,0.0,0.0,6.0,0.0,0.0,8.0,459.0,538.8,772.7,202.0,151.6,0.0,0.0,0.0,9.0,1.0,0.0,52.0,0.0,0.0,0.0,4,Lucas Digne,Defender,Aston Villa
30,2023/24,85,2405,1,4,6,41,0,0,0,7,0,0,5,420,448.4,601.7,200.0,125.1,0.99,3.49,4.48,50.0,1492.0,1.0,0.0,3.0,25.0,1.0,0.0,0.0,5.0,0.0,0.0,4.0,234.0,277.6,305.5,97.0,68.1,0.43,1.9,2.33,74.0,0.0,3.0,2770.0,7.0,0.0,41.0,5,Lucas Digne,Defender,Aston Villa
30,2024/25,89,2348,0,5,6,36,0,0,0,4,0,0,7,383,512.6,583.9,112.0,120.7,0.8,3.97,4.77,85.0,2405.0,1.0,4.0,6.0,41.0,0.0,0.0,0.0,7.0,0.0,0.0,5.0,420.0,448.4,601.7,200.0,125.1,0.99,3.49,4.48,47.5,0.0,1.5,1845.0,5.0,0.0,26.5,6,Lucas Digne,Defender,Aston Villa
30,2025/26,97,1842,0,7,7,23,0,0,0,3,0,0,5,381,400.2,455.5,130.0,98.5,0.67,3.28,3.95,89.0,2348.0,0.0,5.0,6.0,36.0,0.0,0.0,0.0,4.0,0.0,0.0,7.0,383.0,512.6,583.9,112.0,120.7,0.8,3.97,4.77,20.0,0.0,0.5,681.5,2.0,0.0,9.0,7,Lucas Digne,Defender,Aston Villa
31,2019/20,65,2038,1,2,5,39,0,0,0,3,0,0,4,335,400.6,151.8,173.0,72.8,0.0,0.0,0.0,,,,,,,,,,,,,,,,,,,,,,0.0,0.0,0.0,0.0,0.0,0.0,0.0,0,Ezri Konsa Ngoyo,Defender,Aston Villa
31,2020/21,119,3195,2,0,12,46,0,0,0,3,0,0,8,580,695.6,34.2,276.0,101.0,0.0,0.0,0.0,65.0,2038.0,1.0,2.0,5.0,39.0,0.0,0.0,0.0,3.0,0.0,0.0,4.0,335.0,400.6,151.8,173.0,72.8,0.0,0.0,0.0,2.0,0.0,0.0,90.0,0.0,5.5,3.0,1,Ezri Konsa Ngoyo,Defender,Aston Villa
31,2021/22,78,2477,2,0,8,43,0,0,0,4,2,0,4,388,428.2,56.5,251.0,73.4,0.0,0.0,0.0,119.0,3195.0,2.0,0.0,12.0,46.0,0.0,0.0,0.0,3.0,0.0,0.0,8.0,580.0,695.6,34.2,276.0,101.0,0.0,0.0,0.0,53.0,0.0,0.0,1395.0,2.0,73.0,28.0,2,Ezri Konsa Ngoyo,Defender,Aston Villa
31,2022/23,110,3322,0,0,12,45,0,0,0,6,0,0,6,633,568.4,116.2,72.0,75.7,1.08,0.71,1.79,78.0,2477.0,2.0,0.0,8.0,43.0,0.0,0.0,0.0,4.0,2.0,0.0,4.0,388.0,428.2,56.5,251.0,73.4,0.0,0.0,0.0,123.5,0.0,0.0,3015.0,7.0,128.0,54.0,3,Ezri Konsa Ngoyo,Defender,Aston Villa
31,2023/24,91,3069,1,1,7,54,0,0,0,5,0,0,7,562,554.4,170.6,223.0,95.0,2.56,1.01,3.57,110.0,3322.0,0.0,0.0,12.0,45.0,0.0,0.0,0.0,6.0,0.0,0.0,6.0,633.0,568.4,116.2,72.0,75.7,1.08,0.71,1.79,153.0,0.0,0.0,3420.0,12.0,107.5,52.0,4,Ezri Konsa Ngoyo,Defender,Aston Villa
31,2024/25,103,2936,2,0,8,45,0,0,0,1,0,0,10,448,532.8,123.9,166.0,82.4,1.29,0.61,1.9,91.0,3069.0,1.0,1.0,7.0,54.0,0.0,0.0,0.0,5.0,0.0,0.0,7.0,562.0,554.4,170.6,223.0,95.0,2.56,1.01,3.57,139.0,0.0,0.0,3420.0,11.5,94.0,51.0,5,Ezri Konsa Ngoyo,Defender,Aston Villa
31,2025/26,100,3035,0,1,9,44,0,0,0,0,1,0,3,497,601.4,108.3,124.0,84.0,1.27,0.59,1.86,103.0,2936.0,2.0,0.0,8.0,45.0,0.0,0.0,0.0,1.0,0.0,0.0,10.0,448.0,532.8,123.9,166.0,82.4,1.29,0.61,1.9,115.5,0.0,0.0,3081.0,9.5,91.5,47.5,6,Ezri Konsa Ngoyo,Defender,Aston Villa
32,2020/21,89,2373,0,2,11,35,0,0,0,6,1,0,8,468,520.8,352.9,110.0,98.7,0.0,0.0,0.0,,,,,,,,,,,,,,,,,,,,,,23.0,0.0,0.0,568.0,1.0,0.0,11.0,0,Matty Cash,Defender,Aston Villa
32,2021/22,147,3377,4,3,13,50,0,0,0,8,0,0,11,623,754.8,432.1,534.0,172.1,0.0,0.0,0.0,89.0,2373.0,0.0,2.0,11.0,35.0,0.0,0.0,0.0,6.0,1.0,0.0,8.0,468.0,520.8,352.9,110.0,98.7,0.0,0.0,0.0,62.0,0.0,0.5,1679.0,6.0,0.0,20.5,1,Matty Cash,Defender,Aston Villa
32,2022/23,57,1817,0,2,4,29,0,0,0,4,0,0,3,311,303.0,178.3,67.0,54.9,0.2,0.95,1.15,147.0,3377.0,4.0,3.0,13.0,50.0,0.0,0.0,0.0,8.0,0.0,0.0,11.0,623.0,754.8,432.1,534.0,172.1,0.0,0.0,0.0,99.0,1.5,1.5,2938.0,9.0,0.0,46.5,2,Matty Cash,Defender,Aston Villa
32,2023/24,64,2138,2,2,3,36,1,0,0,8,0,0,4,337,465.2,231.8,378.0,107.1,4.41,2.47,6.88,57.0,1817.0,0.0,2.0,4.0,29.0,0.0,0.0,0.0,4.0,0.0,0.0,3.0,311.0,303.0,178.3,67.0,54.9,0.2,0.95,1.15,120.0,2.5,2.5,3253.0,11.0,0.0,56.5,3,Matty Cash,Defender,Aston Villa
32,2024/25,76,2069,1,1,7,22,0,0,0,7,0,0,2,286,359.2,181.0,171.0,71.3,0.48,1.23,1.71,64.0,2138.0,2.0,2.0,3.0,36.0,1.0,0.0,0.0,8.0,0.0,0.0,4.0,337.0,465.2,231.8,378.0,107.1,4.41,2.47,6.88,126.0,1.5,1.5,3330.0,13.0,0.0,50.0,4,Matty Cash,Defender,Aston Villa
32,2025/26,117,3016,3,3,8,38,0,0,0,9,0,0,7,450,643.0,510.7,221.0,137.5,1.14,2.94,4.08,76.0,2069.0,1.0,1.0,7.0,22.0,0.0,0.0,0.0,7.0,0.0,0.0,2.0,286.0,359.2,181.0,171.0,71.3,0.48,1.23,1.71,96.0,1.0,1.0,3173.0,9.0,0.0,50.5,5,Matty Cash,Defender,Aston Villa
33,2015/16,1,11,0,0,0,0,0,0,0,0,0,0,0,3,0.0,0.0,0.0,0.0,0.0,0.0,0.0,,,,,,,,,,,,,,,,,,,,,,111.0,1.5,2.0,2775.5,10.0,0.0,38.0,0,Tyrone Mings,Defender,Aston Villa
33,2016/17,4,506,0,0,0,16,2,0,0,0,0,0,2,89,125.4,18.3,45.0,18.9,0.0,0.0,0.0,1.0,11.0,0.0,0.0,0.0,0.0,0.0,0.0,0.0,0.0,0.0,0.0,0.0,3.0,0.0,0.0,0.0,0.0,0.0,0.0,0.0,121.0,1.0,3.0,3082.0,11.0,0.0,39.0,1,Tyrone Mings,Defender,Aston Villa
33,2017/18,3,201,0,0,0,5,0,0,0,1,0,0,0,40,46.6,14.8,10.0,7.2,0.0,0.0,0.0,4.0,506.0,0.0,0.0,0.0,16.0,2.0,0.0,0.0,0.0,0.0,0.0,2.0,89.0,125.4,18.3,45.0,18.9,0.0,0.0,0.0,0.0,0.0,0.0,0.0,0.0,0.0,0.0,2,Tyrone Mings,Defender,Aston Villa
33,2018/19,5,141,0,0,0,4,0,0,0,0,0,0,0,41,49.0,16.3,2.0,6.8,0.0,0.0,0.0,3.0,201.0,0.0,0.0,0.0,5.0,0.0,0.0,0.0,1.0,0.0,0.0,0.0,40.0,46.6,14.8,10.0,7.2,0.0,0.0,0.0,15.5,0.0,0.0,637.0,1.0,0.0,11.0,3,Tyrone Mings,Defender,Aston Villa
33,2019/20,90,2902,2,2,6,53,0,0,0,7,0,0,9,537,758.0,87.3,119.0,96.6,0.0,0.0,0.0,5.0,141.0,0.0,0.0,0.0,4.0,0.0,0.0,0.0,0.0,0.0,0.0,0.0,41.0,49.0,16.3,2.0,6.8,0.0,0.0,0.0,32.5,0.0,1.0,1137.0,2.0,0.0,21.5,4,Tyrone Mings,Defender,Aston Villa
33,2020/21,128,3194,2,2,14,42,1,0,0,4,1,0,8,633,798.4,97.3,293.0,119.3,0.0,0.0,0.0,90.0,2902.0,2.0,2.0,6.0,53.0,0.0,0.0,0.0,7.0,0.0,0.0,9.0,537.0,758.0,87.3,119.0,96.6,0.0,0.0,0.0,24.0,0.0,1.5,671.0,1.0,0.0,13.5,5,Tyrone Mings,Defender,Aston Villa
33,2021/22,118,3188,1,4,11,49,0,0,0,11,0,0,12,596,667.2,130.9,309.0,110.6,0.0,0.0,0.0,128.0,3194.0,2.0,2.0,14.0,42.0,1.0,0.0,0.0,4.0,1.0,0.0,8.0,633.0,798.4,97.3,293.0,119.3,0.0,0.0,0.0,14.0,0.0,1.0,342.0,0.0,0.0,6.0,6,Tyrone Mings,Defender,Aston Villa
33,2022/23,130,3150,1,3,12,40,1,0,0,7,0,0,17,617,664.4,88.2,121.0,87.8,0.96,0.95,1.91,118.0,3188.0,1.0,4.0,11.0,49.0,0.0,0.0,0.0,11.0,0.0,0.0,12.0,596.0,667.2,130.9,309.0,110.6,0.0,0.0,0.0,,,,,,,,7,Tyrone Mings,Defender,Aston Villa
33,2023/24,0,30,0,0,0,2,0,0,0,0,0,0,0,5,3.6,13.0,5.0,2.2,0.01,0.16,0.17,130.0,3150.0,1.0,3.0,12.0,40.0,1.0,0.0,0.0,7.0,0.0,0.0,17.0,617.0,664.4,88.2,121.0,87.8,0.96,0.95,1.91,70.0,1.0,2.0,2101.0,8.0,0.0,27.0,8,Tyrone Mings,Defender,Aston Villa
33,2024/25,47,1119,0,1,4,11,0,0,0,1,0,0,5,207,220.4,49.2,74.0,34.6,0.88,0.23,1.11,0.0,30.0,0.0,0.0,0.0,2.0,0.0,0.0,0.0,0.0,0.0,0.0,0.0,5.0,3.6,13.0,5.0,2.2,0.01,0.16,0.17,76.0,1.5,2.5,2203.0,7.5,0.0,34.0,9,Tyrone Mings,Defender,Aston Villa
33,2025/26,50,1322,0,1,3,23,0,0,0,1,0,0,4,169,282.6,80.5,105.0,46.8,1.3,0.42,1.72,47.0,1119.0,0.0,1.0,4.0,11.0,0.0,0.0,0.0,1.0,0.0,0.0,5.0,207.0,220.4,49.2,74.0,34.6,0.88,0.23,1.11,50.0,1.0,2.0,1281.0,3.5,0.0,22.0,10,Tyrone Mings,Defender,Aston Villa
34,2023/24,85,2462,2,0,6,37,0,0,0,1,0,0,4,461,479.4,150.6,135.0,76.6,0.96,0.71,1.67,,,,,,,,,,,,,,,,,,,,,,38.0,1.5,2.0,795.5,2.5,0.0,12.5,0,Pau Torres,Defender,Aston Villa
34,2024/25,55,2019,0,0,5,33,0,0,0,2,0,0,3,254,350.6,84.5,102.0,54.0,0.51,0.43,0.94,85.0,2462.0,2.0,0.0,6.0,37.0,0.0,0.0,0.0,1.0,0.0,0.0,4.0,461.0,479.4,150.6,135.0,76.6,0.96,0.71,1.67,99.0,2.5,5.5,2464.5,10.5,0.0,36.5,1,Pau Torres,Defender,Aston Villa
34,2025/26,64,1673,0,2,5,19,1,0,0,1,0,0,2,280,321.8,47.1,79.0,45.1,1.33,0.39,1.72,55.0,2019.0,0.0,0.0,5.0,33.0,0.0,0.0,0.0,2.0,0.0,0.0,3.0,254.0,350.6,84.5,102.0,54.0,0.51,0.43,0.94,118.0,2.0,6.0,3203.5,13.5,0.0,49.0,2,Pau Torres,Defender,Aston Villa
35,2021/22,0,0,0,0,0,0,0,0,0,0,0,0,0,0,0.0,0.0,0.0,0.0,0.0,0.0,0.0,,,,,,,,,,,,,,,,,,,,,,86.0,1.0,1.5,3044.5,7.0,0.0,52.5,0,Lamare Bogarde,Midfielder,Aston Villa
35,2022/23,0,0,0,0,0,0,0,0,0,0,0,0,0,0,0.0,0.0,0.0,0.0,0.0,0.0,0.0,0.0,0.0,0.0,0.0,0.0,0.0,0.0,0.0,0.0,0.0,0.0,0.0,0.0,0.0,0.0,0.0,0.0,0.0,0.0,0.0,0.0,51.0,0.0,0.0,2673.0,4.0,0.0,47.0,1,Lamare Bogarde,Midfielder,Aston Villa
35,2024/25,6,473,0,0,0,11,0,0,0,2,0,0,0,22,84.8,33.3,15.0,13.3,0.04,0.13,0.17,0.0,0.0,0.0,0.0,0.0,0.0,0.0,0.0,0.0,0.0,0.0,0.0,0.0,0.0,0.0,0.0,0.0,0.0,0.0,0.0,0.0,57.0,0.0,0.0,2159.0,5.0,0.0,28.0,2,Lamare Bogarde,Midfielder,Aston Villa
35,2025/26,40,1042,0,0,2,17,0,0,0,5,0,0,4,121,133.0,59.4,14.0,20.6,0.0,0.2,0.2,6.0,473.0,0.0,0.0,0.0,11.0,0.0,0.0,0.0,2.0,0.0,0.0,0.0,22.0,84.8,33.3,15.0,13.3,0.04,0.13,0.17,75.0,0.0,1.0,2623.5,7.0,0.0,36.0,3,Lamare Bogarde,Midfielder,Aston Villa
36,2023/24,11,200,0,0,0,5,0,0,0,1,0,0,0,24,29.4,44.8,29.0,10.3,0.74,0.2,0.94,,,,,,,,,,,,,,,,,,,,,,2.0,0.0,0.0,48.0,0.5,0.0,0.0,0,Ian Maatsen,Defender,Aston Villa
36,2024/25,57,1125,1,2,3,16,0,0,0,2,0,0,0,204,252.0,293.4,197.0,74.3,0.87,2.43,3.3,11.0,200.0,0.0,0.0,0.0,5.0,0.0,0.0,0.0,1.0,0.0,0.0,0.0,24.0,29.4,44.8,29.0,10.3,0.74,0.2,0.94,39.0,1.0,2.5,767.0,5.0,0.0,5.0,1,Ian Maatsen,Defender,Aston Villa
36,2025/26,54,1590,0,1,2,27,0,0,0,2,0,0,1,242,336.6,373.4,231.0,94.3,1.26,2.39,3.65,57.0,1125.0,1.0,2.0,3.0,16.0,0.0,0.0,0.0,2.0,0.0,0.0,0.0,204.0,252.0,293.4,197.0,74.3,0.87,2.43,3.3,99.5,6.0,3.5,1673.5,8.5,0.0,19.0,2,Ian Maatsen,Defender,Aston Villa
37,2017/18,47,1284,0,0,5,14,0,0,0,1,0,0,1,297,272.8,37.7,8.0,32.0,0.0,0.0,0.0,,,,,,,,,,,,,,,,,,,,,,56.0,0.0,2.0,2348.0,4.0,0.0,37.0,0,Victor Lindelöf,Defender,Aston Villa
37,2018/19,85,2600,1,1,6,40,1,0,0,1,0,0,9,527,533.0,75.3,118.0,72.8,0.0,0.0,0.0,47.0,1284.0,0.0,0.0,5.0,14.0,0.0,0.0,0.0,1.0,0.0,0.0,1.0,297.0,272.8,37.7,8.0,32.0,0.0,0.0,0.0,0.0,0.0,0.0,0.0,0.0,0.0,0.0,1,Victor Lindelöf,Defender,Aston Villa
37,2019/20,116,3092,1,0,12,32,1,0,0,6,0,0,9,618,554.0,73.6,79.0,70.7,0.0,0.0,0.0,85.0,2600.0,1.0,1.0,6.0,40.0,1.0,0.0,0.0,1.0,0.0,0.0,9.0,527.0,533.0,75.3,118.0,72.8,0.0,0.0,0.0,5.0,0.0,0.0,63.0,0.5,0.0,0.0,2,Victor Lindelöf,Defender,Aston Villa
37,2020/21,102,2585,1,1,10,30,0,0,0,0,0,0,3,527,503.0,102.6,56.0,66.4,0.0,0.0,0.0,116.0,3092.0,1.0,0.0,12.0,32.0,1.0,0.0,0.0,6.0,0.0,0.0,9.0,618.0,554.0,73.6,79.0,70.7,0.0,0.0,0.0,10.0,0.0,0.0,126.0,1.0,0.0,0.0,3,Victor Lindelöf,Defender,Aston Villa
37,2021/22,66,2353,0,2,6,47,0,0,0,4,0,0,4,471,449.0,76.3,66.0,59.3,0.0,0.0,0.0,102.0,2585.0,1.0,1.0,10.0,30.0,0.0,0.0,0.0,0.0,0.0,0.0,3.0,527.0,503.0,102.6,56.0,66.4,0.0,0.0,0.0,94.0,2.0,7.0,2291.0,3.0,0.0,60.0,4,Victor Lindelöf,Defender,Aston Villa
37,2022/23,57,1359,0,0,6,16,0,0,0,1,0,0,3,327,280.4,54.7,19.0,35.6,0.25,0.39,0.64,66.0,2353.0,0.0,2.0,6.0,47.0,0.0,0.0,0.0,4.0,0.0,0.0,4.0,471.0,449.0,76.3,66.0,59.3,0.0,0.0,0.0,51.5,1.0,3.5,1316.0,1.5,0.0,32.5,5,Victor Lindelöf,Defender,Aston Villa
37,2023/24,62,1328,1,1,5,16,0,0,0,2,0,0,7,291,263.8,125.9,105.0,49.6,0.69,0.43,1.12,57.0,1359.0,0.0,0.0,6.0,16.0,0.0,0.0,0.0,1.0,0.0,0.0,3.0,327.0,280.4,54.7,19.0,35.6,0.25,0.39,0.64,4.5,0.0,0.0,170.5,0.0,0.0,2.5,6,Victor Lindelöf,Defender,Aston Villa
37,2024/25,27,695,0,0,2,9,0,0,0,1,0,0,0,100,125.4,48.5,8.0,18.3,0.0,0.09,0.09,62.0,1328.0,1.0,1.0,5.0,16.0,0.0,0.0,0.0,2.0,0.0,0.0,7.0,291.0,263.8,125.9,105.0,49.6,0.69,0.43,1.12,28.0,0.0,1.5,523.0,3.0,0.0,5.5,7,Victor Lindelöf,Defender,Aston Villa
37,2025/26,29,942,0,1,1,15,0,0,0,0,0,0,0,124,167.8,36.6,22.0,22.7,0.28,0.1,0.38,27.0,695.0,0.0,0.0,2.0,9.0,0.0,0.0,0.0,1.0,0.0,0.0,0.0,100.0,125.4,48.5,8.0,18.3,0.0,0.09,0.09,45.5,1.0,2.0,925.5,3.5,0.0,13.0,8,Victor Lindelöf,Defender,Aston Villa
38,2024/25,8,316,0,0,0,5,0,0,0,0,0,0,0,26,45.6,68.4,7.0,12.0,0.04,0.49,0.53,,,,,,,,,,,,,,,,,,,,,,34.0,0.0,0.0,1028.0,2.0,0.0,14.0,0,Andrés García,Defender,Aston Villa
38,2025/26,5,83,0,0,0,3,0,0,0,0,0,0,0,12,17.8,3.2,2.0,2.3,0.0,0.01,0.01,8.0,316.0,0.0,0.0,0.0,5.0,0.0,0.0,0.0,0.0,0.0,0.0,0.0,26.0,45.6,68.4,7.0,12.0,0.04,0.49,0.53,21.5,0.0,0.0,671.5,1.0,0.0,10.0,1,Andrés García,Defender,Aston Villa
39,2024/25,5,121,0,0,0,4,0,0,0,0,0,0,0,11,22.8,7.2,0.0,3.0,0.0,0.02,0.02,,,,,,,,,,,,,,,,,,,,,,1.0,0.0,0.0,225.0,0.0,0.0,7.0,0,Kosta Nedeljkovic,Defender,Aston Villa
40,2023/24,35,636,3,1,2,13,0,0,0,3,0,0,0,114,177.8,118.4,150.0,44.5,1.35,0.33,1.68,,,,,,,,,,,,,,,,,,,,,,39.0,2.0,0.0,1107.0,2.0,0.0,20.0,0,Morgan Rogers,Midfielder,Chelsea
40,2024/25,161,3115,8,11,10,40,0,0,0,10,0,0,15,534,731.6,722.7,689.0,214.3,6.49,5.24,11.73,35.0,636.0,3.0,1.0,2.0,13.0,0.0,0.0,0.0,3.0,0.0,0.0,0.0,114.0,177.8,118.4,150.0,44.5,1.35,0.33,1.68,51.0,2.5,1.5,1947.0,2.5,0.0,49.5,1,Morgan Rogers,Midfielder,Chelsea
40,2025/26,169,3280,10,8,9,48,0,0,0,7,0,0,17,605,746.2,706.2,871.0,232.0,6.84,4.32,11.16,161.0,3115.0,8.0,11.0,10.0,40.0,0.0,0.0,0.0,10.0,0.0,0.0,15.0,534.0,731.6,722.7,689.0,214.3,6.49,5.24,11.73,63.0,3.0,3.0,2787.0,3.0,0.0,79.0,2,Morgan Rogers,Midfielder,Chelsea
41,2019/20,94,2458,1,7,3,54,0,0,0,6,1,0,12,464,711.6,1196.7,401.0,231.1,0.0,0.0,0.0,,,,,,,,,,,,,,,,,,,,,,160.0,8.0,10.0,2846.0,11.0,0.0,45.0,0,Emiliano Buendía Stati,Midfielder,Aston Villa
41,2021/22,107,1887,4,6,7,32,0,0,0,1,0,0,8,378,482.8,660.5,531.0,167.8,0.0,0.0,0.0,94.0,2458.0,1.0,7.0,3.0,54.0,0.0,0.0,0.0,6.0,1.0,0.0,12.0,464.0,711.6,1196.7,401.0,231.1,0.0,0.0,0.0,138.5,8.0,5.5,2742.0,7.0,0.0,56.5,1,Emiliano Buendía Stati,Midfielder,Aston Villa
41,2022/23,117,2404,5,3,11,34,0,0,0,0,0,0,8,370,441.6,559.9,582.0,158.5,6.32,3.95,10.27,107.0,1887.0,4.0,6.0,7.0,32.0,0.0,0.0,0.0,1.0,0.0,0.0,8.0,378.0,482.8,660.5,531.0,167.8,0.0,0.0,0.0,125.5,6.5,4.5,2672.5,4.5,0.0,61.5,2,Emiliano Buendía Stati,Midfielder,Aston Villa
41,2023/24,0,0,0,0,0,0,0,0,0,0,0,0,0,0,0.0,0.0,0.0,0.0,0.0,0.0,0.0,117.0,2404.0,5.0,3.0,11.0,34.0,0.0,0.0,0.0,0.0,0.0,0.0,8.0,370.0,441.6,559.9,582.0,158.5,6.32,3.95,10.27,113.0,4.0,5.5,2459.5,8.5,0.0,40.5,3,Emiliano Buendía Stati,Midfielder,Aston Villa
41,2024/25,11,89,0,0,0,2,0,0,0,1,0,0,0,37,16.4,23.2,16.0,5.2,0.65,0.03,0.68,0.0,0.0,0.0,0.0,0.0,0.0,0.0,0.0,0.0,0.0,0.0,0.0,0.0,0.0,0.0,0.0,0.0,0.0,0.0,0.0,0.0,86.5,2.0,3.0,2140.0,9.0,0.0,26.5,4,Emiliano Buendía Stati,Midfielder,Aston Villa
41,2025/26,102,1753,6,2,3,24,0,0,0,6,0,0,10,382,427.0,402.1,398.0,121.4,3.38,2.23,5.61,11.0,89.0,0.0,0.0,0.0,2.0,0.0,0.0,0.0,1.0,0.0,0.0,0.0,37.0,16.4,23.2,16.0,5.2,0.65,0.03,0.68,81.0,1.0,3.0,2068.0,7.0,0.0,27.0,5,Emiliano Buendía Stati,Midfielder,Aston Villa
42,2025/26,44,909,1,3,2,15,0,0,0,0,0,0,0,143,159.4,76.6,187.0,42.0,1.56,0.85,2.41,,,,,,,,,,,,,,,,,,,,,,99.0,2.0,1.5,1715.0,11.0,0.0,16.0,0,Evann Guessand,Midfielder,Crystal Palace
43,2018/19,63,1087,3,5,3,14,0,0,0,2,0,0,6,267,299.0,269.7,249.0,81.8,0.0,0.0,0.0,,,,,,,,,,,,,,,,,,,,,,115.5,5.0,5.5,2598.5,10.0,0.0,29.0,0,Youri Tielemans,Midfielder,Man Utd
43,2019/20,117,2823,3,6,12,35,0,0,0,2,0,0,5,531,566.6,805.4,502.0,187.6,0.0,0.0,0.0,63.0,1087.0,3.0,5.0,3.0,14.0,0.0,0.0,0.0,2.0,0.0,0.0,6.0,267.0,299.0,269.7,249.0,81.8,0.0,0.0,0.0,122.0,5.0,6.0,2597.0,14.0,0.0,24.0,1,Youri Tielemans,Midfielder,Man Utd
43,2020/21,133,3356,6,4,11,50,0,0,0,6,0,0,11,633,840.4,788.2,462.0,209.1,0.0,0.0,0.0,117.0,2823.0,3.0,6.0,12.0,35.0,0.0,0.0,0.0,2.0,0.0,0.0,5.0,531.0,566.6,805.4,502.0,187.6,0.0,0.0,0.0,0.0,0.0,0.0,0.0,0.0,0.0,0.0,2,Youri Tielemans,Midfielder,Man Utd
43,2021/22,120,2629,6,4,6,42,0,0,0,3,0,0,14,532,723.8,578.9,460.0,175.8,0.0,0.0,0.0,133.0,3356.0,6.0,4.0,11.0,50.0,0.0,0.0,0.0,6.0,0.0,0.0,11.0,633.0,840.4,788.2,462.0,209.1,0.0,0.0,0.0,0.0,0.0,0.0,0.0,0.0,0.0,0.0,3,Youri Tielemans,Midfielder,Man Utd
43,2022/23,86,2341,3,3,6,49,0,0,1,4,0,0,6,461,541.8,486.9,191.0,122.1,2.5,2.99,5.49,120.0,2629.0,6.0,4.0,6.0,42.0,0.0,0.0,0.0,3.0,0.0,0.0,14.0,532.0,723.8,578.9,460.0,175.8,0.0,0.0,0.0,6.5,0.5,0.0,60.5,0.5,0.0,0.5,4,Youri Tielemans,Midfielder,Man Utd
43,2023/24,77,1613,2,6,4,27,0,0,0,3,0,0,2,318,369.2,325.4,136.0,83.3,1.24,1.98,3.22,86.0,2341.0,3.0,3.0,6.0,49.0,0.0,0.0,1.0,4.0,0.0,0.0,6.0,461.0,541.8,486.9,191.0,122.1,2.5,2.99,5.49,31.5,1.0,1.0,645.0,3.0,0.0,7.5,5,Youri Tielemans,Midfielder,Man Utd
43,2024/25,121,3025,3,7,7,46,0,0,1,4,0,0,15,686,799.6,963.1,333.0,209.6,3.31,5.83,9.14,77.0,1613.0,2.0,6.0,4.0,27.0,0.0,0.0,0.0,3.0,0.0,0.0,2.0,318.0,369.2,325.4,136.0,83.3,1.24,1.98,3.22,45.0,1.0,1.5,1009.0,4.5,0.0,11.5,6,Youri Tielemans,Midfielder,Man Utd
43,2025/26,68,1857,0,4,4,27,0,0,0,0,0,0,3,417,432.0,513.6,184.0,113.1,1.14,3.26,4.4,121.0,3025.0,3.0,7.0,7.0,46.0,0.0,0.0,1.0,4.0,0.0,0.0,15.0,686.0,799.6,963.1,333.0,209.6,3.31,5.83,9.14,46.0,2.0,1.0,939.0,4.0,0.0,12.0,7,Youri Tielemans,Midfielder,Man Utd
44,2021/22,37,750,1,3,2,13,0,0,0,3,0,0,1,98,143.2,118.5,271.0,53.2,0.0,0.0,0.0,,,,,,,,,,,,,,,,,,,,,,6.0,0.0,0.0,172.0,1.0,0.0,1.0,0,Leon Bailey,Midfielder,Aston Villa
44,2022/23,100,1964,4,5,8,32,0,0,0,4,0,0,6,242,339.6,452.8,540.0,132.8,5.34,4.77,10.11,37.0,750.0,1.0,3.0,2.0,13.0,0.0,0.0,0.0,3.0,0.0,0.0,1.0,98.0,143.2,118.5,271.0,53.2,0.0,0.0,0.0,37.0,0.5,1.0,972.0,3.5,0.0,11.0,1,Leon Bailey,Midfielder,Aston Villa
44,2023/24,148,2063,10,11,5,32,0,0,0,5,0,0,11,482,663.2,707.1,623.0,199.1,6.29,7.17,13.46,100.0,1964.0,4.0,5.0,8.0,32.0,0.0,0.0,0.0,4.0,0.0,0.0,6.0,242.0,339.6,452.8,540.0,132.8,5.34,4.77,10.11,79.0,2.0,5.5,1465.0,4.5,0.0,16.5,2,Leon Bailey,Midfielder,Aston Villa
44,2024/25,47,1132,1,2,2,19,0,0,0,3,0,0,2,174,146.4,235.8,325.0,70.3,1.73,2.92,4.65,148.0,2063.0,10.0,11.0,5.0,32.0,0.0,0.0,0.0,5.0,0.0,0.0,11.0,482.0,663.2,707.1,623.0,199.1,6.29,7.17,13.46,64.5,2.0,5.5,844.5,2.0,0.0,9.5,3,Leon Bailey,Midfielder,Aston Villa
44,2025/26,21,450,0,2,0,9,0,0,0,1,0,0,0,69,71.2,160.4,69.0,30.1,0.5,1.46,1.96,47.0,1132.0,1.0,2.0,2.0,19.0,0.0,0.0,0.0,3.0,0.0,0.0,2.0,174.0,146.4,235.8,325.0,70.3,1.73,2.92,4.65,33.0,1.0,2.0,359.0,0.0,0.0,6.0,4,Leon Bailey,Midfielder,Aston Villa
45,2019/20,84,2312,3,3,6,41,0,0,0,3,0,0,4,321,458.6,503.3,499.0,145.9,0.0,0.0,0.0,,,,,,,,,,,,,,,,,,,,,,40.5,1.0,0.0,852.0,3.0,0.0,8.5,0,John McGinn,Midfielder,Aston Villa
45,2020/21,114,3330,3,7,14,46,0,0,0,12,0,0,2,492,579.0,600.5,361.0,154.1,0.0,0.0,0.0,84.0,2312.0,3.0,3.0,6.0,41.0,0.0,0.0,0.0,3.0,0.0,0.0,4.0,321.0,458.6,503.3,499.0,145.9,0.0,0.0,0.0,59.0,1.5,1.0,1346.0,4.5,0.0,18.0,1,John McGinn,Midfielder,Aston Villa
45,2021/22,110,3090,3,4,10,48,0,0,0,8,0,0,12,495,700.2,777.8,307.0,178.6,0.0,0.0,0.0,114.0,3330.0,3.0,7.0,14.0,46.0,0.0,0.0,0.0,12.0,0.0,0.0,2.0,492.0,579.0,600.5,361.0,154.1,0.0,0.0,0.0,66.0,1.0,2.0,1888.0,5.0,0.0,27.0,2,John McGinn,Midfielder,Aston Villa
45,2022/23,90,2692,1,5,10,31,0,0,0,7,0,0,3,354,382.0,353.6,347.0,108.3,2.4,3.33,5.73,110.0,3090.0,3.0,4.0,10.0,48.0,0.0,0.0,0.0,8.0,0.0,0.0,12.0,495.0,700.2,777.8,307.0,178.6,0.0,0.0,0.0,1.0,0.0,0.0,1.0,0.0,0.0,0.0,3,John McGinn,Midfielder,Aston Villa
45,2023/24,119,3000,6,5,7,54,0,0,0,9,1,0,9,502,640.4,690.7,360.0,169.4,5.01,4.99,10.0,90.0,2692.0,1.0,5.0,10.0,31.0,0.0,0.0,0.0,7.0,0.0,0.0,3.0,354.0,382.0,353.6,347.0,108.3,2.4,3.33,5.73,1.0,0.0,0.0,1.0,0.0,0.0,0.0,4,John McGinn,Midfielder,Aston Villa
45,2024/25,78,2217,1,4,8,34,0,0,0,7,0,0,1,360,277.2,500.6,263.0,103.7,3.1,2.7,5.8,119.0,3000.0,6.0,5.0,7.0,54.0,0.0,0.0,0.0,9.0,1.0,0.0,9.0,502.0,640.4,690.7,360.0,169.4,5.01,4.99,10.0,18.0,1.0,0.0,250.0,0.0,0.0,6.0,5,John McGinn,Midfielder,Aston Villa
45,2025/26,103,2136,5,4,8,28,0,0,0,5,0,0,6,443,459.8,605.3,309.0,137.3,3.0,4.11,7.11,78.0,2217.0,1.0,4.0,8.0,34.0,0.0,0.0,0.0,7.0,0.0,0.0,1.0,360.0,277.2,500.6,263.0,103.7,3.1,2.7,5.8,62.5,4.5,2.0,1174.5,4.0,0.0,19.5,6,John McGinn,Midfielder,Aston Villa
46,2010/11,0,0,0,0,0,0,0,0,0,0,0,0,0,0,0.0,0.0,0.0,0.0,0.0,0.0,0.0,,,,,,,,,,,,,,,,,,,,,,149.5,0.0,0.0,3285.0,10.0,134.5,50.5,0,Ross Barkley,Midfielder,Aston Villa
46,2011/12,7,216,0,0,0,2,0,0,0,0,0,0,0,0,0.0,0.0,0.0,0.0,0.0,0.0,0.0,0.0,0.0,0.0,0.0,0.0,0.0,0.0,0.0,0.0,0.0,0.0,0.0,0.0,0.0,0.0,0.0,0.0,0.0,0.0,0.0,0.0,78.5,0.0,0.0,1727.5,5.0,75.0,26.0,1,Ross Barkley,Midfielder,Aston Villa
46,2012/13,7,209,0,0,1,1,0,0,0,2,0,0,0,0,0.0,0.0,0.0,0.0,0.0,0.0,0.0,7.0,216.0,0.0,0.0,0.0,2.0,0.0,0.0,0.0,0.0,0.0,0.0,0.0,0.0,0.0,0.0,0.0,0.0,0.0,0.0,0.0,33.0,0.0,0.0,1007.5,2.0,35.5,15.5,2,Ross Barkley,Midfielder,Aston Villa
46,2013/14,112,2288,6,4,7,33,0,0,0,5,0,0,12,116,0.0,0.0,0.0,0.0,0.0,0.0,0.0,7.0,209.0,0.0,0.0,1.0,1.0,0.0,0.0,0.0,2.0,0.0,0.0,0.0,0.0,0.0,0.0,0.0,0.0,0.0,0.0,0.0,58.5,0.0,0.0,1752.0,4.0,65.0,31.0,3,Ross Barkley,Midfielder,Aston Villa
46,2014/15,75,1961,2,3,7,22,0,0,1,1,0,0,3,356,0.0,0.0,0.0,0.0,0.0,0.0,0.0,112.0,2288.0,6.0,4.0,7.0,33.0,0.0,0.0,0.0,5.0,0.0,0.0,12.0,116.0,0.0,0.0,0.0,0.0,0.0,0.0,0.0,29.5,0.0,0.0,897.0,2.0,33.5,17.5,4,Ross Barkley,Midfielder,Aston Villa
46,2015/16,158,3076,8,9,9,51,0,0,0,4,0,0,14,652,0.0,0.0,0.0,0.0,0.0,0.0,0.0,75.0,1961.0,2.0,3.0,7.0,22.0,0.0,0.0,1.0,1.0,0.0,0.0,3.0,356.0,0.0,0.0,0.0,0.0,0.0,0.0,0.0,0.0,0.0,0.0,0.0,0.0,0.0,0.0,5,Ross Barkley,Midfielder,Aston Villa
46,2016/17,144,2900,5,11,12,36,0,0,0,5,0,0,11,534,692.4,1237.6,973.0,290.3,0.0,0.0,0.0,158.0,3076.0,8.0,9.0,9.0,51.0,0.0,0.0,0.0,4.0,0.0,0.0,14.0,652.0,0.0,0.0,0.0,0.0,0.0,0.0,0.0,0.0,0.0,0.0,0.0,0.0,0.0,0.0,6,Ross Barkley,Midfielder,Aston Villa
46,2017/18,3,129,0,0,0,4,0,0,0,0,0,0,0,11,21.0,34.7,45.0,10.1,0.0,0.0,0.0,144.0,2900.0,5.0,11.0,12.0,36.0,0.0,0.0,0.0,5.0,0.0,0.0,11.0,534.0,692.4,1237.6,973.0,290.3,0.0,0.0,0.0,0.0,0.0,0.0,0.0,0.0,0.0,0.0,7,Ross Barkley,Midfielder,Aston Villa
46,2018/19,79,1231,3,5,7,13,0,0,0,1,0,0,5,300,324.0,349.0,429.0,110.0,0.0,0.0,0.0,3.0,129.0,0.0,0.0,0.0,4.0,0.0,0.0,0.0,0.0,0.0,0.0,0.0,11.0,21.0,34.7,45.0,10.1,0.0,0.0,0.0,0.0,0.0,0.0,0.0,0.0,0.0,0.0,8,Ross Barkley,Midfielder,Aston Villa
46,2019/20,61,1095,1,5,5,14,0,0,0,0,0,0,5,208,266.0,344.3,373.0,98.2,0.0,0.0,0.0,79.0,1231.0,3.0,5.0,7.0,13.0,0.0,0.0,0.0,1.0,0.0,0.0,5.0,300.0,324.0,349.0,429.0,110.0,0.0,0.0,0.0,0.0,0.0,0.0,0.0,0.0,0.0,0.0,9,Ross Barkley,Midfielder,Aston Villa
46,2020/21,76,1566,3,2,8,24,0,0,0,0,0,0,4,286,274.2,579.3,431.0,128.6,0.0,0.0,0.0,61.0,1095.0,1.0,5.0,5.0,14.0,0.0,0.0,0.0,0.0,0.0,0.0,5.0,208.0,266.0,344.3,373.0,98.2,0.0,0.0,0.0,18.0,0.0,0.0,840.0,2.0,0.0,12.0,10,Ross Barkley,Midfielder,Aston Villa
46,2021/22,14,174,1,0,1,2,0,0,0,0,0,0,1,43,61.4,117.7,87.0,26.7,0.0,0.0,0.0,76.0,1566.0,3.0,2.0,8.0,24.0,0.0,0.0,0.0,0.0,0.0,0.0,4.0,286.0,274.2,579.3,431.0,128.6,0.0,0.0,0.0,18.0,0.0,0.0,840.0,2.0,0.0,12.0,11,Ross Barkley,Midfielder,Aston Villa
46,2022/23,0,0,0,0,0,0,0,0,0,0,0,0,0,0,0.0,0.0,0.0,0.0,0.0,0.0,0.0,14.0,174.0,1.0,0.0,1.0,2.0,0.0,0.0,0.0,0.0,0.0,0.0,1.0,43.0,61.4,117.7,87.0,26.7,0.0,0.0,0.0,68.0,2.0,0.0,2119.0,4.0,0.0,36.0,12,Ross Barkley,Midfielder,Aston Villa
46,2023/24,101,2616,5,5,2,66,0,0,0,6,0,0,4,498,687.4,622.8,379.0,168.7,3.91,2.73,6.64,0.0,0.0,0.0,0.0,0.0,0.0,0.0,0.0,0.0,0.0,0.0,0.0,0.0,0.0,0.0,0.0,0.0,0.0,0.0,0.0,0.0,68.0,2.0,0.0,2119.0,4.0,0.0,36.0,13,Ross Barkley,Midfielder,Aston Villa
46,2024/25,44,567,3,1,1,10,0,0,0,3,0,0,5,166,215.4,128.1,206.0,54.8,1.79,0.43,2.22,101.0,2616.0,5.0,5.0,2.0,66.0,0.0,0.0,0.0,6.0,0.0,0.0,4.0,498.0,687.4,622.8,379.0,168.7,3.91,2.73,6.64,27.0,0.0,2.0,1009.0,1.0,0.0,18.0,14,Ross Barkley,Midfielder,Aston Villa
46,2025/26,56,844,3,2,1,15,0,0,0,1,0,0,5,221,227.8,162.3,191.0,58.1,1.58,1.26,2.84,44.0,567.0,3.0,1.0,1.0,10.0,0.0,0.0,0.0,3.0,0.0,0.0,5.0,166.0,215.4,128.1,206.0,54.8,1.79,0.43,2.22,15.5,0.0,1.0,537.0,0.5,0.0,9.5,15,Ross Barkley,Midfielder,Aston Villa
47,2022/23,44,1773,0,1,3,30,0,0,0,4,0,0,0,235,288.2,124.7,43.0,45.7,0.15,0.92,1.07,,,,,,,,,,,,,,,,,,,,,,46.5,0.0,1.5,737.5,5.5,0.0,4.0,0,Boubacar Kamara,Midfielder,Aston Villa
47,2023/24,40,1653,0,1,7,22,0,0,0,7,1,0,1,247,256.2,292.7,44.0,59.1,0.13,1.39,1.52,44.0,1773.0,0.0,1.0,3.0,30.0,0.0,0.0,0.0,4.0,0.0,0.0,0.0,235.0,288.2,124.7,43.0,45.7,0.15,0.92,1.07,69.5,0.5,2.5,1689.0,6.5,0.0,20.5,1,Boubacar Kamara,Midfielder,Aston Villa
47,2024/25,57,1720,1,0,6,22,0,0,0,2,0,0,3,296,326.6,191.0,83.0,60.2,0.82,0.83,1.65,40.0,1653.0,0.0,1.0,7.0,22.0,0.0,0.0,0.0,7.0,1.0,0.0,1.0,247.0,256.2,292.7,44.0,59.1,0.13,1.39,1.52,79.0,0.5,2.5,2160.5,7.0,0.0,27.0,2,Boubacar Kamara,Midfielder,Aston Villa
47,2025/26,61,1410,1,3,5,15,0,0,0,5,0,0,7,282,325.0,241.3,75.0,64.2,0.53,0.84,1.36,57.0,1720.0,1.0,0.0,6.0,22.0,0.0,0.0,0.0,2.0,0.0,0.0,3.0,296.0,326.6,191.0,83.0,60.2,0.82,0.83,1.65,95.5,0.5,2.5,2191.5,9.0,0.0,24.0,3,Boubacar Kamara,Midfielder,Aston Villa
48,2022/23,77,2486,1,3,9,37,0,0,0,9,0,0,2,300,358.2,316.6,287.0,96.0,2.95,1.66,4.61,,,,,,,,,,,,,,,,,,,,,,39.0,2.0,0.0,961.0,5.0,0.0,12.0,0,Amadou Onana,Midfielder,Aston Villa
48,2023/24,66,2085,2,0,5,38,0,0,0,5,0,0,5,304,354.0,282.7,254.0,89.5,2.22,1.39,3.61,77.0,2486.0,1.0,3.0,9.0,37.0,0.0,0.0,0.0,9.0,0.0,0.0,2.0,300.0,358.2,316.6,287.0,96.0,2.95,1.66,4.61,87.0,7.0,3.5,1699.5,5.5,0.0,29.0,1,Amadou Onana,Midfielder,Aston Villa
48,2024/25,65,1613,3,0,6,23,0,0,0,4,0,0,5,324,358.0,194.8,215.0,77.0,2.12,0.84,2.96,66.0,2085.0,2.0,0.0,5.0,38.0,0.0,0.0,0.0,5.0,0.0,0.0,5.0,304.0,354.0,282.7,254.0,89.5,2.22,1.39,3.61,156.5,13.5,7.0,2517.0,6.5,0.0,50.0,2,Amadou Onana,Midfielder,Aston Villa
48,2025/26,76,1755,2,0,6,26,0,0,0,3,0,0,4,353,413.2,152.6,178.0,74.4,1.68,0.69,2.37,65.0,1613.0,3.0,0.0,6.0,23.0,0.0,0.0,0.0,4.0,0.0,0.0,5.0,324.0,358.0,194.8,215.0,77.0,2.12,0.84,2.96,178.0,15.0,7.0,2596.0,7.0,0.0,54.0,3,Amadou Onana,Midfielder,Aston Villa
49,2024/25,0,0,0,0,0,0,0,0,0,0,0,0,0,0,0.0,0.0,0.0,0.0,0.0,0.0,0.0,,,,,,,,,,,,,,,,,,,,,,76.0,0.0,0.0,1557.0,5.5,56.5,17.5,0,Samuel Iling-Junior,Midfielder,Aston Villa
49,2025/26,0,0,0,0,0,0,0,0,0,0,0,0,0,0,0.0,0.0,0.0,0.0,0.0,0.0,0.0,0.0,0.0,0.0,0.0,0.0,0.0,0.0,0.0,0.0,0.0,0.0,0.0,0.0,0.0,0.0,0.0,0.0,0.0,0.0,0.0,0.0,76.0,0.0,0.0,1557.0,5.5,56.5,17.5,1,Samuel Iling-Junior,Midfielder,Aston Villa
50,2025/26,1,16,0,0,0,1,0,0,0,0,0,0,0,3,0.0,0.3,0.0,0.0,0.0,0.0,0.0,,,,,,,,,,,,,,,,,,,,,,87.0,4.5,3.0,1879.0,8.0,0.0,19.0,0,Bradley Burrowes,Midfielder,Aston Villa
51,2025/26,2,25,0,0,0,0,0,0,0,0,0,0,0,5,0.0,1.7,2.0,0.3,0.04,0.01,0.05,,,,,,,,,,,,,,,,,,,,,,3.5,0.0,0.0,72.0,0.5,0.0,1.5,0,George Hemmings,Midfielder,Aston Villa
52,2025/26,3,47,0,0,0,2,0,0,0,0,0,0,0,11,3.2,3.5,10.0,1.5,0.05,0.05,0.1,,,,,,,,,,,,,,,,,,,,,,58.0,0.0,2.0,2790.0,3.0,0.0,56.0,0,Alysson Edward Franco da Rocha dos Santos,Midfielder,Aston Villa
54,2022/23,21,649,1,0,2,18,0,0,0,5,0,0,2,84,139.8,74.3,46.0,25.8,0.3,0.11,0.41,,,,,,,,,,,,,,,,,,,,,,20.0,0.0,1.0,584.0,2.0,0.0,6.0,0,Joao Gomes,Midfielder,Aston Villa
54,2023/24,75,2646,2,2,4,51,0,0,0,11,0,0,3,359,493.2,372.3,196.0,106.1,1.82,1.76,3.58,21.0,649.0,1.0,0.0,2.0,18.0,0.0,0.0,0.0,5.0,0.0,0.0,2.0,84.0,139.8,74.3,46.0,25.8,0.3,0.11,0.41,53.0,0.0,3.0,1833.0,5.0,0.0,36.0,1,Joao Gomes,Midfielder,Aston Villa
54,2024/25,87,2975,3,1,6,59,0,0,0,9,1,0,7,489,513.4,428.9,231.0,117.3,2.94,2.61,5.55,75.0,2646.0,2.0,2.0,4.0,51.0,0.0,0.0,0.0,11.0,0.0,0.0,3.0,359.0,493.2,372.3,196.0,106.1,1.82,1.76,3.58,56.0,0.5,2.0,1906.0,3.0,0.0,37.0,2,Joao Gomes,Midfielder,Aston Villa
54,2025/26,107,2829,1,2,4,56,0,0,0,10,0,0,6,529,486.6,353.4,176.0,102.0,1.29,2.09,3.38,87.0,2975.0,3.0,1.0,6.0,59.0,0.0,0.0,0.0,9.0,1.0,0.0,7.0,489.0,513.4,428.9,231.0,117.3,2.94,2.61,5.55,63.0,1.5,1.5,1940.0,3.5,0.0,32.5,3,Joao Gomes,Midfielder,Aston Villa
55,2020/21,168,3328,14,9,14,46,0,0,1,2,1,0,18,531,815.4,610.4,1721.0,314.0,0.0,0.0,0.0,,,,,,,,,,,,,,,,,,,,,,1.0,0.0,0.0,90.0,0.0,2.0,2.0,0,Ollie Watkins,Forward,Aston Villa
55,2021/22,131,2950,11,3,10,48,0,0,0,7,0,0,17,441,613.8,469.6,1345.0,242.9,0.0,0.0,0.0,168.0,3328.0,14.0,9.0,14.0,46.0,0.0,0.0,1.0,2.0,1.0,0.0,18.0,531.0,815.4,610.4,1721.0,314.0,0.0,0.0,0.0,17.0,0.0,0.0,540.0,1.0,24.0,11.0,1,Ollie Watkins,Forward,Aston Villa
55,2022/23,175,3129,15,8,13,40,0,0,1,4,0,0,25,550,837.6,420.3,1308.0,256.7,16.15,2.66,18.81,131.0,2950.0,11.0,3.0,10.0,48.0,0.0,0.0,0.0,7.0,0.0,0.0,17.0,441.0,613.8,469.6,1345.0,242.9,0.0,0.0,0.0,17.0,0.0,0.0,540.0,1.0,24.0,11.0,2,Ollie Watkins,Forward,Aston Villa
55,2023/24,228,3222,19,18,7,56,0,0,0,4,0,0,29,752,1024.6,588.5,1420.0,302.8,16.74,4.02,20.76,175.0,3129.0,15.0,8.0,13.0,40.0,0.0,0.0,1.0,4.0,0.0,0.0,25.0,550.0,837.6,420.3,1308.0,256.7,16.15,2.66,18.81,53.0,0.0,0.0,1080.0,4.0,26.0,11.0,3,Ollie Watkins,Forward,Aston Villa
55,2024/25,186,2593,16,8,10,40,0,0,0,2,0,0,32,631,766.0,345.2,1148.0,223.8,15.12,2.07,17.19,228.0,3222.0,19.0,18.0,7.0,56.0,0.0,0.0,0.0,4.0,0.0,0.0,29.0,752.0,1024.6,588.5,1420.0,302.8,16.74,4.02,20.76,92.0,0.0,0.0,2250.0,7.5,61.0,29.5,4,Ollie Watkins,Forward,Aston Villa
55,2025/26,167,2833,16,4,9,38,0,0,0,4,0,0,26,623,720.2,330.9,1206.0,225.2,15.4,1.18,16.58,186.0,2593.0,16.0,8.0,10.0,40.0,0.0,0.0,0.0,2.0,0.0,0.0,32.0,631.0,766.0,345.2,1148.0,223.8,15.12,2.07,17.19,137.0,0.0,0.0,3420.0,11.0,117.5,53.0,5,Ollie Watkins,Forward,Aston Villa
56,2015/16,2,55,0,0,0,2,0,0,0,0,0,0,0,-3,0.0,0.0,0.0,0.0,0.0,0.0,0.0,,,,,,,,,,,,,,,,,,,,,,59.0,0.5,2.0,2131.0,4.0,0.0,43.0,0,Tammy Abraham,Forward,Aston Villa
56,2017/18,86,1715,5,3,4,31,0,0,0,0,0,0,11,238,269.2,182.6,693.0,114.2,0.0,0.0,0.0,2.0,55.0,0.0,0.0,0.0,2.0,0.0,0.0,0.0,0.0,0.0,0.0,0.0,-3.0,0.0,0.0,0.0,0.0,0.0,0.0,0.0,92.0,1.0,3.5,2338.0,7.5,0.0,38.5,1,Tammy Abraham,Forward,Aston Villa
56,2018/19,0,0,0,0,0,0,0,0,0,0,0,0,0,0,0.0,0.0,0.0,0.0,0.0,0.0,0.0,86.0,1715.0,5.0,3.0,4.0,31.0,0.0,0.0,0.0,0.0,0.0,0.0,11.0,238.0,269.2,182.6,693.0,114.2,0.0,0.0,0.0,162.0,0.5,8.5,2578.0,15.5,0.0,19.0,2,Tammy Abraham,Forward,Aston Villa
56,2019/20,153,2206,15,6,7,34,1,0,0,2,0,0,20,461,659.6,283.2,1301.0,223.3,0.0,0.0,0.0,0.0,0.0,0.0,0.0,0.0,0.0,0.0,0.0,0.0,0.0,0.0,0.0,0.0,0.0,0.0,0.0,0.0,0.0,0.0,0.0,0.0,197.0,1.0,12.0,3163.5,17.0,0.0,25.5,3,Tammy Abraham,Forward,Aston Villa
56,2020/21,69,1031,6,2,5,12,0,0,0,0,0,0,8,224,277.2,121.6,483.0,86.6,0.0,0.0,0.0,153.0,2206.0,15.0,6.0,7.0,34.0,1.0,0.0,0.0,2.0,0.0,0.0,20.0,461.0,659.6,283.2,1301.0,223.3,0.0,0.0,0.0,171.0,1.5,10.0,3247.5,12.5,0.0,36.5,4,Tammy Abraham,Forward,Aston Villa
56,2021/22,0,0,0,0,0,0,0,0,0,0,0,0,0,0,0.0,0.0,0.0,0.0,0.0,0.0,0.0,69.0,1031.0,6.0,2.0,5.0,12.0,0.0,0.0,0.0,0.0,0.0,0.0,8.0,224.0,277.2,121.6,483.0,86.6,0.0,0.0,0.0,173.5,2.0,9.5,2960.5,14.5,0.0,31.0,5,Tammy Abraham,Forward,Aston Villa
56,2025/26,23,278,2,0,0,8,0,0,0,0,0,0,2,93,87.2,49.2,136.0,27.1,2.05,0.36,2.41,0.0,0.0,0.0,0.0,0.0,0.0,0.0,0.0,0.0,0.0,0.0,0.0,0.0,0.0,0.0,0.0,0.0,0.0,0.0,0.0,0.0,153.5,1.5,9.5,2558.0,13.0,0.0,27.0,6,Tammy Abraham,Forward,Aston Villa
57,2023/24,71,1986,0,0,5,38,0,0,0,2,0,75,5,414,567.8,0.0,0.0,56.8,0.0,0.0,0.0,,,,,,,,,,,,,,,,,,,,,,25.5,0.5,1.0,895.0,1.5,0.0,19.5,0,Đorđe Petrović,Goalkeeper,Bournemouth
57,2024/25,0,0,0,0,0,0,0,0,0,0,0,0,0,0,0.0,0.0,0.0,0.0,0.0,0.0,0.0,71.0,1986.0,0.0,0.0,5.0,38.0,0.0,0.0,0.0,2.0,0.0,75.0,5.0,414.0,567.8,0.0,0.0,56.8,0.0,0.0,0.0,51.0,1.0,2.0,1790.0,3.0,0.0,39.0,1,Đorđe Petrović,Goalkeeper,Bournemouth
57,2025/26,124,3420,0,0,11,54,1,0,0,3,0,109,5,512,822.6,0.0,0.0,82.4,0.0,0.0,0.0,0.0,0.0,0.0,0.0,0.0,0.0,0.0,0.0,0.0,0.0,0.0,0.0,0.0,0.0,0.0,0.0,0.0,0.0,0.0,0.0,0.0,79.0,2.0,3.0,2391.0,5.0,0.0,43.0,2,Đorđe Petrović,Goalkeeper,Bournemouth
58,2007/08,0,0,0,0,0,0,0,0,0,0,0,0,0,0,0.0,0.0,0.0,0.0,0.0,0.0,0.0,,,,,,,,,,,,,,,,,,,,,,71.0,0.5,2.5,1515.0,6.5,0.0,14.5,0,Fraser Forster,Goalkeeper,Bournemouth
58,2008/09,0,0,0,0,0,0,0,0,0,0,0,0,0,0,0.0,0.0,0.0,0.0,0.0,0.0,0.0,0.0,0.0,0.0,0.0,0.0,0.0,0.0,0.0,0.0,0.0,0.0,0.0,0.0,0.0,0.0,0.0,0.0,0.0,0.0,0.0,0.0,116.5,1.5,5.0,2031.0,10.0,0.0,16.5,1,Fraser Forster,Goalkeeper,Bournemouth
58,2011/12,0,0,0,0,0,0,0,0,0,0,0,0,0,0,0.0,0.0,0.0,0.0,0.0,0.0,0.0,0.0,0.0,0.0,0.0,0.0,0.0,0.0,0.0,0.0,0.0,0.0,0.0,0.0,0.0,0.0,0.0,0.0,0.0,0.0,0.0,0.0,104.5,1.0,3.5,2080.0,9.0,0.0,23.0,2,Fraser Forster,Goalkeeper,Bournemouth
58,2014/15,118,2623,0,0,13,21,0,0,0,1,0,61,0,442,0.0,0.0,0.0,0.0,0.0,0.0,0.0,0.0,0.0,0.0,0.0,0.0,0.0,0.0,0.0,0.0,0.0,0.0,0.0,0.0,0.0,0.0,0.0,0.0,0.0,0.0,0.0,0.0,53.5,0.0,0.0,1633.5,5.0,0.0,22.5,3,Fraser Forster,Goalkeeper,Bournemouth
58,2015/16,68,1620,0,0,6,17,0,0,0,0,0,52,3,310,0.0,0.0,0.0,0.0,0.0,0.0,0.0,118.0,2623.0,0.0,0.0,13.0,21.0,0.0,0.0,0.0,1.0,0.0,61.0,0.0,442.0,0.0,0.0,0.0,0.0,0.0,0.0,0.0,46.5,0.0,1.0,1385.0,4.0,0.0,17.5,4,Fraser Forster,Goalkeeper,Bournemouth
58,2016/17,134,3420,0,0,14,48,0,1,0,3,0,76,4,625,553.6,10.0,0.0,56.4,0.0,0.0,0.0,68.0,1620.0,0.0,0.0,6.0,17.0,0.0,0.0,0.0,0.0,0.0,52.0,3.0,310.0,0.0,0.0,0.0,0.0,0.0,0.0,0.0,78.5,0.5,2.0,1938.5,8.0,0.0,23.0,5,Fraser Forster,Goalkeeper,Bournemouth
58,2017/18,73,1800,0,0,4,30,0,1,0,0,0,69,6,351,488.2,0.0,0.0,48.9,0.0,0.0,0.0,134.0,3420.0,0.0,0.0,14.0,48.0,0.0,1.0,0.0,3.0,0.0,76.0,4.0,625.0,553.6,10.0,0.0,56.4,0.0,0.0,0.0,102.0,1.5,2.5,2410.5,10.5,0.0,31.5,6,Fraser Forster,Goalkeeper,Bournemouth
58,2018/19,2,90,0,0,0,3,0,0,0,0,0,3,0,13,22.2,0.0,0.0,2.2,0.0,0.0,0.0,73.0,1800.0,0.0,0.0,4.0,30.0,0.0,1.0,0.0,0.0,0.0,69.0,6.0,351.0,488.2,0.0,0.0,48.9,0.0,0.0,0.0,66.5,1.5,2.5,1684.5,5.0,0.0,27.0,7,Fraser Forster,Goalkeeper,Bournemouth
58,2019/20,0,0,0,0,0,0,0,0,0,0,0,0,0,0,0.0,0.0,0.0,0.0,0.0,0.0,0.0,2.0,90.0,0.0,0.0,0.0,3.0,0.0,0.0,0.0,0.0,0.0,3.0,0.0,13.0,22.2,0.0,0.0,2.2,0.0,0.0,0.0,31.0,0.5,1.0,1207.0,2.0,0.0,23.5,8,Fraser Forster,Goalkeeper,Bournemouth
58,2020/21,30,720,0,0,2,11,0,1,0,0,0,20,0,147,191.0,0.0,0.0,19.1,0.0,0.0,0.0,0.0,0.0,0.0,0.0,0.0,0.0,0.0,0.0,0.0,0.0,0.0,0.0,0.0,0.0,0.0,0.0,0.0,0.0,0.0,0.0,0.0,28.0,0.0,0.0,1329.0,3.0,0.0,26.0,9,Fraser Forster,Goalkeeper,Bournemouth
58,2021/22,57,1710,0,0,3,35,0,0,0,1,0,68,6,330,559.8,0.0,0.0,56.2,0.0,0.0,0.0,30.0,720.0,0.0,0.0,2.0,11.0,0.0,1.0,0.0,0.0,0.0,20.0,0.0,147.0,191.0,0.0,0.0,19.1,0.0,0.0,0.0,,,,,,,,10,Fraser Forster,Goalkeeper,Bournemouth
58,2022/23,40,1215,0,0,3,24,0,1,0,1,0,32,1,222,267.8,0.0,0.0,26.9,0.0,0.0,0.0,57.0,1710.0,0.0,0.0,3.0,35.0,0.0,0.0,0.0,1.0,0.0,68.0,6.0,330.0,559.8,0.0,0.0,56.2,0.0,0.0,0.0,,,,,,,,11,Fraser Forster,Goalkeeper,Bournemouth
58,2023/24,0,0,0,0,0,0,0,0,0,0,0,0,0,0,0.0,0.0,0.0,0.0,0.0,0.0,0.0,40.0,1215.0,0.0,0.0,3.0,24.0,0.0,1.0,0.0,1.0,0.0,32.0,1.0,222.0,267.8,0.0,0.0,26.9,0.0,0.0,0.0,,,,,,,,12,Fraser Forster,Goalkeeper,Bournemouth
58,2024/25,19,630,0,0,1,15,0,0,0,0,0,29,0,64,221.0,0.0,0.0,22.2,0.0,0.0,0.0,0.0,0.0,0.0,0.0,0.0,0.0,0.0,0.0,0.0,0.0,0.0,0.0,0.0,0.0,0.0,0.0,0.0,0.0,0.0,0.0,0.0,137.0,8.0,9.0,2485.0,3.0,0.0,61.0,13,Fraser Forster,Goalkeeper,Bournemouth
58,2025/26,0,0,0,0,0,0,0,0,0,0,0,0,0,0,0.0,0.0,0.0,0.0,0.0,0.0,0.0,19.0,630.0,0.0,0.0,1.0,15.0,0.0,0.0,0.0,0.0,0.0,29.0,0.0,64.0,221.0,0.0,0.0,22.2,0.0,0.0,0.0,121.5,6.5,6.5,2537.0,5.0,0.0,53.5,14,Fraser Forster,Goalkeeper,Bournemouth
59,2022/23,0,0,0,0,0,0,0,0,0,0,0,0,0,0,0.0,0.0,0.0,0.0,0.0,0.0,0.0,,,,,,,,,,,,,,,,,,,,,,137.0,7.0,7.0,2831.0,8.0,0.0,44.0,0,Will Dennis,Goalkeeper,Bournemouth
59,2024/25,0,0,0,0,0,0,0,0,0,0,0,0,0,0,0.0,0.0,0.0,0.0,0.0,0.0,0.0,0.0,0.0,0.0,0.0,0.0,0.0,0.0,0.0,0.0,0.0,0.0,0.0,0.0,0.0,0.0,0.0,0.0,0.0,0.0,0.0,0.0,131.0,6.5,6.0,2727.5,9.0,0.0,35.0,1,Will Dennis,Goalkeeper,Bournemouth
59,2025/26,0,0,0,0,0,0,0,0,0,0,0,0,0,0,0.0,0.0,0.0,0.0,0.0,0.0,0.0,0.0,0.0,0.0,0.0,0.0,0.0,0.0,0.0,0.0,0.0,0.0,0.0,0.0,0.0,0.0,0.0,0.0,0.0,0.0,0.0,0.0,129.0,7.0,6.0,2358.5,10.0,0.0,27.0,2,Will Dennis,Goalkeeper,Bournemouth
60,2022/23,0,0,0,0,0,0,0,0,0,0,0,0,0,0,0.0,0.0,0.0,0.0,0.0,0.0,0.0,,,,,,,,,,,,,,,,,,,,,,49.0,2.0,0.0,1640.0,3.0,0.0,26.0,0,James Hill,Defender,Bournemouth
60,2023/24,5,74,0,0,0,1,0,0,0,0,0,0,0,22,32.6,2.2,0.0,3.5,0.0,0.01,0.01,0.0,0.0,0.0,0.0,0.0,0.0,0.0,0.0,0.0,0.0,0.0,0.0,0.0,0.0,0.0,0.0,0.0,0.0,0.0,0.0,0.0,82.0,3.0,4.0,2095.0,2.0,0.0,48.0,1,James Hill,Defender,Bournemouth
60,2024/25,17,443,0,1,1,9,0,0,0,1,0,0,0,55,97.0,38.4,29.0,16.6,0.29,0.25,0.54,5.0,74.0,0.0,0.0,0.0,1.0,0.0,0.0,0.0,0.0,0.0,0.0,0.0,22.0,32.6,2.2,0.0,3.5,0.0,0.01,0.01,58.0,2.0,2.0,1469.0,1.5,0.0,34.0,2,James Hill,Defender,Bournemouth
60,2025/26,110,2102,0,3,8,24,2,0,0,5,0,0,4,386,579.4,161.7,119.0,86.3,0.89,1.16,2.04,17.0,443.0,0.0,1.0,1.0,9.0,0.0,0.0,0.0,1.0,0.0,0.0,0.0,55.0,97.0,38.4,29.0,16.6,0.29,0.25,0.54,34.0,1.0,0.0,843.0,1.0,0.0,20.0,3,James Hill,Defender,Bournemouth
61,2025/26,165,3378,1,6,11,51,0,0,0,5,0,0,19,607,857.0,574.2,194.0,162.6,1.35,3.07,4.42,,,,,,,,,,,,,,,,,,,,,,14.0,0.0,1.0,211.0,0.0,0.0,11.0,0,Adrien Truffert,Defender,Bournemouth
62,2025/26,46,1275,0,0,4,27,0,0,0,1,0,0,2,164,267.0,54.3,22.0,34.4,0.02,0.19,0.21,,,,,,,,,,,,,,,,,,,,,,50.0,1.5,2.0,1137.0,4.5,0.0,19.0,0,Bafodé Diakité,Defender,Bournemouth
63,2025/26,19,367,0,0,1,6,0,0,0,0,0,0,0,63,98.4,13.9,10.0,12.2,0.15,0.19,0.34,,,,,,,,,,,,,,,,,,,,,,78.5,3.0,2.5,1982.0,5.5,0.0,32.5,0,Veljko Milosavljevic,Defender,Bournemouth
64,2011/12,1,15,0,0,0,0,0,0,0,0,0,0,0,0,0.0,0.0,0.0,0.0,0.0,0.0,0.0,,,,,,,,,,,,,,,,,,,,,,71.0,3.0,2.0,1901.0,2.0,0.0,38.0,0,Adam Smith,Defender,Bournemouth
64,2012/13,0,0,0,0,0,0,0,0,0,0,0,0,0,0,0.0,0.0,0.0,0.0,0.0,0.0,0.0,1.0,15.0,0.0,0.0,0.0,0.0,0.0,0.0,0.0,0.0,0.0,0.0,0.0,0.0,0.0,0.0,0.0,0.0,0.0,0.0,0.0,71.0,2.0,2.0,2530.0,5.0,0.0,48.0,1,Adam Smith,Defender,Bournemouth
64,2015/16,84,2100,2,0,6,35,0,0,0,5,0,0,11,495,0.0,0.0,0.0,0.0,0.0,0.0,0.0,0.0,0.0,0.0,0.0,0.0,0.0,0.0,0.0,0.0,0.0,0.0,0.0,0.0,0.0,0.0,0.0,0.0,0.0,0.0,0.0,0.0,105.5,5.0,4.0,2686.5,8.0,0.0,43.0,2,Adam Smith,Defender,Bournemouth
64,2016/17,104,3101,1,5,8,61,1,0,0,6,0,0,12,645,566.6,509.8,242.0,132.1,0.0,0.0,0.0,84.0,2100.0,2.0,0.0,6.0,35.0,0.0,0.0,0.0,5.0,0.0,0.0,11.0,495.0,0.0,0.0,0.0,0.0,0.0,0.0,0.0,103.0,5.5,3.5,2225.5,7.5,0.0,30.5,3,Adam Smith,Defender,Bournemouth
64,2017/18,56,2067,1,3,2,38,0,0,0,6,0,0,3,376,455.0,345.5,144.0,94.5,0.0,0.0,0.0,104.0,3101.0,1.0,5.0,8.0,61.0,1.0,0.0,0.0,6.0,0.0,0.0,12.0,645.0,566.6,509.8,242.0,132.1,0.0,0.0,0.0,97.5,4.0,4.5,2368.5,6.0,0.0,39.5,4,Adam Smith,Defender,Bournemouth
64,2018/19,70,2067,1,1,8,33,0,0,0,5,1,0,1,383,374.0,199.8,110.0,68.5,0.0,0.0,0.0,56.0,2067.0,1.0,3.0,2.0,38.0,0.0,0.0,0.0,6.0,0.0,0.0,3.0,376.0,455.0,345.5,144.0,94.5,0.0,0.0,0.0,64.5,2.5,4.0,1564.5,4.0,0.0,28.0,5,Adam Smith,Defender,Bournemouth
64,2019/20,49,2055,0,1,4,40,0,0,0,7,0,0,3,309,309.6,183.0,97.0,58.8,0.0,0.0,0.0,70.0,2067.0,1.0,1.0,8.0,33.0,0.0,0.0,0.0,5.0,1.0,0.0,1.0,383.0,374.0,199.8,110.0,68.5,0.0,0.0,0.0,0.0,0.0,0.0,0.0,0.0,0.0,0.0,6,Adam Smith,Defender,Bournemouth
64,2022/23,74,2940,0,1,7,58,0,0,0,11,0,0,5,400,416.6,276.9,88.0,78.3,0.5,1.57,2.07,49.0,2055.0,0.0,1.0,4.0,40.0,0.0,0.0,0.0,7.0,0.0,0.0,3.0,309.0,309.6,183.0,97.0,58.8,0.0,0.0,0.0,44.0,0.0,2.0,1200.0,3.0,0.0,25.0,7,Adam Smith,Defender,Bournemouth
64,2023/24,80,2148,0,3,8,33,0,0,0,6,0,0,4,378,336.4,296.5,27.0,66.1,0.05,1.5,1.55,74.0,2940.0,0.0,1.0,7.0,58.0,0.0,0.0,0.0,11.0,0.0,0.0,5.0,400.0,416.6,276.9,88.0,78.3,0.5,1.57,2.07,44.0,0.0,2.0,1200.0,3.0,0.0,25.0,8,Adam Smith,Defender,Bournemouth
64,2024/25,57,1586,0,0,6,18,0,0,0,7,0,0,0,161,181.8,147.2,24.0,35.0,0.65,0.68,1.33,80.0,2148.0,0.0,3.0,8.0,33.0,0.0,0.0,0.0,6.0,0.0,0.0,4.0,378.0,336.4,296.5,27.0,66.1,0.05,1.5,1.55,99.0,5.0,9.0,1259.0,9.0,0.0,11.0,9,Adam Smith,Defender,Bournemouth
64,2025/26,58,1073,0,2,6,16,0,0,0,3,0,0,4,185,176.2,76.6,18.0,27.1,0.0,0.23,0.23,57.0,1586.0,0.0,0.0,6.0,18.0,0.0,0.0,0.0,7.0,0.0,0.0,0.0,161.0,181.8,147.2,24.0,35.0,0.65,0.68,1.33,97.5,3.5,8.0,1660.5,8.5,0.0,25.5,10,Adam Smith,Defender,Bournemouth
65,2024/25,12,492,0,0,0,10,0,0,0,2,0,0,0,20,56.8,30.6,4.0,9.2,0.0,0.1,0.1,,,,,,,,,,,,,,,,,,,,,,113.0,5.0,5.0,2410.5,8.0,0.0,43.0,0,Julián Araujo Zúñiga,Defender,Bournemouth
65,2025/26,0,0,0,0,0,0,0,0,0,0,0,0,0,0,0.0,0.0,0.0,0.0,0.0,0.0,0.0,12.0,492.0,0.0,0.0,0.0,10.0,0.0,0.0,0.0,2.0,0.0,0.0,0.0,20.0,56.8,30.6,4.0,9.2,0.0,0.1,0.1,123.5,7.5,3.5,2572.5,7.0,0.0,43.5,1,Julián Araujo Zúñiga,Defender,Bournemouth
66,2024/25,3,9,0,0,0,1,0,0,0,0,0,0,0,8,2.2,1.8,0.0,0.4,0.0,0.0,0.0,,,,,,,,,,,,,,,,,,,,,,117.0,7.0,4.0,2386.0,6.0,0.0,41.0,0,Julio Soler Barreto,Defender,Bournemouth
66,2025/26,3,34,0,0,0,2,0,0,0,0,0,0,0,2,1.8,2.5,2.0,0.6,0.0,0.0,0.0,3.0,9.0,0.0,0.0,0.0,1.0,0.0,0.0,0.0,0.0,0.0,0.0,0.0,8.0,2.2,1.8,0.0,0.4,0.0,0.0,0.0,0.0,0.0,0.0,0.0,0.0,0.0,0.0,1,Julio Soler Barreto,Defender,Bournemouth
67,2025/26,67,1110,5,2,6,10,0,0,0,1,0,0,3,238,277.6,211.9,263.0,75.3,2.67,1.84,4.51,,,,,,,,,,,,,,,,,,,,,,0.0,0.0,0.0,0.0,0.0,0.0,0.0,0,Rayan Vitor Simplício Rocha,Midfielder,Bournemouth
68,2022/23,94,1740,5,4,5,37,0,0,0,1,0,0,12,315,459.8,348.4,436.0,124.2,3.13,1.37,4.5,,,,,,,,,,,,,,,,,,,,,,22.5,0.0,0.0,875.0,1.0,0.0,20.5,0,Marcus Tavernier,Midfielder,Bournemouth
68,2023/24,89,2118,3,4,8,38,0,0,0,3,0,0,5,324,468.4,649.4,460.0,157.8,3.88,4.24,8.12,94.0,1740.0,5.0,4.0,5.0,37.0,0.0,0.0,0.0,1.0,0.0,0.0,12.0,315.0,459.8,348.4,436.0,124.2,3.13,1.37,4.5,45.0,0.0,0.0,1750.0,2.0,0.0,41.0,1,Marcus Tavernier,Midfielder,Bournemouth
68,2024/25,87,1932,3,7,4,29,0,0,0,6,0,0,4,362,447.0,664.8,442.0,155.4,5.51,3.65,9.16,89.0,2118.0,3.0,4.0,8.0,38.0,0.0,0.0,0.0,3.0,0.0,0.0,5.0,324.0,468.4,649.4,460.0,157.8,3.88,4.24,8.12,2.0,0.0,0.0,3.0,0.0,0.0,0.0,2,Marcus Tavernier,Midfielder,Bournemouth
68,2025/26,137,2732,7,4,11,44,0,0,0,6,0,0,14,552,656.8,816.6,605.0,207.9,9.06,4.6,13.66,87.0,1932.0,3.0,7.0,4.0,29.0,0.0,0.0,0.0,6.0,0.0,0.0,4.0,362.0,447.0,664.8,442.0,155.4,5.51,3.65,9.16,10.5,0.0,1.0,181.0,0.0,0.0,2.5,3,Marcus Tavernier,Midfielder,Bournemouth
69,2023/24,41,1003,1,1,3,25,0,0,0,3,0,0,3,163,197.0,294.7,116.0,60.7,0.82,1.06,1.88,,,,,,,,,,,,,,,,,,,,,,19.0,0.0,2.0,359.0,0.0,0.0,5.0,0,Alex Scott,Midfielder,Bournemouth
69,2024/25,26,745,0,0,3,8,0,0,0,3,0,0,0,132,141.6,171.6,118.0,43.2,0.73,1.0,1.73,41.0,1003.0,1.0,1.0,3.0,25.0,0.0,0.0,0.0,3.0,0.0,0.0,3.0,163.0,197.0,294.7,116.0,60.7,0.82,1.06,1.88,0.0,0.0,0.0,0.0,0.0,0.0,0.0,1,Alex Scott,Midfielder,Bournemouth
69,2025/26,136,2848,3,2,11,41,0,0,0,5,0,0,9,603,597.2,482.0,314.0,139.0,3.8,2.94,6.74,26.0,745.0,0.0,0.0,3.0,8.0,0.0,0.0,0.0,3.0,0.0,0.0,0.0,132.0,141.6,171.6,118.0,43.2,0.73,1.0,1.73,0.0,0.0,0.0,0.0,0.0,0.0,0.0,2,Alex Scott,Midfielder,Bournemouth
70,2023/24,100,1910,7,1,11,23,0,0,0,5,0,0,2,229,362.2,283.2,619.0,126.4,5.76,1.68,7.44,,,,,,,,,,,,,,,,,,,,,,0.0,0.0,0.0,0.0,0.0,0.0,0.0,0,Justin Kluivert,Midfielder,Bournemouth
70,2024/25,158,2339,12,6,13,29,0,0,0,8,0,0,14,532,700.0,654.1,771.0,212.0,10.05,3.66,13.71,100.0,1910.0,7.0,1.0,11.0,23.0,0.0,0.0,0.0,5.0,0.0,0.0,2.0,229.0,362.2,283.2,619.0,126.4,5.76,1.68,7.44,0.0,0.0,0.0,0.0,0.0,0.0,0.0,1,Justin Kluivert,Midfielder,Bournemouth
70,2025/26,41,945,2,0,4,19,0,0,0,5,0,0,3,147,148.0,305.1,135.0,58.8,2.31,1.55,3.86,158.0,2339.0,12.0,6.0,13.0,29.0,0.0,0.0,0.0,8.0,0.0,0.0,14.0,532.0,700.0,654.1,771.0,212.0,10.05,3.66,13.71,19.0,0.5,1.0,290.5,1.5,0.0,2.0,2,Justin Kluivert,Midfielder,Bournemouth
71,2016/17,17,432,0,2,1,7,0,0,0,1,0,0,1,81,100.8,89.8,28.0,21.8,0.0,0.0,0.0,,,,,,,,,,,,,,,,,,,,,,26.5,0.5,1.5,460.5,1.5,0.0,4.5,0,Lewis Cook,Midfielder,Bournemouth
71,2017/18,58,2234,0,2,3,42,0,0,0,5,0,0,0,337,456.4,423.3,126.0,100.7,0.0,0.0,0.0,17.0,432.0,0.0,2.0,1.0,7.0,0.0,0.0,0.0,1.0,0.0,0.0,1.0,81.0,100.8,89.8,28.0,21.8,0.0,0.0,0.0,42.0,1.5,1.5,988.5,0.5,0.0,22.0,1,Lewis Cook,Midfielder,Bournemouth
71,2018/19,22,719,0,0,3,10,0,0,0,2,0,0,0,91,76.0,50.4,36.0,16.5,0.0,0.0,0.0,58.0,2234.0,0.0,2.0,3.0,42.0,0.0,0.0,0.0,5.0,0.0,0.0,0.0,337.0,456.4,423.3,126.0,100.7,0.0,0.0,0.0,99.5,4.5,6.0,2251.0,4.5,0.0,45.5,2,Lewis Cook,Midfielder,Bournemouth
71,2019/20,40,1340,0,1,2,30,0,0,0,5,0,0,0,183,187.8,183.1,68.0,43.8,0.0,0.0,0.0,22.0,719.0,0.0,0.0,3.0,10.0,0.0,0.0,0.0,2.0,0.0,0.0,0.0,91.0,76.0,50.4,36.0,16.5,0.0,0.0,0.0,152.5,12.5,6.5,3095.0,9.0,0.0,56.5,3,Lewis Cook,Midfielder,Bournemouth
71,2022/23,51,1712,0,2,3,39,0,0,0,4,0,0,1,280,313.0,352.5,45.0,71.2,0.24,2.3,2.54,40.0,1340.0,0.0,1.0,2.0,30.0,0.0,0.0,0.0,5.0,0.0,0.0,0.0,183.0,187.8,183.1,68.0,43.8,0.0,0.0,0.0,141.5,14.0,4.0,2762.0,7.0,0.0,52.0,4,Lewis Cook,Midfielder,Bournemouth
71,2023/24,77,2787,0,3,8,51,0,0,0,5,1,0,5,446,520.2,681.9,67.0,127.2,0.42,2.92,3.34,51.0,1712.0,0.0,2.0,3.0,39.0,0.0,0.0,0.0,4.0,0.0,0.0,1.0,280.0,313.0,352.5,45.0,71.2,0.24,2.3,2.54,108.0,9.0,5.0,2199.0,4.0,0.0,43.0,5,Lewis Cook,Midfielder,Bournemouth
71,2024/25,82,2976,1,4,5,44,0,0,0,8,1,0,3,500,607.0,727.1,114.0,144.9,0.94,3.76,4.7,77.0,2787.0,0.0,3.0,8.0,51.0,0.0,0.0,0.0,5.0,1.0,0.0,5.0,446.0,520.2,681.9,67.0,127.2,0.42,2.92,3.34,125.0,5.0,8.0,2817.0,8.0,0.0,54.0,6,Lewis Cook,Midfielder,Bournemouth
71,2025/26,40,872,0,1,1,19,0,0,0,1,1,0,0,190,206.8,183.8,12.0,40.6,0.07,0.52,0.59,82.0,2976.0,1.0,4.0,5.0,44.0,0.0,0.0,0.0,8.0,1.0,0.0,3.0,500.0,607.0,727.1,114.0,144.9,0.94,3.76,4.7,139.0,9.0,5.5,2739.5,9.5,0.0,45.0,7,Lewis Cook,Midfielder,Bournemouth
72,2022/23,2,23,0,0,0,1,0,0,0,0,0,0,0,4,5.6,1.4,4.0,1.2,0.0,0.0,0.0,,,,,,,,,,,,,,,,,,,,,,159.0,13.0,4.0,2866.0,10.0,0.0,43.5,0,Ben Gannon-Doak,Midfielder,Bournemouth
72,2023/24,1,13,0,0,0,0,0,0,0,0,0,0,0,3,0.2,0.8,0.0,0.1,0.0,0.0,0.0,2.0,23.0,0.0,0.0,0.0,1.0,0.0,0.0,0.0,0.0,0.0,0.0,0.0,4.0,5.6,1.4,4.0,1.2,0.0,0.0,0.0,144.0,10.0,5.5,2966.0,10.0,0.0,44.5,1,Ben Gannon-Doak,Midfielder,Bournemouth
72,2024/25,0,0,0,0,0,0,0,0,0,0,0,0,0,0,0.0,0.0,0.0,0.0,0.0,0.0,0.0,1.0,13.0,0.0,0.0,0.0,0.0,0.0,0.0,0.0,0.0,0.0,0.0,0.0,3.0,0.2,0.8,0.0,0.1,0.0,0.0,0.0,124.0,8.5,6.0,2692.0,9.0,0.0,42.0,2,Ben Gannon-Doak,Midfielder,Bournemouth
72,2025/26,11,105,0,1,0,1,0,0,0,0,0,0,0,33,32.4,17.8,39.0,8.9,0.26,0.13,0.39,0.0,0.0,0.0,0.0,0.0,0.0,0.0,0.0,0.0,0.0,0.0,0.0,0.0,0.0,0.0,0.0,0.0,0.0,0.0,0.0,0.0,89.5,5.5,5.5,1758.5,5.0,0.0,32.0,3,Ben Gannon-Doak,Midfielder,Bournemouth
73,2022/23,47,2156,0,0,5,36,0,0,0,4,1,0,1,290,393.6,328.9,24.0,74.9,0.11,1.05,1.16,,,,,,,,,,,,,,,,,,,,,,88.0,6.0,4.5,1238.0,5.0,0.0,18.0,0,Tyler Adams,Midfielder,Bournemouth
73,2023/24,5,118,0,0,0,3,0,0,0,0,0,0,1,28,24.6,14.1,10.0,4.9,0.0,0.03,0.03,47.0,2156.0,0.0,0.0,5.0,36.0,0.0,0.0,0.0,4.0,1.0,0.0,1.0,290.0,393.6,328.9,24.0,74.9,0.11,1.05,1.16,78.5,7.5,2.5,989.0,4.0,0.0,13.5,1,Tyler Adams,Midfielder,Bournemouth
73,2024/25,58,1959,0,3,6,30,0,0,0,7,0,0,1,315,411.8,261.2,83.0,75.9,1.33,0.76,2.09,5.0,118.0,0.0,0.0,0.0,3.0,0.0,0.0,0.0,0.0,0.0,0.0,1.0,28.0,24.6,14.1,10.0,4.9,0.0,0.03,0.03,35.0,4.0,1.0,497.0,1.0,0.0,9.0,2,Tyler Adams,Midfielder,Bournemouth
73,2025/26,77,1769,2,2,7,28,0,0,0,8,0,0,3,346,387.0,158.2,115.0,66.3,0.63,0.63,1.26,58.0,1959.0,0.0,3.0,6.0,30.0,0.0,0.0,0.0,7.0,0.0,0.0,1.0,315.0,411.8,261.2,83.0,75.9,1.33,0.76,2.09,1.0,0.0,0.0,1.0,0.0,0.0,0.0,3,Tyler Adams,Midfielder,Bournemouth
74,2018/19,123,2263,7,6,9,41,0,0,0,3,0,0,7,414,598.0,466.7,609.0,167.5,0.0,0.0,0.0,,,,,,,,,,,,,,,,,,,,,,1.0,0.0,0.0,2.0,0.0,0.0,0.0,0,David Brooks,Midfielder,Bournemouth
74,2019/20,21,505,1,0,1,12,0,0,0,1,0,0,1,73,82.2,100.8,71.0,25.4,0.0,0.0,0.0,123.0,2263.0,7.0,6.0,9.0,41.0,0.0,0.0,0.0,3.0,0.0,0.0,7.0,414.0,598.0,466.7,609.0,167.5,0.0,0.0,0.0,0.5,0.0,0.0,1.5,0.0,0.0,0.0,1,David Brooks,Midfielder,Bournemouth
74,2022/23,5,170,0,0,0,4,0,0,0,1,0,0,0,7,17.6,28.8,42.0,8.7,0.33,0.2,0.53,21.0,505.0,1.0,0.0,1.0,12.0,0.0,0.0,0.0,1.0,0.0,0.0,1.0,73.0,82.2,100.8,71.0,25.4,0.0,0.0,0.0,2.0,0.0,0.0,9.5,0.0,0.0,0.0,2,David Brooks,Midfielder,Bournemouth
74,2023/24,23,271,1,1,0,7,0,0,0,1,0,0,2,71,88.2,112.4,113.0,31.4,2.45,0.47,2.92,5.0,170.0,0.0,0.0,0.0,4.0,0.0,0.0,0.0,1.0,0.0,0.0,0.0,7.0,17.6,28.8,42.0,8.7,0.33,0.2,0.53,5.0,0.0,0.5,25.0,0.0,0.0,0.5,3,David Brooks,Midfielder,Bournemouth
74,2024/25,52,941,2,1,3,12,0,0,0,3,0,0,2,204,193.6,316.7,300.0,80.4,2.58,2.02,4.6,23.0,271.0,1.0,1.0,0.0,7.0,0.0,0.0,0.0,1.0,0.0,0.0,2.0,71.0,88.2,112.4,113.0,31.4,2.45,0.47,2.92,6.0,0.0,1.0,31.0,0.0,0.0,1.0,4,David Brooks,Midfielder,Bournemouth
74,2025/26,59,1188,1,3,5,20,0,0,0,7,0,0,4,215,236.2,384.5,434.0,104.1,5.81,3.4,9.21,52.0,941.0,2.0,1.0,3.0,12.0,0.0,0.0,0.0,3.0,0.0,0.0,2.0,204.0,193.6,316.7,300.0,80.4,2.58,2.02,4.6,,,,,,,,5,David Brooks,Midfielder,Bournemouth
75,2022/23,64,1825,1,2,3,35,0,0,0,2,0,0,2,225,284.2,423.5,402.0,111.1,2.89,2.07,4.96,,,,,,,,,,,,,,,,,,,,,,,,,,,,,0,Ryan Christie,Midfielder,Bournemouth
75,2023/24,90,2908,0,5,8,56,0,0,0,6,0,0,5,433,620.2,780.2,351.0,175.4,2.49,5.37,7.86,64.0,1825.0,1.0,2.0,3.0,35.0,0.0,0.0,0.0,2.0,0.0,0.0,2.0,225.0,284.2,423.5,402.0,111.1,2.89,2.07,4.96,,,,,,,,1,Ryan Christie,Midfielder,Bournemouth
75,2024/25,76,2114,2,3,8,28,0,0,0,9,0,0,5,435,514.0,576.8,303.0,139.6,2.14,2.9,5.04,90.0,2908.0,0.0,5.0,8.0,56.0,0.0,0.0,0.0,6.0,0.0,0.0,5.0,433.0,620.2,780.2,351.0,175.4,2.49,5.37,7.86,,,,,,,,2,Ryan Christie,Midfielder,Bournemouth
75,2025/26,47,978,2,1,3,14,0,0,0,3,1,0,2,214,226.6,197.0,220.0,64.7,1.81,0.79,2.6,76.0,2114.0,2.0,3.0,8.0,28.0,0.0,0.0,0.0,9.0,0.0,0.0,5.0,435.0,514.0,576.8,303.0,139.6,2.14,2.9,5.04,,,,,,,,3,Ryan Christie,Midfielder,Bournemouth
76,2025/26,8,135,0,0,0,3,0,0,0,1,0,0,0,32,18.6,60.2,18.0,9.6,0.11,0.33,0.44,,,,,,,,,,,,,,,,,,,,,,,,,,,,,0,Alex Tóth,Midfielder,Bournemouth
77,2025/26,67,1074,3,2,3,17,0,0,0,2,0,0,4,241,272.6,235.9,260.0,76.1,2.6,1.62,4.22,,,,,,,,,,,,,,,,,,,,,,,,,,,,,0,Amine Adli,Midfielder,Bournemouth
78,2025/26,113,1663,13,0,10,21,0,0,0,5,0,0,13,480,532.2,306.9,563.0,139.9,8.31,1.51,9.82,,,,,,,,,,,,,,,,,,,,,,,,,,,,,0,Junior Kroupi,Midfielder,Bournemouth
79,2024/25,128,2317,10,5,11,30,0,0,1,1,1,0,20,487,456.0,331.9,966.0,174.8,12.47,1.74,14.21,,,,,,,,,,,,,,,,,,,,,,,,,,,,,0,Francisco Evanilson de Lima Barbosa,Forward,Bournemouth
79,2025/26,115,2741,6,7,11,40,0,0,0,2,0,0,6,412,350.6,397.9,809.0,155.5,10.64,1.48,12.12,128.0,2317.0,10.0,5.0,11.0,30.0,0.0,0.0,1.0,1.0,1.0,0.0,20.0,487.0,456.0,331.9,966.0,174.8,12.47,1.74,14.21,2.0,0.0,0.0,148.0,0.0,0.0,5.0,1,Francisco Evanilson de Lima Barbosa,Forward,Bournemouth
80,2023/24,40,317,2,4,1,9,0,0,0,1,0,0,3,99,142.4,58.6,242.0,43.7,2.84,0.13,2.97,,,,,,,,,,,,,,,,,,,,,,,,,,,,,0,Enes Ünal,Forward,Bournemouth
80,2024/25,32,330,2,1,2,3,0,0,0,2,0,0,4,97,104.0,56.1,207.0,35.9,2.73,0.26,2.99,40.0,317.0,2.0,4.0,1.0,9.0,0.0,0.0,0.0,1.0,0.0,0.0,3.0,99.0,142.4,58.6,242.0,43.7,2.84,0.13,2.97,34.0,0.0,1.0,972.0,3.0,0.0,24.0,1,Enes Ünal,Forward,Bournemouth
80,2025/26,27,214,1,0,0,3,0,0,0,1,0,0,1,83,70.2,25.0,104.0,19.1,2.0,0.07,2.07,32.0,330.0,2.0,1.0,2.0,3.0,0.0,0.0,0.0,2.0,0.0,0.0,4.0,97.0,104.0,56.1,207.0,35.9,2.73,0.26,2.99,51.0,0.0,2.0,1419.5,4.5,0.0,26.5,2,Enes Ünal,Forward,Bournemouth
82,2019/20,0,0,0,0,0,0,0,0,0,0,0,0,0,0,0.0,0.0,0.0,0.0,0.0,0.0,0.0,,,,,,,,,,,,,,,,,,,,,,58.5,0.0,2.5,1812.0,5.0,0.0,29.0,0,Caoimhín Kelleher,Goalkeeper,Brentford
82,2020/21,10,180,0,0,1,1,0,0,0,0,0,6,0,41,57.8,0.0,0.0,5.8,0.0,0.0,0.0,0.0,0.0,0.0,0.0,0.0,0.0,0.0,0.0,0.0,0.0,0.0,0.0,0.0,0.0,0.0,0.0,0.0,0.0,0.0,0.0,0.0,37.5,0.0,1.5,1343.5,3.0,0.0,23.5,1,Caoimhín Kelleher,Goalkeeper,Brentford
82,2021/22,8,180,0,0,1,2,0,0,0,0,0,6,0,52,46.2,0.0,0.0,4.6,0.0,0.0,0.0,10.0,180.0,0.0,0.0,1.0,1.0,0.0,0.0,0.0,0.0,0.0,6.0,0.0,41.0,57.8,0.0,0.0,5.8,0.0,0.0,0.0,34.0,0.0,1.5,968.0,3.0,0.0,16.5,2,Caoimhín Kelleher,Goalkeeper,Brentford
82,2022/23,2,90,0,0,0,4,0,0,0,0,0,6,0,20,38.0,0.0,0.0,3.8,0.0,0.0,0.0,8.0,180.0,0.0,0.0,1.0,2.0,0.0,0.0,0.0,0.0,0.0,6.0,0.0,52.0,46.2,0.0,0.0,4.6,0.0,0.0,0.0,35.5,0.5,1.5,825.5,2.5,0.0,13.5,3,Caoimhín Kelleher,Goalkeeper,Brentford
82,2023/24,34,900,0,0,2,11,0,0,0,0,0,28,3,198,261.2,10.0,0.0,27.0,0.0,0.01,0.01,2.0,90.0,0.0,0.0,0.0,4.0,0.0,0.0,0.0,0.0,0.0,6.0,0.0,20.0,38.0,0.0,0.0,3.8,0.0,0.0,0.0,14.5,0.5,0.5,322.5,0.5,0.0,6.0,4,Caoimhín Kelleher,Goalkeeper,Brentford
82,2024/25,45,900,0,0,4,12,0,1,0,0,0,27,1,156,224.2,0.0,0.0,22.4,0.0,0.0,0.0,34.0,900.0,0.0,0.0,2.0,11.0,0.0,0.0,0.0,0.0,0.0,28.0,3.0,198.0,261.2,10.0,0.0,27.0,0.0,0.01,0.01,0.0,0.0,0.0,0.0,0.0,0.0,0.0,5,Caoimhín Kelleher,Goalkeeper,Brentford
82,2025/26,143,3330,0,0,10,49,0,3,0,1,0,109,11,570,913.8,23.0,0.0,93.8,0.0,0.22,0.22,45.0,900.0,0.0,0.0,4.0,12.0,0.0,1.0,0.0,0.0,0.0,27.0,1.0,156.0,224.2,0.0,0.0,22.4,0.0,0.0,0.0,,,,,,,,6,Caoimhín Kelleher,Goalkeeper,Brentford
83,2023/24,0,0,0,0,0,0,0,0,0,0,0,0,0,0,0.0,0.0,0.0,0.0,0.0,0.0,0.0,,,,,,,,,,,,,,,,,,,,,,,,,,,,,0,Hákon Rafn Valdimarsson,Goalkeeper,Brentford
83,2024/25,2,144,0,0,0,2,0,0,0,0,0,3,0,14,21.4,0.1,0.0,2.1,0.0,0.0,0.0,0.0,0.0,0.0,0.0,0.0,0.0,0.0,0.0,0.0,0.0,0.0,0.0,0.0,0.0,0.0,0.0,0.0,0.0,0.0,0.0,0.0,85.0,2.0,3.0,2483.0,10.0,0.0,32.0,1,Hákon Rafn Valdimarsson,Goalkeeper,Brentford
83,2025/26,1,90,0,0,0,3,0,0,0,0,0,1,0,1,13.0,0.0,0.0,1.3,0.0,0.0,0.0,2.0,144.0,0.0,0.0,0.0,2.0,0.0,0.0,0.0,0.0,0.0,3.0,0.0,14.0,21.4,0.1,0.0,2.1,0.0,0.0,0.0,97.0,1.5,5.5,2871.0,11.0,0.0,41.0,2,Hákon Rafn Valdimarsson,Goalkeeper,Brentford
84,2021/22,55,1670,2,0,5,26,0,0,0,2,1,0,1,272,436.0,78.2,254.0,77.0,0.0,0.0,0.0,,,,,,,,,,,,,,,,,,,,,,99.5,2.5,5.5,2878.5,9.5,0.0,43.5,0,Nathan Collins,Defender,Brentford
84,2022/23,49,1811,0,0,4,37,0,0,0,2,1,0,6,326,437.0,38.9,36.0,51.5,0.23,0.21,0.44,55.0,1670.0,2.0,0.0,5.0,26.0,0.0,0.0,0.0,2.0,1.0,0.0,1.0,272.0,436.0,78.2,254.0,77.0,0.0,0.0,0.0,81.5,2.5,2.5,2542.0,8.5,0.0,34.0,1,Nathan Collins,Defender,Brentford
84,2023/24,84,2649,1,1,7,51,0,0,0,3,0,0,8,489,653.8,151.5,180.0,98.7,1.59,0.95,2.54,49.0,1811.0,0.0,0.0,4.0,37.0,0.0,0.0,0.0,2.0,1.0,0.0,6.0,326.0,437.0,38.9,36.0,51.5,0.23,0.21,0.44,71.5,1.0,2.0,2552.5,10.0,0.0,29.0,2,Nathan Collins,Defender,Brentford
84,2024/25,127,3420,2,7,8,57,0,0,0,5,0,0,11,549,1023.2,160.5,311.0,149.6,2.44,1.57,4.01,84.0,2649.0,1.0,1.0,7.0,51.0,0.0,0.0,0.0,3.0,0.0,0.0,8.0,489.0,653.8,151.5,180.0,98.7,1.59,0.95,2.54,65.0,1.0,2.0,2423.0,8.0,0.0,32.5,3,Nathan Collins,Defender,Brentford
84,2025/26,129,2971,1,2,9,44,1,0,0,7,0,0,7,450,848.6,143.8,325.0,131.9,2.24,1.71,3.95,127.0,3420.0,2.0,7.0,8.0,57.0,0.0,0.0,0.0,5.0,0.0,0.0,11.0,549.0,1023.2,160.5,311.0,149.6,2.44,1.57,4.01,106.5,4.0,5.0,2659.5,9.5,0.0,36.5,4,Nathan Collins,Defender,Brentford
85,2022/23,0,0,0,0,0,0,0,0,0,0,0,0,0,0,0.0,0.0,0.0,0.0,0.0,0.0,0.0,,,,,,,,,,,,,,,,,,,,,,76.5,3.5,4.0,1496.0,6.5,0.0,17.5,0,Sepp van den Berg,Defender,Brentford
85,2023/24,0,0,0,0,0,0,0,0,0,0,0,0,0,0,0.0,0.0,0.0,0.0,0.0,0.0,0.0,0.0,0.0,0.0,0.0,0.0,0.0,0.0,0.0,0.0,0.0,0.0,0.0,0.0,0.0,0.0,0.0,0.0,0.0,0.0,0.0,0.0,0.0,0.0,0.0,0.0,0.0,0.0,0.0,1,Sepp van den Berg,Defender,Brentford
85,2024/25,62,2584,0,1,5,49,0,0,0,3,0,0,1,266,587.4,108.3,226.0,92.3,2.09,0.52,2.61,0.0,0.0,0.0,0.0,0.0,0.0,0.0,0.0,0.0,0.0,0.0,0.0,0.0,0.0,0.0,0.0,0.0,0.0,0.0,0.0,0.0,,,,,,,,2,Sepp van den Berg,Defender,Brentford
85,2025/26,113,2761,0,3,8,41,0,0,0,2,0,0,3,435,659.0,98.0,305.0,106.3,3.36,1.45,4.81,62.0,2584.0,0.0,1.0,5.0,49.0,0.0,0.0,0.0,3.0,0.0,0.0,1.0,266.0,587.4,108.3,226.0,92.3,2.09,0.52,2.61,97.0,6.0,1.0,2220.0,4.0,0.0,38.0,3,Sepp van den Berg,Defender,Brentford
86,2022/23,14,313,0,1,0,4,0,0,0,0,0,0,0,37,42.0,64.0,114.0,21.9,0.49,0.29,0.78,,,,,,,,,,,,,,,,,,,,,,78.5,4.0,2.0,1650.5,3.0,0.0,30.5,0,Keane Lewis-Potter,Midfielder,Brentford
86,2023/24,73,1428,3,2,6,29,0,0,0,0,0,0,1,186,280.0,203.8,573.0,105.6,6.42,1.66,8.07,14.0,313.0,0.0,1.0,0.0,4.0,0.0,0.0,0.0,0.0,0.0,0.0,0.0,37.0,42.0,64.0,114.0,21.9,0.49,0.29,0.78,60.0,2.0,3.0,1081.0,2.0,0.0,23.0,1,Keane Lewis-Potter,Midfielder,Brentford
86,2024/25,94,3092,1,5,8,49,0,0,0,7,0,0,0,460,542.0,462.2,391.0,139.9,2.96,4.94,7.9,73.0,1428.0,3.0,2.0,6.0,29.0,0.0,0.0,0.0,0.0,0.0,0.0,1.0,186.0,280.0,203.8,573.0,105.6,6.42,1.66,8.07,0.0,0.0,0.0,0.0,0.0,0.0,0.0,2,Keane Lewis-Potter,Midfielder,Brentford
86,2025/26,115,1960,3,4,9,32,0,0,0,1,0,0,5,356,378.2,332.2,353.0,106.4,3.01,2.51,5.52,94.0,3092.0,1.0,5.0,8.0,49.0,0.0,0.0,0.0,7.0,0.0,0.0,0.0,460.0,542.0,462.2,391.0,139.9,2.96,4.94,7.9,0.0,0.0,0.0,0.0,0.0,0.0,0.0,3,Keane Lewis-Potter,Midfielder,Brentford
87,2021/22,81,1995,1,3,8,32,0,0,0,5,0,0,5,384,390.0,124.2,184.0,70.0,0.0,0.0,0.0,,,,,,,,,,,,,,,,,,,,,,,,,,,,,0,Kristoffer Ajer,Defender,Brentford
87,2022/23,29,763,0,0,4,14,0,0,0,0,0,0,0,129,96.8,24.7,27.0,15.1,0.04,0.12,0.16,81.0,1995.0,1.0,3.0,8.0,32.0,0.0,0.0,0.0,5.0,0.0,0.0,5.0,384.0,390.0,124.2,184.0,70.0,0.0,0.0,0.0,,,,,,,,1,Kristoffer Ajer,Defender,Brentford
87,2023/24,68,1826,2,1,5,33,0,0,0,5,0,0,3,323,406.8,166.6,223.0,79.7,1.22,2.68,3.9,29.0,763.0,0.0,0.0,4.0,14.0,0.0,0.0,0.0,0.0,0.0,0.0,0.0,129.0,96.8,24.7,27.0,15.1,0.04,0.12,0.16,,,,,,,,2,Kristoffer Ajer,Defender,Brentford
87,2024/25,39,1433,0,0,3,25,0,0,0,5,0,0,0,120,199.0,128.1,158.0,48.5,0.97,0.48,1.45,68.0,1826.0,2.0,1.0,5.0,33.0,0.0,0.0,0.0,5.0,0.0,0.0,3.0,323.0,406.8,166.6,223.0,79.7,1.22,2.68,3.9,,,,,,,,3,Kristoffer Ajer,Defender,Brentford
87,2025/26,76,1805,0,2,5,32,0,0,0,4,0,0,1,211,401.4,59.1,165.0,62.7,0.69,0.73,1.42,39.0,1433.0,0.0,0.0,3.0,25.0,0.0,0.0,0.0,5.0,0.0,0.0,0.0,120.0,199.0,128.1,158.0,48.5,0.97,0.48,1.45,,,,,,,,4,Kristoffer Ajer,Defender,Brentford
88,2024/25,27,523,0,1,2,5,0,0,0,2,0,0,0,115,105.2,105.2,30.0,24.2,0.19,0.7,0.89,,,,,,,,,,,,,,,,,,,,,,,,,,,,,0,Michael Kayode,Defender,Brentford
88,2025/26,113,3258,1,2,10,49,1,0,0,8,0,0,9,494,613.8,470.2,130.0,121.7,1.28,2.89,4.17,27.0,523.0,0.0,1.0,2.0,5.0,0.0,0.0,0.0,2.0,0.0,0.0,0.0,115.0,105.2,105.2,30.0,24.2,0.19,0.7,0.89,0.0,0.0,0.0,0.0,0.0,0.0,0.0,1,Michael Kayode,Defender,Brentford
89,2021/22,108,2775,3,0,9,41,0,0,0,2,0,0,4,453,451.0,325.4,235.0,101.0,0.0,0.0,0.0,,,,,,,,,,,,,,,,,,,,,,0.0,0.0,0.0,0.0,0.0,0.0,0.0,0,Rico Henry,Defender,Brentford
89,2022/23,112,3240,0,3,11,46,0,0,0,4,0,0,4,505,460.0,411.5,197.0,107.0,1.8,2.9,4.7,108.0,2775.0,3.0,0.0,9.0,41.0,0.0,0.0,0.0,2.0,0.0,0.0,4.0,453.0,451.0,325.4,235.0,101.0,0.0,0.0,0.0,0.5,0.0,0.0,1.5,0.0,0.0,0.5,1,Rico Henry,Defender,Brentford
89,2023/24,13,401,0,1,1,5,0,0,0,1,0,0,0,74,72.8,67.9,17.0,15.7,0.07,0.9,0.97,112.0,3240.0,0.0,3.0,11.0,46.0,0.0,0.0,0.0,4.0,0.0,0.0,4.0,505.0,460.0,411.5,197.0,107.0,1.8,2.9,4.7,0.5,0.0,0.0,1.5,0.0,0.0,0.5,2,Rico Henry,Defender,Brentford
89,2024/25,4,94,0,0,0,3,0,0,0,0,0,0,0,5,13.6,2.1,2.0,1.7,0.0,0.01,0.01,13.0,401.0,0.0,1.0,1.0,5.0,0.0,0.0,0.0,1.0,0.0,0.0,0.0,74.0,72.8,67.9,17.0,15.7,0.07,0.9,0.97,0.0,0.0,0.0,0.0,0.0,0.0,0.0,3,Rico Henry,Defender,Brentford
89,2025/26,52,1322,0,2,4,22,0,0,0,2,0,0,0,144,151.6,82.0,35.0,26.9,0.18,0.54,0.72,4.0,94.0,0.0,0.0,0.0,3.0,0.0,0.0,0.0,0.0,0.0,0.0,0.0,5.0,13.6,2.1,2.0,1.7,0.0,0.01,0.01,0.0,0.0,0.0,0.0,0.0,0.0,0.0,4,Rico Henry,Defender,Brentford
90,2022/23,63,1918,0,3,5,30,0,0,0,7,0,0,2,310,227.4,120.7,102.0,45.1,0.38,0.58,0.96,,,,,,,,,,,,,,,,,,,,,,34.0,0.0,1.0,646.5,3.5,0.0,6.5,0,Aaron Hickey,Defender,Brentford
90,2023/24,17,713,0,0,2,12,0,0,0,5,0,0,0,87,66.6,28.4,37.0,12.9,0.2,0.13,0.33,63.0,1918.0,0.0,3.0,5.0,30.0,0.0,0.0,0.0,7.0,0.0,0.0,2.0,310.0,227.4,120.7,102.0,45.1,0.38,0.58,0.96,36.5,0.0,1.0,720.0,4.0,0.0,7.0,1,Aaron Hickey,Defender,Brentford
90,2024/25,0,0,0,0,0,0,0,0,0,0,0,0,0,0,0.0,0.0,0.0,0.0,0.0,0.0,0.0,17.0,713.0,0.0,0.0,2.0,12.0,0.0,0.0,0.0,5.0,0.0,0.0,0.0,87.0,66.6,28.4,37.0,12.9,0.2,0.13,0.33,7.0,0.0,0.0,269.5,0.5,0.0,5.0,2,Aaron Hickey,Defender,Brentford
90,2025/26,37,679,0,0,2,9,0,0,0,1,0,0,0,105,101.4,17.1,43.0,16.0,0.44,0.17,0.61,0.0,0.0,0.0,0.0,0.0,0.0,0.0,0.0,0.0,0.0,0.0,0.0,0.0,0.0,0.0,0.0,0.0,0.0,0.0,0.0,0.0,19.0,0.5,1.5,675.5,0.0,0.0,15.5,3,Aaron Hickey,Defender,Brentford
91,2021/22,90,2694,1,1,7,43,0,0,0,1,0,0,7,517,648.8,151.7,335.0,113.5,0.0,0.0,0.0,,,,,,,,,,,,,,,,,,,,,,58.0,1.0,3.0,1738.0,2.5,0.0,32.5,0,Ethan Pinnock,Defender,Brentford
91,2022/23,112,2700,3,0,10,34,1,0,0,0,0,0,6,575,840.8,110.1,319.0,127.2,2.73,1.11,3.84,90.0,2694.0,1.0,1.0,7.0,43.0,0.0,0.0,0.0,1.0,0.0,0.0,7.0,517.0,648.8,151.7,335.0,113.5,0.0,0.0,0.0,109.0,0.5,3.5,2847.5,10.5,0.0,42.0,1,Ethan Pinnock,Defender,Brentford
91,2023/24,77,2521,2,0,5,46,0,0,0,1,0,0,5,479,653.2,63.4,221.0,94.2,2.01,0.83,2.84,112.0,2700.0,3.0,0.0,10.0,34.0,1.0,0.0,0.0,0.0,0.0,0.0,6.0,575.0,840.8,110.1,319.0,127.2,2.73,1.11,3.84,119.5,0.5,3.0,3137.5,12.5,0.0,45.5,2,Ethan Pinnock,Defender,Brentford
91,2024/25,47,1912,2,0,2,35,1,0,0,2,0,0,0,233,540.2,101.2,193.0,83.6,1.08,0.64,1.72,77.0,2521.0,2.0,0.0,5.0,46.0,0.0,0.0,0.0,1.0,0.0,0.0,5.0,479.0,653.2,63.4,221.0,94.2,2.01,0.83,2.84,68.0,0.5,1.0,1735.5,6.0,0.0,26.5,3,Ethan Pinnock,Defender,Brentford
91,2025/26,14,318,0,0,1,5,1,0,0,1,0,0,2,53,88.6,1.2,33.0,12.3,0.01,0.06,0.07,47.0,1912.0,2.0,0.0,2.0,35.0,1.0,0.0,0.0,2.0,0.0,0.0,0.0,233.0,540.2,101.2,193.0,83.6,1.08,0.64,1.72,18.5,0.0,0.0,338.5,1.5,0.0,5.0,4,Ethan Pinnock,Defender,Brentford
92,2023/24,0,0,0,0,0,0,0,0,0,0,0,0,0,0,0.0,0.0,0.0,0.0,0.0,0.0,0.0,,,,,,,,,,,,,,,,,,,,,,2.0,0.0,0.0,48.5,0.0,0.0,2.0,0,Kim Ji-soo,Defender,Brentford
92,2024/25,3,28,0,0,0,0,0,0,0,0,0,0,0,8,5.0,0.8,0.0,0.6,0.0,0.0,0.0,0.0,0.0,0.0,0.0,0.0,0.0,0.0,0.0,0.0,0.0,0.0,0.0,0.0,0.0,0.0,0.0,0.0,0.0,0.0,0.0,0.0,2.0,0.0,0.0,20.0,0.0,0.0,0.0,1,Kim Ji-soo,Defender,Brentford
92,2025/26,0,0,0,0,0,0,0,0,0,0,0,0,0,0,0.0,0.0,0.0,0.0,0.0,0.0,0.0,3.0,28.0,0.0,0.0,0.0,0.0,0.0,0.0,0.0,0.0,0.0,0.0,0.0,8.0,5.0,0.8,0.0,0.6,0.0,0.0,0.0,,,,,,,,2,Kim Ji-soo,Defender,Brentford
94,2022/23,29,723,0,1,3,7,0,0,0,2,0,0,0,76,74.4,115.5,209.0,39.8,2.07,0.67,2.74,,,,,,,,,,,,,,,,,,,,,,,,,,,,,0,Kevin Schade,Midfielder,Brentford
94,2023/24,33,327,2,2,1,5,0,0,0,0,0,0,2,81,105.8,58.3,100.0,26.2,1.29,0.72,2.01,29.0,723.0,0.0,1.0,3.0,7.0,0.0,0.0,0.0,2.0,0.0,0.0,0.0,76.0,74.4,115.5,209.0,39.8,2.07,0.67,2.74,0.0,0.0,0.0,0.0,0.0,0.0,0.0,1,Kevin Schade,Midfielder,Brentford
94,2024/25,149,2281,11,4,10,34,0,0,0,3,0,0,12,498,630.8,312.7,892.0,183.3,8.45,1.75,10.2,33.0,327.0,2.0,2.0,1.0,5.0,0.0,0.0,0.0,0.0,0.0,0.0,2.0,81.0,105.8,58.3,100.0,26.2,1.29,0.72,2.01,0.0,0.0,0.0,0.0,0.0,0.0,0.0,2,Kevin Schade,Midfielder,Brentford
94,2025/26,125,2744,8,5,11,34,0,0,1,6,1,0,5,385,536.8,380.1,821.0,172.8,12.08,2.05,14.13,149.0,2281.0,11.0,4.0,10.0,34.0,0.0,0.0,0.0,3.0,0.0,0.0,12.0,498.0,630.8,312.7,892.0,183.3,8.45,1.75,10.2,0.0,0.0,0.0,0.0,0.0,0.0,0.0,3,Kevin Schade,Midfielder,Brentford
95,2022/23,49,1239,1,3,1,23,0,0,0,1,0,0,4,163,280.8,262.5,283.0,82.5,3.52,1.68,5.2,,,,,,,,,,,,,,,,,,,,,,0.0,0.0,0.0,0.0,0.0,0.0,0.0,0,Dango Ouattara,Midfielder,Brentford
95,2023/24,56,1214,1,2,5,24,0,0,0,3,0,0,3,207,298.4,245.4,332.0,87.8,2.65,1.1,3.75,49.0,1239.0,1.0,3.0,1.0,23.0,0.0,0.0,0.0,1.0,0.0,0.0,4.0,163.0,280.8,262.5,283.0,82.5,3.52,1.68,5.2,0.0,0.0,0.0,0.0,0.0,0.0,0.0,1,Dango Ouattara,Midfielder,Brentford
95,2024/25,111,1998,7,4,7,23,0,0,0,3,0,0,7,432,624.6,496.8,754.0,187.2,8.42,3.24,11.66,56.0,1214.0,1.0,2.0,5.0,24.0,0.0,0.0,0.0,3.0,0.0,0.0,3.0,207.0,298.4,245.4,332.0,87.8,2.65,1.1,3.75,0.0,0.0,0.0,0.0,0.0,0.0,0.0,2,Dango Ouattara,Midfielder,Brentford
95,2025/26,136,2271,7,8,6,35,0,0,0,5,0,0,16,429,509.8,422.8,702.0,162.8,7.94,4.12,12.06,111.0,1998.0,7.0,4.0,7.0,23.0,0.0,0.0,0.0,3.0,0.0,0.0,7.0,432.0,624.6,496.8,754.0,187.2,8.42,3.24,11.66,5.0,0.0,0.0,307.0,0.0,0.0,9.0,3,Dango Ouattara,Midfielder,Brentford
96,2009/10,0,0,0,0,0,0,0,0,0,0,0,0,0,0,0.0,0.0,0.0,0.0,0.0,0.0,0.0,,,,,,,,,,,,,,,,,,,,,,5.0,0.0,0.0,307.0,0.0,0.0,9.0,0,Mikkel Damsgaard,Midfielder,Brentford
96,2022/23,33,970,0,0,3,14,0,0,0,4,0,0,0,131,140.2,172.1,152.0,46.5,2.31,1.32,3.63,0.0,0.0,0.0,0.0,0.0,0.0,0.0,0.0,0.0,0.0,0.0,0.0,0.0,0.0,0.0,0.0,0.0,0.0,0.0,0.0,0.0,,,,,,,,1,Mikkel Damsgaard,Midfielder,Brentford
96,2023/24,45,829,0,4,5,9,0,0,0,2,0,0,0,155,162.6,179.1,103.0,44.7,0.76,0.93,1.69,33.0,970.0,0.0,0.0,3.0,14.0,0.0,0.0,0.0,4.0,0.0,0.0,0.0,131.0,140.2,172.1,152.0,46.5,2.31,1.32,3.63,75.0,0.0,1.0,1680.0,9.0,0.0,20.0,2,Mikkel Damsgaard,Midfielder,Brentford
96,2024/25,131,2911,2,10,11,41,0,0,0,2,0,0,10,611,714.8,1006.4,338.0,205.9,2.91,7.01,9.92,45.0,829.0,0.0,4.0,5.0,9.0,0.0,0.0,0.0,2.0,0.0,0.0,0.0,155.0,162.6,179.1,103.0,44.7,0.76,0.93,1.69,53.5,0.0,1.0,1165.5,5.5,0.0,15.5,3,Mikkel Damsgaard,Midfielder,Brentford
96,2025/26,113,2046,4,4,5,32,0,0,0,0,0,0,9,467,530.6,691.3,326.0,155.0,2.61,5.43,8.04,131.0,2911.0,2.0,10.0,11.0,41.0,0.0,0.0,0.0,2.0,0.0,0.0,10.0,611.0,714.8,1006.4,338.0,205.9,2.91,7.01,9.92,51.0,1.0,1.0,895.5,4.0,0.0,10.5,4,Mikkel Damsgaard,Midfielder,Brentford
97,2021/22,54,1590,0,1,3,30,0,0,0,0,0,0,2,246,253.2,540.6,198.0,99.3,0.0,0.0,0.0,,,,,,,,,,,,,,,,,,,,,,70.0,2.0,1.0,1140.0,6.0,0.0,10.0,0,Mathias Jensen,Midfielder,Brentford
97,2022/23,132,2805,5,7,10,40,0,0,0,5,0,0,11,498,644.0,787.9,208.0,164.1,2.34,4.79,7.13,54.0,1590.0,0.0,1.0,3.0,30.0,0.0,0.0,0.0,0.0,0.0,0.0,2.0,246.0,253.2,540.6,198.0,99.3,0.0,0.0,0.0,25.0,0.0,2.0,650.0,0.0,0.0,10.0,1,Mathias Jensen,Midfielder,Brentford
97,2023/24,98,2201,3,4,9,45,0,0,0,5,0,0,10,422,481.2,689.3,135.0,130.4,0.71,4.89,5.6,132.0,2805.0,5.0,7.0,10.0,40.0,0.0,0.0,0.0,5.0,0.0,0.0,11.0,498.0,644.0,787.9,208.0,164.1,2.34,4.79,7.13,59.5,2.5,3.5,1107.0,3.5,0.0,19.0,2,Mathias Jensen,Midfielder,Brentford
97,2024/25,38,846,0,2,2,17,0,0,0,2,0,0,1,179,157.0,249.5,32.0,43.8,0.23,1.75,1.98,98.0,2201.0,3.0,4.0,9.0,45.0,0.0,0.0,0.0,5.0,0.0,0.0,10.0,422.0,481.2,689.3,135.0,130.4,0.71,4.89,5.6,50.5,2.5,2.5,854.5,3.5,0.0,15.0,3,Mathias Jensen,Midfielder,Brentford
97,2025/26,98,2239,3,2,9,33,0,0,0,3,0,0,1,465,435.6,632.7,201.0,126.9,2.21,6.06,8.27,38.0,846.0,0.0,2.0,2.0,17.0,0.0,0.0,0.0,2.0,0.0,0.0,1.0,179.0,157.0,249.5,32.0,43.8,0.23,1.75,1.98,7.0,0.0,0.0,145.0,0.0,0.0,2.0,4,Mathias Jensen,Midfielder,Brentford
98,2021/22,90,2295,4,0,9,37,0,0,0,3,0,0,8,343,460.6,331.1,400.0,119.0,0.0,0.0,0.0,,,,,,,,,,,,,,,,,,,,,,1.0,0.0,0.0,27.0,0.0,0.0,1.0,0,Vitaly Janelt,Midfielder,Brentford
98,2022/23,85,2201,3,1,8,28,0,0,0,3,0,0,5,357,411.2,258.8,243.0,91.3,2.33,1.56,3.89,90.0,2295.0,4.0,0.0,9.0,37.0,0.0,0.0,0.0,3.0,0.0,0.0,8.0,343.0,460.6,331.1,400.0,119.0,0.0,0.0,0.0,0.5,0.0,0.0,13.5,0.0,0.0,0.5,1,Vitaly Janelt,Midfielder,Brentford
98,2023/24,93,3054,1,4,9,52,0,0,0,8,0,0,1,466,503.4,562.5,285.0,135.3,1.82,3.44,5.26,85.0,2201.0,3.0,1.0,8.0,28.0,0.0,0.0,0.0,3.0,0.0,0.0,5.0,357.0,411.2,258.8,243.0,91.3,2.33,1.56,3.89,0.0,0.0,0.0,0.0,0.0,0.0,0.0,2,Vitaly Janelt,Midfielder,Brentford
98,2024/25,73,2251,1,3,6,38,2,0,0,3,0,0,2,384,356.6,284.2,131.0,77.2,0.83,2.38,3.21,93.0,3054.0,1.0,4.0,9.0,52.0,0.0,0.0,0.0,8.0,0.0,0.0,1.0,466.0,503.4,562.5,285.0,135.3,1.82,3.44,5.26,,,,,,,,3,Vitaly Janelt,Midfielder,Brentford
98,2025/26,74,1434,1,4,5,21,0,0,0,8,0,0,6,334,350.4,351.8,97.0,79.0,0.82,2.27,3.09,73.0,2251.0,1.0,3.0,6.0,38.0,2.0,0.0,0.0,3.0,0.0,0.0,2.0,384.0,356.6,284.2,131.0,77.2,0.83,2.38,3.21,0.0,0.0,0.0,0.0,0.0,0.0,0.0,4,Vitaly Janelt,Midfielder,Brentford
99,2025/26,1,45,0,0,0,3,0,0,0,0,0,0,0,5,4.0,1.8,0.0,0.6,0.0,0.01,0.01,,,,,,,,,,,,,,,,,,,,,,0.0,0.0,0.0,0.0,0.0,0.0,0.0,0,Antoni Milambo,Midfielder,Brentford
100,2020/21,12,254,1,0,0,6,0,0,0,0,0,0,0,42,72.4,30.8,161.0,26.5,0.0,0.0,0.0,,,,,,,,,,,,,,,,,,,,,,53.0,0.0,0.0,1395.0,4.0,48.5,19.5,0,Fábio Freitas Gouveia Carvalho,Midfielder,Brentford
100,2022/23,27,339,2,1,0,3,0,0,0,0,0,0,0,80,89.4,36.7,173.0,29.7,1.11,0.25,1.36,12.0,254.0,1.0,0.0,0.0,6.0,0.0,0.0,0.0,0.0,0.0,0.0,0.0,42.0,72.4,30.8,161.0,26.5,0.0,0.0,0.0,106.0,0.0,0.0,2790.0,8.0,97.0,39.0,1,Fábio Freitas Gouveia Carvalho,Midfielder,Brentford
100,2024/25,35,443,2,1,0,14,0,0,0,1,0,0,1,127,142.2,71.5,154.0,36.3,2.49,0.54,3.03,27.0,339.0,2.0,1.0,0.0,3.0,0.0,0.0,0.0,0.0,0.0,0.0,0.0,80.0,89.4,36.7,173.0,29.7,1.11,0.25,1.36,154.0,0.0,0.0,3150.0,11.0,140.0,52.0,2,Fábio Freitas Gouveia Carvalho,Midfielder,Brentford
100,2025/26,13,100,1,0,0,4,0,0,0,0,0,0,1,42,39.0,6.5,36.0,8.1,0.7,0.03,0.73,35.0,443.0,2.0,1.0,0.0,14.0,0.0,0.0,0.0,1.0,0.0,0.0,1.0,127.0,142.2,71.5,154.0,36.3,2.49,0.54,3.03,130.0,0.0,0.0,3267.0,8.0,141.5,65.5,3,Fábio Freitas Gouveia Carvalho,Midfielder,Brentford
101,2008/09,1,45,0,0,0,2,0,0,0,0,0,0,0,0,0.0,0.0,0.0,0.0,0.0,0.0,0.0,,,,,,,,,,,,,,,,,,,,,,98.0,0.0,0.0,3222.0,5.0,118.5,73.0,0,Jordan Henderson,Midfielder,Chelsea
101,2009/10,82,2187,1,5,0,45,0,0,0,3,0,0,8,0,0.0,0.0,0.0,0.0,0.0,0.0,0.0,1.0,45.0,0.0,0.0,0.0,2.0,0.0,0.0,0.0,0.0,0.0,0.0,0.0,0.0,0.0,0.0,0.0,0.0,0.0,0.0,0.0,90.0,0.0,0.0,3060.0,5.0,94.0,67.0,1,Jordan Henderson,Midfielder,Chelsea
101,2010/11,133,3211,3,5,13,46,0,0,0,2,0,0,20,0,0.0,0.0,0.0,0.0,0.0,0.0,0.0,82.0,2187.0,1.0,5.0,0.0,45.0,0.0,0.0,0.0,3.0,0.0,0.0,8.0,0.0,0.0,0.0,0.0,0.0,0.0,0.0,0.0,78.0,2.0,0.0,1996.0,6.0,0.0,24.0,2,Jordan Henderson,Midfielder,Chelsea
101,2011/12,95,2658,2,2,10,34,0,0,0,3,0,0,8,0,0.0,0.0,0.0,0.0,0.0,0.0,0.0,133.0,3211.0,3.0,5.0,13.0,46.0,0.0,0.0,0.0,2.0,0.0,0.0,20.0,0.0,0.0,0.0,0.0,0.0,0.0,0.0,0.0,112.0,3.5,0.0,2529.5,9.5,0.0,31.0,3,Jordan Henderson,Midfielder,Chelsea
101,2012/13,95,1535,5,4,8,12,0,0,0,3,0,0,9,0,0.0,0.0,0.0,0.0,0.0,0.0,0.0,95.0,2658.0,2.0,2.0,10.0,34.0,0.0,0.0,0.0,3.0,0.0,0.0,8.0,0.0,0.0,0.0,0.0,0.0,0.0,0.0,0.0,146.0,4.0,0.0,3236.0,13.5,0.0,40.5,4,Jordan Henderson,Midfielder,Chelsea
101,2013/14,124,3128,4,7,11,42,0,0,0,4,1,0,9,197,0.0,0.0,0.0,0.0,0.0,0.0,0.0,95.0,1535.0,5.0,4.0,8.0,12.0,0.0,0.0,0.0,3.0,0.0,0.0,9.0,0.0,0.0,0.0,0.0,0.0,0.0,0.0,0.0,147.5,3.0,0.5,3225.5,15.0,0.0,34.5,5,Jordan Henderson,Midfielder,Chelsea
101,2014/15,162,3256,6,10,13,45,0,0,0,6,0,0,22,725,0.0,0.0,0.0,0.0,0.0,0.0,0.0,124.0,3128.0,4.0,7.0,11.0,42.0,0.0,0.0,0.0,4.0,1.0,0.0,9.0,197.0,0.0,0.0,0.0,0.0,0.0,0.0,0.0,133.0,3.0,1.5,2702.5,13.0,0.0,24.0,6,Jordan Henderson,Midfielder,Chelsea
101,2015/16,57,1290,2,3,5,16,0,0,0,1,0,0,3,276,0.0,0.0,0.0,0.0,0.0,0.0,0.0,162.0,3256.0,6.0,10.0,13.0,45.0,0.0,0.0,0.0,6.0,0.0,0.0,22.0,725.0,0.0,0.0,0.0,0.0,0.0,0.0,0.0,117.0,3.0,2.0,2363.0,10.0,0.0,22.0,7,Jordan Henderson,Midfielder,Chelsea
101,2016/17,73,2116,1,4,7,28,0,0,0,8,0,0,9,467,507.4,554.3,93.0,115.5,0.0,0.0,0.0,57.0,1290.0,2.0,3.0,5.0,16.0,0.0,0.0,0.0,1.0,0.0,0.0,3.0,276.0,0.0,0.0,0.0,0.0,0.0,0.0,0.0,0.0,0.0,0.0,70.0,0.0,0.0,0.0,8,Jordan Henderson,Midfielder,Chelsea
101,2017/18,75,2169,1,1,14,21,0,0,0,1,0,0,3,382,417.0,448.8,110.0,97.8,0.0,0.0,0.0,73.0,2116.0,1.0,4.0,7.0,28.0,0.0,0.0,0.0,8.0,0.0,0.0,9.0,467.0,507.4,554.3,93.0,115.5,0.0,0.0,0.0,57.0,0.5,1.5,1242.5,5.5,0.0,10.5,9,Jordan Henderson,Midfielder,Chelsea
101,2018/19,76,1976,1,3,12,14,0,0,0,1,1,0,2,397,358.8,311.7,182.0,85.4,0.0,0.0,0.0,75.0,2169.0,1.0,1.0,14.0,21.0,0.0,0.0,0.0,1.0,0.0,0.0,3.0,382.0,417.0,448.8,110.0,97.8,0.0,0.0,0.0,114.0,1.0,3.0,2415.0,11.0,0.0,21.0,10,Jordan Henderson,Midfielder,Chelsea
101,2019/20,116,2234,4,5,16,14,0,0,0,2,0,0,11,530,582.6,425.9,275.0,128.5,0.0,0.0,0.0,76.0,1976.0,1.0,3.0,12.0,14.0,0.0,0.0,0.0,1.0,1.0,0.0,2.0,397.0,358.8,311.7,182.0,85.4,0.0,0.0,0.0,0.0,0.0,0.0,0.0,0.0,0.0,0.0,11,Jordan Henderson,Midfielder,Chelsea
101,2020/21,56,1704,1,2,4,23,0,0,0,0,0,0,2,345,358.0,262.3,108.0,72.9,0.0,0.0,0.0,116.0,2234.0,4.0,5.0,16.0,14.0,0.0,0.0,0.0,2.0,0.0,0.0,11.0,530.0,582.6,425.9,275.0,128.5,0.0,0.0,0.0,0.0,0.0,0.0,0.0,0.0,0.0,0.0,12,Jordan Henderson,Midfielder,Chelsea
101,2021/22,110,2592,2,5,15,22,0,0,0,3,0,0,9,507,487.4,659.5,247.0,139.2,0.0,0.0,0.0,56.0,1704.0,1.0,2.0,4.0,23.0,0.0,0.0,0.0,0.0,0.0,0.0,2.0,345.0,358.0,262.3,108.0,72.9,0.0,0.0,0.0,58.5,1.0,0.5,1207.5,6.0,0.0,12.5,13,Jordan Henderson,Midfielder,Chelsea
101,2022/23,69,2060,0,3,8,30,0,0,0,2,0,0,0,401,315.2,525.8,185.0,103.0,1.35,3.59,4.93,110.0,2592.0,2.0,5.0,15.0,22.0,0.0,0.0,0.0,3.0,0.0,0.0,9.0,507.0,487.4,659.5,247.0,139.2,0.0,0.0,0.0,140.5,2.0,1.0,2917.5,15.0,0.0,27.0,14,Jordan Henderson,Midfielder,Chelsea
101,2023/24,0,0,0,0,0,0,0,0,0,0,0,0,0,0,0.0,0.0,0.0,0.0,0.0,0.0,0.0,69.0,2060.0,0.0,3.0,8.0,30.0,0.0,0.0,0.0,2.0,0.0,0.0,0.0,401.0,315.2,525.8,185.0,103.0,1.35,3.59,4.93,147.0,2.0,0.5,3229.5,15.0,0.0,29.0,15,Jordan Henderson,Midfielder,Chelsea
101,2025/26,76,1911,1,3,6,28,0,0,0,6,0,0,5,343,336.6,358.3,49.0,74.4,0.33,2.31,2.64,0.0,0.0,0.0,0.0,0.0,0.0,0.0,0.0,0.0,0.0,0.0,0.0,0.0,0.0,0.0,0.0,0.0,0.0,0.0,0.0,0.0,130.0,2.0,0.0,3039.0,12.0,0.0,29.0,16,Jordan Henderson,Midfielder,Chelsea
102,2022/23,0,0,0,0,0,0,0,0,0,0,0,0,0,0,0.0,0.0,0.0,0.0,0.0,0.0,0.0,,,,,,,,,,,,,,,,,,,,,,0.0,0.0,0.0,0.0,0.0,0.0,0.0,0,Yehor Yarmoliuk,Midfielder,Brentford
102,2023/24,33,670,0,0,4,9,0,0,0,2,0,0,0,95,98.4,66.9,127.0,29.0,0.94,1.0,1.94,0.0,0.0,0.0,0.0,0.0,0.0,0.0,0.0,0.0,0.0,0.0,0.0,0.0,0.0,0.0,0.0,0.0,0.0,0.0,0.0,0.0,18.5,0.5,0.0,681.0,2.5,0.0,8.0,1,Yehor Yarmoliuk,Midfielder,Brentford
102,2024/25,43,1435,0,0,3,25,0,0,0,6,0,0,0,255,259.6,196.1,89.0,54.4,0.62,0.91,1.53,33.0,670.0,0.0,0.0,4.0,9.0,0.0,0.0,0.0,2.0,0.0,0.0,0.0,95.0,98.4,66.9,127.0,29.0,0.94,1.0,1.94,37.0,1.0,0.0,1362.0,5.0,0.0,16.0,2,Yehor Yarmoliuk,Midfielder,Brentford
102,2025/26,104,2652,1,3,8,42,0,0,0,7,0,0,1,448,445.0,273.0,117.0,83.4,1.22,1.39,2.61,43.0,1435.0,0.0,0.0,3.0,25.0,0.0,0.0,0.0,6.0,0.0,0.0,0.0,255.0,259.6,196.1,89.0,54.4,0.62,0.91,1.53,39.0,2.0,1.0,978.0,1.0,0.0,12.0,3,Yehor Yarmoliuk,Midfielder,Brentford
103,2021/22,7,250,0,0,0,6,0,0,0,0,1,0,0,27,30.2,41.2,30.0,10.0,0.0,0.0,0.0,,,,,,,,,,,,,,,,,,,,,,39.0,2.0,1.0,978.0,1.0,0.0,12.0,0,Josh Dasilva,Midfielder,Brentford
103,2022/23,81,1371,4,2,5,17,0,0,0,1,0,0,3,274,305.8,208.5,182.0,69.6,1.58,1.62,3.2,7.0,250.0,0.0,0.0,0.0,6.0,0.0,0.0,0.0,0.0,1.0,0.0,0.0,27.0,30.2,41.2,30.0,10.0,0.0,0.0,0.0,,,,,,,,1,Josh Dasilva,Midfielder,Brentford
103,2023/24,3,22,0,0,0,0,0,0,0,0,0,0,0,6,6.8,15.4,14.0,3.6,0.0,0.23,0.23,81.0,1371.0,4.0,2.0,5.0,17.0,0.0,0.0,0.0,1.0,0.0,0.0,3.0,274.0,305.8,208.5,182.0,69.6,1.58,1.62,3.2,0.0,0.0,0.0,0.0,0.0,0.0,0.0,2,Josh Dasilva,Midfielder,Brentford
103,2024/25,0,0,0,0,0,0,0,0,0,0,0,0,0,0,0.0,0.0,0.0,0.0,0.0,0.0,0.0,3.0,22.0,0.0,0.0,0.0,0.0,0.0,0.0,0.0,0.0,0.0,0.0,0.0,6.0,6.8,15.4,14.0,3.6,0.0,0.23,0.23,52.0,0.0,0.0,1596.0,6.0,0.0,22.0,3,Josh Dasilva,Midfielder,Brentford
103,2025/26,2,2,0,0,0,0,0,0,0,0,0,0,0,5,0.4,11.3,4.0,1.6,0.08,0.0,0.08,0.0,0.0,0.0,0.0,0.0,0.0,0.0,0.0,0.0,0.0,0.0,0.0,0.0,0.0,0.0,0.0,0.0,0.0,0.0,0.0,0.0,105.5,0.0,0.0,3036.0,12.5,0.0,39.5,4,Josh Dasilva,Midfielder,Brentford
104,2021/22,35,1040,0,2,3,19,0,0,0,4,0,0,0,117,93.0,73.5,174.0,33.7,0.0,0.0,0.0,,,,,,,,,,,,,,,,,,,,,,131.5,1.0,2.5,2967.0,14.0,0.0,35.0,0,Frank Onyeka,Midfielder,Coventry City
104,2022/23,38,837,0,3,3,11,0,0,0,0,0,0,0,111,136.4,93.7,111.0,34.2,1.03,0.78,1.81,35.0,1040.0,0.0,2.0,3.0,19.0,0.0,0.0,0.0,4.0,0.0,0.0,0.0,117.0,93.0,73.5,174.0,33.7,0.0,0.0,0.0,169.0,3.0,5.0,3020.5,16.5,0.0,30.5,1,Frank Onyeka,Midfielder,Coventry City
104,2023/24,39,1147,1,2,1,27,0,0,0,8,0,0,0,150,259.0,178.3,189.0,62.6,2.09,1.44,3.53,38.0,837.0,0.0,3.0,3.0,11.0,0.0,0.0,0.0,0.0,0.0,0.0,0.0,111.0,136.4,93.7,111.0,34.2,1.03,0.78,1.81,116.0,2.0,3.5,2091.0,11.5,0.0,19.5,2,Frank Onyeka,Midfielder,Coventry City
104,2024/25,2,23,0,0,0,0,0,0,0,0,0,0,0,3,0.0,0.5,0.0,0.0,0.0,0.02,0.02,39.0,1147.0,1.0,2.0,1.0,27.0,0.0,0.0,0.0,8.0,0.0,0.0,0.0,150.0,259.0,178.3,189.0,62.6,2.09,1.44,3.53,50.0,0.0,2.0,1195.0,5.0,0.0,13.0,3,Frank Onyeka,Midfielder,Coventry City
104,2025/26,12,88,0,2,0,2,0,0,0,0,0,0,0,41,28.4,13.6,4.0,4.6,0.0,0.36,0.36,2.0,23.0,0.0,0.0,0.0,0.0,0.0,0.0,0.0,0.0,0.0,0.0,0.0,3.0,0.0,0.5,0.0,0.0,0.0,0.02,0.02,,,,,,,,4,Frank Onyeka,Midfielder,Coventry City
105,2022/23,61,1241,3,1,2,29,0,0,0,2,0,0,4,193,308.6,209.3,263.0,78.1,1.69,1.1,2.79,,,,,,,,,,,,,,,,,,,,,,1.0,0.0,0.0,7.0,0.0,0.0,0.0,0,Jaidon Anthony,Midfielder,Brentford
105,2023/24,3,151,0,0,0,5,0,0,0,1,0,0,0,4,9.0,4.6,16.0,3.0,0.07,0.02,0.09,61.0,1241.0,3.0,1.0,2.0,29.0,0.0,0.0,0.0,2.0,0.0,0.0,4.0,193.0,308.6,209.3,263.0,78.1,1.69,1.1,2.79,36.0,0.5,3.0,876.5,3.5,0.0,9.0,1,Jaidon Anthony,Midfielder,Brentford
105,2024/25,0,0,0,0,0,0,0,0,0,0,0,0,0,0,0.0,0.0,0.0,0.0,0.0,0.0,0.0,3.0,151.0,0.0,0.0,0.0,5.0,0.0,0.0,0.0,1.0,0.0,0.0,0.0,4.0,9.0,4.6,16.0,3.0,0.07,0.02,0.09,92.5,3.0,5.5,2150.0,7.5,0.0,24.5,2,Jaidon Anthony,Midfielder,Brentford
105,2025/26,127,2717,8,4,4,59,0,0,0,4,0,0,6,513,586.8,552.2,619.0,175.8,5.11,2.85,7.96,0.0,0.0,0.0,0.0,0.0,0.0,0.0,0.0,0.0,0.0,0.0,0.0,0.0,0.0,0.0,0.0,0.0,0.0,0.0,0.0,0.0,146.5,8.0,7.0,2766.0,10.5,0.0,35.0,3,Jaidon Anthony,Midfielder,Brentford
106,2024/25,9,167,0,0,0,4,0,0,0,0,0,0,0,32,18.2,30.6,12.0,5.8,0.13,0.04,0.17,,,,,,,,,,,,,,,,,,,,,,190.5,12.5,10.5,3080.5,12.5,0.0,40.5,0,Igor Thiago Nascimento Rodrigues,Forward,Brentford
106,2025/26,181,3282,22,1,10,50,0,0,1,7,0,0,22,710,1019.4,382.5,1170.0,256.9,20.6,1.83,22.43,9.0,167.0,0.0,0.0,0.0,4.0,0.0,0.0,0.0,0.0,0.0,0.0,0.0,32.0,18.2,30.6,12.0,5.8,0.13,0.04,0.17,214.0,15.0,12.0,3052.5,14.0,0.0,34.5,1,Igor Thiago Nascimento Rodrigues,Forward,Brentford
107,2025/26,1,1,0,0,0,0,0,0,0,0,0,0,0,2,0.0,0.0,0.0,0.0,0.0,0.0,0.0,,,,,,,,,,,,,,,,,,,,,,176.5,11.0,11.5,2323.0,11.5,0.0,24.0,0,Kaye Furo,Forward,Brentford
108,2015/16,46,771,5,0,1,15,0,0,0,0,0,0,5,161,0.0,0.0,0.0,0.0,0.0,0.0,0.0,,,,,,,,,,,,,,,,,,,,,,127.0,6.0,11.0,1724.0,7.0,0.0,21.0,0,Callum Wilson,Forward,Brentford
108,2016/17,63,1361,6,1,6,25,0,0,0,0,0,0,2,170,229.0,125.7,487.0,82.2,0.0,0.0,0.0,46.0,771.0,5.0,0.0,1.0,15.0,0.0,0.0,0.0,0.0,0.0,0.0,5.0,161.0,0.0,0.0,0.0,0.0,0.0,0.0,0.0,1.0,0.0,0.0,1.0,0.0,0.0,0.0,1,Callum Wilson,Forward,Brentford
108,2017/18,102,1981,8,2,6,33,0,0,0,0,0,0,13,282,392.2,288.4,799.0,147.5,0.0,0.0,0.0,63.0,1361.0,6.0,1.0,6.0,25.0,0.0,0.0,0.0,0.0,0.0,0.0,2.0,170.0,229.0,125.7,487.0,82.2,0.0,0.0,0.0,21.0,0.0,0.0,711.0,1.5,0.0,14.5,2,Callum Wilson,Forward,Brentford
108,2018/19,168,2528,14,12,9,47,0,0,1,3,0,0,22,525,737.8,388.4,1137.0,225.0,0.0,0.0,0.0,102.0,1981.0,8.0,2.0,6.0,33.0,0.0,0.0,0.0,0.0,0.0,0.0,13.0,282.0,392.2,288.4,799.0,147.5,0.0,0.0,0.0,66.5,1.0,0.0,2212.0,4.5,0.0,38.0,3,Callum Wilson,Forward,Brentford
108,2019/20,116,2906,8,6,4,53,0,0,0,9,0,0,8,321,397.4,391.1,848.0,162.6,0.0,0.0,0.0,168.0,2528.0,14.0,12.0,9.0,47.0,0.0,0.0,1.0,3.0,0.0,0.0,22.0,525.0,737.8,388.4,1137.0,225.0,0.0,0.0,0.0,98.5,1.5,2.5,3211.5,6.5,0.0,54.5,4,Callum Wilson,Forward,Brentford
108,2020/21,134,2081,12,6,5,37,0,0,0,2,0,0,22,409,557.4,230.4,761.0,154.7,0.0,0.0,0.0,116.0,2906.0,8.0,6.0,4.0,53.0,0.0,0.0,0.0,9.0,0.0,0.0,8.0,321.0,397.4,391.1,848.0,162.6,0.0,0.0,0.0,95.5,1.5,3.0,3150.0,9.0,0.0,49.5,5,Callum Wilson,Forward,Brentford
108,2021/22,75,1386,8,0,3,32,0,0,0,4,0,0,14,220,319.8,127.3,494.0,92.4,0.0,0.0,0.0,134.0,2081.0,12.0,6.0,5.0,37.0,0.0,0.0,0.0,2.0,0.0,0.0,22.0,409.0,557.4,230.4,761.0,154.7,0.0,0.0,0.0,90.5,1.5,2.5,3029.0,9.5,0.0,43.0,6,Callum Wilson,Forward,Brentford
108,2022/23,157,1870,18,6,10,16,0,0,0,4,0,0,20,526,722.2,271.3,1022.0,200.9,16.43,2.11,18.54,75.0,1386.0,8.0,0.0,3.0,32.0,0.0,0.0,0.0,4.0,0.0,0.0,14.0,220.0,319.8,127.3,494.0,92.4,0.0,0.0,0.0,105.5,2.5,3.5,3225.0,8.5,0.0,49.5,7,Callum Wilson,Forward,Brentford
108,2023/24,69,981,9,1,6,15,0,0,0,3,0,0,4,246,366.2,110.3,563.0,103.2,8.96,0.54,9.5,157.0,1870.0,18.0,6.0,10.0,16.0,0.0,0.0,0.0,4.0,0.0,0.0,20.0,526.0,722.2,271.3,1022.0,200.9,16.43,2.11,18.54,140.5,5.5,6.0,3248.5,13.0,0.0,39.0,8,Callum Wilson,Forward,Brentford
108,2024/25,19,355,0,0,0,7,0,0,0,1,0,0,0,42,13.0,42.2,71.0,12.1,0.36,0.09,0.45,69.0,981.0,9.0,1.0,6.0,15.0,0.0,0.0,0.0,3.0,0.0,0.0,4.0,246.0,366.2,110.3,563.0,103.2,8.96,0.54,9.5,146.0,5.5,8.0,3024.0,14.0,0.0,28.5,9,Callum Wilson,Forward,Brentford
108,2025/26,80,1234,7,2,1,24,0,0,0,1,0,0,7,296,305.2,109.0,509.0,91.1,7.6,0.54,8.14,19.0,355.0,0.0,0.0,0.0,7.0,0.0,0.0,0.0,1.0,0.0,0.0,0.0,42.0,13.0,42.2,71.0,12.1,0.36,0.09,0.45,127.0,4.0,7.0,2823.0,11.0,0.0,29.0,10,Callum Wilson,Forward,Brentford
109,2023/24,68,1890,0,0,4,28,0,0,0,3,0,65,7,417,541.4,1.0,0.0,54.3,0.0,0.0,0.0,,,,,,,,,,,,,,,,,,,,,,125.0,4.0,8.0,2555.0,6.0,0.0,51.0,0,Bart Verbruggen,Goalkeeper,Brighton
109,2024/25,103,3240,0,1,7,58,0,0,0,5,0,91,6,366,849.8,10.0,0.0,85.8,0.0,0.01,0.01,68.0,1890.0,0.0,0.0,4.0,28.0,0.0,0.0,0.0,3.0,0.0,65.0,7.0,417.0,541.4,1.0,0.0,54.3,0.0,0.0,0.0,78.0,2.5,4.5,1577.0,4.5,0.0,29.5,1,Bart Verbruggen,Goalkeeper,Brighton
109,2025/26,130,3420,0,0,10,46,1,1,0,3,0,106,6,616,935.0,10.0,0.0,94.7,0.0,0.06,0.06,103.0,3240.0,0.0,1.0,7.0,58.0,0.0,0.0,0.0,5.0,0.0,91.0,6.0,366.0,849.8,10.0,0.0,85.8,0.0,0.01,0.01,95.0,5.5,3.0,1615.0,6.0,0.0,21.5,2,Bart Verbruggen,Goalkeeper,Brighton
110,2024/25,0,0,0,0,0,0,0,0,0,0,0,0,0,0,0.0,0.0,0.0,0.0,0.0,0.0,0.0,,,,,,,,,,,,,,,,,,,,,,142.0,9.5,6.5,2321.0,9.0,0.0,31.0,0,Carl Rushworth,Goalkeeper,Coventry City
110,2025/26,0,0,0,0,0,0,0,0,0,0,0,0,0,0,0.0,0.0,0.0,0.0,0.0,0.0,0.0,0.0,0.0,0.0,0.0,0.0,0.0,0.0,0.0,0.0,0.0,0.0,0.0,0.0,0.0,0.0,0.0,0.0,0.0,0.0,0.0,0.0,148.0,8.0,8.0,2588.0,10.0,0.0,34.0,1,Carl Rushworth,Goalkeeper,Coventry City
111,2007/08,0,0,0,0,0,0,0,0,0,0,0,0,0,0,0.0,0.0,0.0,0.0,0.0,0.0,0.0,,,,,,,,,,,,,,,,,,,,,,40.0,1.0,2.0,861.0,3.0,0.0,12.0,0,Jason Steele,Goalkeeper,Brighton
111,2008/09,0,0,0,0,0,0,0,0,0,0,0,0,0,0,0.0,0.0,0.0,0.0,0.0,0.0,0.0,0.0,0.0,0.0,0.0,0.0,0.0,0.0,0.0,0.0,0.0,0.0,0.0,0.0,0.0,0.0,0.0,0.0,0.0,0.0,0.0,0.0,85.5,4.0,3.0,1821.5,7.0,0.0,25.5,1,Jason Steele,Goalkeeper,Brighton
111,2018/19,0,0,0,0,0,0,0,0,0,0,0,0,0,0,0.0,0.0,0.0,0.0,0.0,0.0,0.0,0.0,0.0,0.0,0.0,0.0,0.0,0.0,0.0,0.0,0.0,0.0,0.0,0.0,0.0,0.0,0.0,0.0,0.0,0.0,0.0,0.0,171.5,11.0,6.0,2957.0,12.0,0.0,38.5,2,Jason Steele,Goalkeeper,Brighton
111,2020/21,0,0,0,0,0,0,0,0,0,0,0,0,0,0,0.0,0.0,0.0,0.0,0.0,0.0,0.0,0.0,0.0,0.0,0.0,0.0,0.0,0.0,0.0,0.0,0.0,0.0,0.0,0.0,0.0,0.0,0.0,0.0,0.0,0.0,0.0,0.0,199.0,11.5,9.5,3115.0,16.0,0.0,30.5,3,Jason Steele,Goalkeeper,Brighton
111,2021/22,2,90,0,0,0,2,0,0,0,0,0,3,0,17,28.8,0.0,0.0,2.9,0.0,0.0,0.0,0.0,0.0,0.0,0.0,0.0,0.0,0.0,0.0,0.0,0.0,0.0,0.0,0.0,0.0,0.0,0.0,0.0,0.0,0.0,0.0,0.0,151.0,5.5,10.0,2709.5,15.0,0.0,22.0,4,Jason Steele,Goalkeeper,Brighton
111,2022/23,65,1350,0,1,6,23,1,1,0,1,0,37,8,332,377.6,13.0,0.0,39.1,0.0,0.15,0.15,2.0,90.0,0.0,0.0,0.0,2.0,0.0,0.0,0.0,0.0,0.0,3.0,0.0,17.0,28.8,0.0,0.0,2.9,0.0,0.0,0.0,116.0,3.0,9.0,2321.0,11.0,0.0,21.0,5,Jason Steele,Goalkeeper,Brighton
111,2023/24,42,1530,0,0,2,34,0,0,0,0,0,43,5,300,382.2,0.1,0.0,38.2,0.0,0.0,0.0,65.0,1350.0,0.0,1.0,6.0,23.0,1.0,1.0,0.0,1.0,0.0,37.0,8.0,332.0,377.6,13.0,0.0,39.1,0.0,0.15,0.15,26.0,1.0,0.0,639.0,0.0,0.0,13.0,6,Jason Steele,Goalkeeper,Brighton
111,2024/25,9,180,0,0,1,1,0,0,0,0,0,3,1,46,40.4,0.0,0.0,4.1,0.0,0.0,0.0,42.0,1530.0,0.0,0.0,2.0,34.0,0.0,0.0,0.0,0.0,0.0,43.0,5.0,300.0,382.2,0.1,0.0,38.2,0.0,0.0,0.0,51.0,3.0,1.5,841.5,2.0,0.0,16.0,7,Jason Steele,Goalkeeper,Brighton
111,2025/26,0,0,0,0,0,0,0,0,0,0,0,0,0,0,0.0,0.0,0.0,0.0,0.0,0.0,0.0,9.0,180.0,0.0,0.0,1.0,1.0,0.0,0.0,0.0,0.0,0.0,3.0,1.0,46.0,40.4,0.0,0.0,4.1,0.0,0.0,0.0,98.0,6.0,4.0,1536.0,5.0,0.0,23.5,8,Jason Steele,Goalkeeper,Brighton
112,2022/23,6,291,0,0,0,7,0,0,0,2,0,0,0,54,71.4,5.8,10.0,8.8,0.55,0.04,0.59,,,,,,,,,,,,,,,,,,,,,,120.0,7.0,5.0,2028.0,6.0,0.0,28.0,0,Jan Paul van Hecke,Defender,Spurs
112,2023/24,61,2368,0,0,5,38,0,0,0,4,0,0,3,454,631.8,176.4,175.0,98.5,1.42,0.93,2.35,6.0,291.0,0.0,0.0,0.0,7.0,0.0,0.0,0.0,2.0,0.0,0.0,0.0,54.0,71.4,5.8,10.0,8.8,0.55,0.04,0.59,49.0,1.0,1.0,1337.0,3.0,0.0,18.0,1,Jan Paul van Hecke,Defender,Spurs
112,2024/25,87,2960,1,1,7,47,0,0,0,6,1,0,7,406,736.6,261.8,182.0,118.3,1.32,1.41,2.73,61.0,2368.0,0.0,0.0,5.0,38.0,0.0,0.0,0.0,4.0,0.0,0.0,3.0,454.0,631.8,176.4,175.0,98.5,1.42,0.93,2.35,24.5,0.5,0.5,668.5,1.5,0.0,9.0,2,Jan Paul van Hecke,Defender,Spurs
112,2025/26,148,3210,3,3,10,44,1,0,0,9,0,0,8,575,980.6,240.4,295.0,152.0,3.31,1.57,4.87,87.0,2960.0,1.0,1.0,7.0,47.0,0.0,0.0,0.0,6.0,1.0,0.0,7.0,406.0,736.6,261.8,182.0,118.3,1.32,1.41,2.73,46.0,3.5,1.0,787.5,2.0,0.0,8.5,3,Jan Paul van Hecke,Defender,Spurs
113,2024/25,19,385,1,0,2,8,0,0,0,1,0,0,0,59,116.4,83.7,40.0,24.0,0.44,0.31,0.75,,,,,,,,,,,,,,,,,,,,,,92.0,7.0,2.0,1575.0,4.0,0.0,17.0,0,Ferdi Kadıoğlu,Defender,Brighton
113,2025/26,118,3130,1,2,10,41,0,0,0,6,0,0,7,514,505.0,444.8,284.0,123.7,2.06,3.31,5.37,19.0,385.0,1.0,0.0,2.0,8.0,0.0,0.0,0.0,1.0,0.0,0.0,0.0,59.0,116.4,83.7,40.0,24.0,0.44,0.31,0.75,39.0,3.0,1.0,656.0,2.0,0.0,9.0,1,Ferdi Kadıoğlu,Defender,Brighton
114,2025/26,39,799,0,1,3,10,0,0,0,2,0,0,4,171,215.6,82.2,12.0,31.1,0.05,0.47,0.52,,,,,,,,,,,,,,,,,,,,,,37.5,2.5,1.0,619.0,3.0,0.0,6.0,0,Olivier Boscagli,Defender,Brighton
115,2025/26,84,1404,2,3,5,23,0,0,0,2,0,0,9,318,327.8,516.6,154.0,99.9,1.66,4.08,5.74,,,,,,,,,,,,,,,,,,,,,,73.0,4.0,4.0,1218.5,5.5,0.0,14.0,0,Maxim De Cuyper,Defender,Brighton
116,2017/18,97,3420,1,1,10,54,4,0,0,7,0,0,7,637,1002.8,147.8,425.0,157.9,0.0,0.0,0.0,,,,,,,,,,,,,,,,,,,,,,154.0,10.5,8.0,2322.0,10.5,0.0,29.0,0,Lewis Dunk,Defender,Brighton
116,2018/19,91,3151,2,1,7,56,0,0,0,5,1,0,6,573,805.8,132.9,245.0,118.7,0.0,0.0,0.0,97.0,3420.0,1.0,1.0,10.0,54.0,4.0,0.0,0.0,7.0,0.0,0.0,7.0,637.0,1002.8,147.8,425.0,157.9,0.0,0.0,0.0,158.0,10.5,7.0,2399.5,12.0,0.0,28.0,1,Lewis Dunk,Defender,Brighton
116,2019/20,128,3230,3,3,9,50,0,0,0,9,0,0,17,674,825.6,171.8,469.0,146.8,0.0,0.0,0.0,91.0,3151.0,2.0,1.0,7.0,56.0,0.0,0.0,0.0,5.0,1.0,0.0,6.0,573.0,805.8,132.9,245.0,118.7,0.0,0.0,0.0,121.5,7.0,4.5,2147.0,10.0,0.0,24.0,2,Lewis Dunk,Defender,Brighton
116,2020/21,130,2932,5,0,11,40,1,0,0,5,2,0,17,626,720.4,136.7,443.0,130.2,0.0,0.0,0.0,128.0,3230.0,3.0,3.0,9.0,50.0,0.0,0.0,0.0,9.0,0.0,0.0,17.0,674.0,825.6,171.8,469.0,146.8,0.0,0.0,0.0,125.0,8.0,4.0,2284.0,10.0,0.0,25.0,3,Lewis Dunk,Defender,Brighton
116,2021/22,92,2573,1,0,10,33,0,0,0,3,1,0,7,537,570.0,63.5,327.0,96.1,0.0,0.0,0.0,130.0,2932.0,5.0,0.0,11.0,40.0,1.0,0.0,0.0,5.0,2.0,0.0,17.0,626.0,720.4,136.7,443.0,130.2,0.0,0.0,0.0,,,,,,,,4,Lewis Dunk,Defender,Brighton
116,2022/23,112,3240,1,1,12,50,1,0,0,4,0,0,7,648,661.4,163.6,198.0,102.4,1.67,0.9,2.57,92.0,2573.0,1.0,0.0,10.0,33.0,0.0,0.0,0.0,3.0,1.0,0.0,7.0,537.0,570.0,63.5,327.0,96.1,0.0,0.0,0.0,,,,,,,,5,Lewis Dunk,Defender,Brighton
116,2023/24,89,2869,3,1,5,53,0,0,0,6,1,0,11,567,823.0,205.4,389.0,141.7,3.15,2.24,5.38,112.0,3240.0,1.0,1.0,12.0,50.0,1.0,0.0,0.0,4.0,0.0,0.0,7.0,648.0,661.4,163.6,198.0,102.4,1.67,0.9,2.57,101.0,3.0,4.0,3054.0,8.0,0.0,51.0,6,Lewis Dunk,Defender,Brighton
116,2024/25,44,2081,0,1,4,42,1,0,0,5,0,0,0,223,425.4,115.7,128.0,66.9,0.81,1.02,1.83,89.0,2869.0,3.0,1.0,5.0,53.0,0.0,0.0,0.0,6.0,1.0,0.0,11.0,567.0,823.0,205.4,389.0,141.7,3.15,2.24,5.38,86.0,2.0,5.0,2408.5,7.0,0.0,37.0,7,Lewis Dunk,Defender,Brighton
116,2025/26,100,2837,1,1,7,40,0,0,0,10,0,0,5,443,649.6,125.5,210.0,98.7,1.83,0.56,2.39,44.0,2081.0,0.0,1.0,4.0,42.0,1.0,0.0,0.0,5.0,0.0,0.0,0.0,223.0,425.4,115.7,128.0,66.9,0.81,1.02,1.83,72.5,1.5,3.5,2133.5,6.0,0.0,37.0,8,Lewis Dunk,Defender,Brighton
117,2025/26,10,193,0,0,1,3,0,0,0,2,0,0,0,32,42.4,3.7,2.0,4.8,0.0,0.01,0.01,,,,,,,,,,,,,,,,,,,,,,90.5,3.5,3.0,2662.0,6.0,0.0,48.0,0,Diego Coppola,Defender,Brighton
118,2023/24,37,1631,0,0,2,26,0,0,0,4,0,0,1,311,297.8,135.5,23.0,45.8,0.25,0.5,0.75,,,,,,,,,,,,,,,,,,,,,,107.0,5.0,5.0,2820.0,6.0,0.0,45.0,0,Igor Julio dos Santos de Paulo,Defender,Brighton
118,2024/25,18,959,0,0,1,17,0,0,0,4,0,0,0,113,189.6,54.7,4.0,24.9,0.05,0.25,0.3,37.0,1631.0,0.0,0.0,2.0,26.0,0.0,0.0,0.0,4.0,0.0,0.0,1.0,311.0,297.8,135.5,23.0,45.8,0.25,0.5,0.75,1.0,0.0,0.0,1.0,0.0,0.0,0.0,1,Igor Julio dos Santos de Paulo,Defender,Brighton
118,2025/26,6,103,0,0,0,3,0,0,0,0,0,0,0,10,25.8,10.6,0.0,3.6,0.0,0.0,0.0,18.0,959.0,0.0,0.0,1.0,17.0,0.0,0.0,0.0,4.0,0.0,0.0,0.0,113.0,189.6,54.7,4.0,24.9,0.05,0.25,0.3,1.0,0.0,0.0,7.0,0.0,0.0,0.0,2,Igor Julio dos Santos de Paulo,Defender,Brighton
121,2022/23,138,2311,7,9,8,35,0,0,0,0,0,0,11,457,569.6,569.4,867.0,200.4,8.29,4.93,13.22,,,,,,,,,,,,,,,,,,,,,,15.0,0.5,0.5,311.0,1.0,0.0,3.5,0,Mitoma Kaoru,Midfielder,Brighton
121,2023/24,74,1485,3,7,1,27,0,0,0,4,0,0,7,252,327.6,375.1,636.0,134.0,3.49,3.56,7.05,138.0,2311.0,7.0,9.0,8.0,35.0,0.0,0.0,0.0,0.0,0.0,0.0,11.0,457.0,569.6,569.4,867.0,200.4,8.29,4.93,13.22,16.0,0.5,0.5,346.0,1.0,0.0,3.5,1,Mitoma Kaoru,Midfielder,Brighton
121,2024/25,145,2597,10,5,6,40,0,0,0,1,0,0,12,536,670.6,578.0,856.0,210.7,9.19,4.03,13.22,74.0,1485.0,3.0,7.0,1.0,27.0,0.0,0.0,0.0,4.0,0.0,0.0,7.0,252.0,327.6,375.1,636.0,134.0,3.49,3.56,7.05,1.5,0.0,0.0,44.5,0.0,0.0,0.5,2,Mitoma Kaoru,Midfielder,Brighton
121,2025/26,62,1714,3,1,5,20,0,0,0,5,0,0,2,247,288.4,422.3,416.0,112.3,4.04,2.74,6.78,145.0,2597.0,10.0,5.0,6.0,40.0,0.0,0.0,0.0,1.0,0.0,0.0,12.0,536.0,670.6,578.0,856.0,210.7,9.19,4.03,13.22,21.5,1.5,1.5,110.5,0.5,0.0,2.0,3,Mitoma Kaoru,Midfielder,Brighton
122,2024/25,102,1831,6,5,4,33,0,0,0,6,0,0,8,398,523.8,448.9,615.0,159.1,4.13,4.99,9.12,,,,,,,,,,,,,,,,,,,,,,29.0,1.5,1.5,229.0,1.0,0.0,2.0,0,Yankuba Minteh,Midfielder,Brighton
122,2025/26,117,2389,3,8,11,33,0,0,0,3,0,0,9,466,491.8,691.4,617.0,180.3,3.81,5.06,8.87,102.0,1831.0,6.0,5.0,4.0,33.0,0.0,0.0,0.0,6.0,0.0,0.0,8.0,398.0,523.8,448.9,615.0,159.1,4.13,4.99,9.12,21.5,0.5,0.5,369.5,1.0,0.0,5.0,1,Yankuba Minteh,Midfielder,Brighton
123,2022/23,1,1,0,0,0,0,0,0,0,0,0,0,0,3,2.0,0.0,2.0,0.4,0.0,0.0,0.0,,,,,,,,,,,,,,,,,,,,,,27.0,1.0,1.0,483.0,1.0,0.0,9.0,0,Jack Hinshelwood,Midfielder,Brighton
123,2023/24,42,866,3,0,2,17,0,0,0,1,0,0,5,155,200.2,118.9,230.0,55.0,2.1,0.36,2.46,1.0,1.0,0.0,0.0,0.0,0.0,0.0,0.0,0.0,0.0,0.0,0.0,0.0,3.0,2.0,0.0,2.0,0.4,0.0,0.0,0.0,0.0,0.0,0.0,0.0,0.0,0.0,0.0,1,Jack Hinshelwood,Midfielder,Brighton
123,2024/25,89,1839,5,3,6,30,0,0,0,5,0,0,8,404,394.6,268.1,304.0,97.0,2.74,1.5,4.24,42.0,866.0,3.0,0.0,2.0,17.0,0.0,0.0,0.0,1.0,0.0,0.0,5.0,155.0,200.2,118.9,230.0,55.0,2.1,0.36,2.46,0.0,0.0,0.0,0.0,0.0,0.0,0.0,2,Jack Hinshelwood,Midfielder,Brighton
123,2025/26,91,1736,4,5,7,23,1,0,0,0,0,0,2,317,312.6,228.0,412.0,94.8,4.94,2.34,7.28,89.0,1839.0,5.0,3.0,6.0,30.0,0.0,0.0,0.0,5.0,0.0,0.0,8.0,404.0,394.6,268.1,304.0,97.0,2.74,1.5,4.24,91.0,4.0,6.0,1512.0,8.0,0.0,15.0,3,Jack Hinshelwood,Midfielder,Brighton
124,2017/18,164,2928,7,8,10,46,0,0,0,2,0,0,24,635,735.4,1311.0,527.0,257.6,0.0,0.0,0.0,,,,,,,,,,,,,,,,,,,,,,101.5,6.0,5.0,1657.0,9.0,0.0,16.5,0,Pascal Groß,Midfielder,Brighton
124,2018/19,80,1864,3,3,3,31,0,0,1,1,0,0,12,347,456.0,815.3,344.0,161.7,0.0,0.0,0.0,164.0,2928.0,7.0,8.0,10.0,46.0,0.0,0.0,0.0,2.0,0.0,0.0,24.0,635.0,735.4,1311.0,527.0,257.6,0.0,0.0,0.0,107.0,7.5,2.5,2183.5,9.5,0.0,24.5,1,Pascal Groß,Midfielder,Brighton
124,2019/20,76,1791,2,5,3,32,1,0,0,4,0,0,7,326,388.2,908.5,323.0,161.6,0.0,0.0,0.0,80.0,1864.0,3.0,3.0,3.0,31.0,0.0,0.0,1.0,1.0,0.0,0.0,12.0,347.0,456.0,815.3,344.0,161.7,0.0,0.0,0.0,141.0,10.0,5.5,2596.0,12.5,0.0,26.5,2,Pascal Groß,Midfielder,Brighton
124,2020/21,116,2479,3,8,10,28,0,0,1,3,0,0,11,525,620.4,1087.8,415.0,212.3,0.0,0.0,0.0,76.0,1791.0,2.0,5.0,3.0,32.0,1.0,0.0,0.0,4.0,0.0,0.0,7.0,326.0,388.2,908.5,323.0,161.6,0.0,0.0,0.0,138.5,11.0,6.5,2249.5,11.5,0.0,21.0,3,Pascal Groß,Midfielder,Brighton
124,2021/22,88,2033,2,5,8,24,0,0,1,1,0,0,7,405,475.2,961.8,370.0,180.9,0.0,0.0,0.0,116.0,2479.0,3.0,8.0,10.0,28.0,0.0,0.0,1.0,3.0,0.0,0.0,11.0,525.0,620.4,1087.8,415.0,212.3,0.0,0.0,0.0,97.0,9.0,3.0,1872.0,7.0,0.0,20.0,4,Pascal Groß,Midfielder,Brighton
124,2022/23,159,3240,9,8,11,51,1,0,0,7,0,0,14,748,918.6,1227.5,582.0,273.2,5.19,8.93,14.12,88.0,2033.0,2.0,5.0,8.0,24.0,0.0,0.0,1.0,1.0,0.0,0.0,7.0,405.0,475.2,961.8,370.0,180.9,0.0,0.0,0.0,67.0,7.0,4.0,651.0,3.0,0.0,5.0,5,Pascal Groß,Midfielder,Brighton
124,2023/24,153,3112,4,11,7,50,0,0,0,6,0,0,29,724,988.6,1674.9,434.0,309.9,6.4,8.89,15.29,159.0,3240.0,9.0,8.0,11.0,51.0,1.0,0.0,0.0,7.0,0.0,0.0,14.0,748.0,918.6,1227.5,582.0,273.2,5.19,8.93,14.12,96.5,10.0,5.5,1155.5,6.0,0.0,8.5,6,Pascal Groß,Midfielder,Brighton
124,2024/25,0,0,0,0,0,0,0,0,0,0,0,0,0,0,0.0,0.0,0.0,0.0,0.0,0.0,0.0,153.0,3112.0,4.0,11.0,7.0,50.0,0.0,0.0,0.0,6.0,0.0,0.0,29.0,724.0,988.6,1674.9,434.0,309.9,6.4,8.89,15.29,102.5,10.0,5.0,1338.5,5.5,0.0,11.5,7,Pascal Groß,Midfielder,Brighton
124,2025/26,78,1636,1,6,6,17,0,0,0,2,0,0,10,389,397.2,668.2,220.0,128.5,1.39,3.95,5.34,0.0,0.0,0.0,0.0,0.0,0.0,0.0,0.0,0.0,0.0,0.0,0.0,0.0,0.0,0.0,0.0,0.0,0.0,0.0,0.0,0.0,112.5,10.5,5.5,1517.5,7.0,0.0,12.5,8,Pascal Groß,Midfielder,Brighton
125,2022/23,15,263,0,1,0,9,0,0,0,0,0,0,0,45,54.4,49.2,53.0,15.5,0.41,0.23,0.64,,,,,,,,,,,,,,,,,,,,,,130.5,11.5,6.5,2037.0,11.5,0.0,15.5,0,Georginio Rutter,Forward,Brighton
125,2024/25,95,1651,5,6,6,29,0,0,0,2,0,0,1,288,355.4,281.8,404.0,103.0,4.57,1.67,6.24,15.0,263.0,0.0,1.0,0.0,9.0,0.0,0.0,0.0,0.0,0.0,0.0,0.0,45.0,54.4,49.2,53.0,15.5,0.41,0.23,0.64,117.5,8.5,6.5,1963.5,11.0,0.0,16.0,1,Georginio Rutter,Forward,Brighton
125,2025/26,87,1776,3,5,7,20,1,0,0,2,0,0,2,290,338.6,349.5,448.0,113.5,2.9,2.9,5.8,95.0,1651.0,5.0,6.0,6.0,29.0,0.0,0.0,0.0,2.0,0.0,0.0,1.0,288.0,355.4,281.8,404.0,103.0,4.57,1.67,6.24,122.5,9.5,7.5,1967.5,10.0,0.0,19.0,2,Georginio Rutter,Forward,Brighton
126,2024/25,50,929,2,3,2,20,1,0,0,1,0,0,2,209,211.4,322.5,219.0,75.3,2.76,2.04,4.8,,,,,,,,,,,,,,,,,,,,,,105.0,7.5,7.0,1767.0,10.0,0.0,17.0,0,Matt O'Riley,Midfielder,Brighton
126,2025/26,16,202,1,0,1,3,0,0,0,0,0,0,2,48,65.4,67.7,63.0,19.6,1.21,0.18,1.39,50.0,929.0,2.0,3.0,2.0,20.0,1.0,0.0,0.0,1.0,0.0,0.0,2.0,209.0,211.4,322.5,219.0,75.3,2.76,2.04,4.8,63.5,3.5,4.5,1035.0,6.5,0.0,8.0,1,Matt O'Riley,Midfielder,Brighton
127,2024/25,30,507,1,1,0,13,0,0,0,0,0,0,2,130,124.2,143.2,69.0,33.6,0.82,1.16,1.98,,,,,,,,,,,,,,,,,,,,,,42.0,3.0,2.0,600.0,2.0,0.0,5.0,0,Diego Gómez Amarilla,Midfielder,Brighton
127,2025/26,97,2117,5,1,8,29,0,0,0,9,0,0,9,361,438.2,319.7,432.0,119.0,6.24,1.72,7.96,30.0,507.0,1.0,1.0,0.0,13.0,0.0,0.0,0.0,0.0,0.0,0.0,2.0,130.0,124.2,143.2,69.0,33.6,0.82,1.16,1.98,0.0,0.0,0.0,0.0,0.0,0.0,0.0,1,Diego Gómez Amarilla,Midfielder,Brighton
128,2022/23,26,558,1,1,1,12,0,0,0,2,0,0,2,72,90.0,100.9,102.0,28.5,1.3,0.39,1.69,,,,,,,,,,,,,,,,,,,,,,7.0,0.0,0.0,151.0,1.0,2.0,2.0,0,Facundo Buonanotte,Midfielder,Brighton
128,2023/24,57,1356,3,1,6,19,0,0,0,7,0,0,1,160,254.8,291.3,238.0,78.4,2.34,1.16,3.5,26.0,558.0,1.0,1.0,1.0,12.0,0.0,0.0,0.0,2.0,0.0,0.0,2.0,72.0,90.0,100.9,102.0,28.5,1.3,0.39,1.69,11.0,0.0,0.0,241.0,1.5,4.5,3.5,1,Facundo Buonanotte,Midfielder,Brighton
128,2024/25,75,1508,5,2,2,33,0,0,0,8,0,0,6,299,415.8,415.8,318.0,114.7,4.01,2.29,6.3,57.0,1356.0,3.0,1.0,6.0,19.0,0.0,0.0,0.0,7.0,0.0,0.0,1.0,160.0,254.8,291.3,238.0,78.4,2.34,1.16,3.5,4.0,0.0,0.0,90.0,0.5,2.5,1.5,2,Facundo Buonanotte,Midfielder,Brighton
128,2025/26,3,81,0,0,0,4,0,0,0,1,0,0,0,9,13.2,40.0,21.0,7.4,0.06,0.28,0.34,75.0,1508.0,5.0,2.0,2.0,33.0,0.0,0.0,0.0,8.0,0.0,0.0,6.0,299.0,415.8,415.8,318.0,114.7,4.01,2.29,6.3,0.0,0.0,0.0,0.0,0.0,0.0,0.0,3,Facundo Buonanotte,Midfielder,Brighton
129,2022/23,3,65,0,0,0,2,0,0,0,0,0,0,0,14,7.4,25.5,3.0,3.5,0.02,0.3,0.32,,,,,,,,,,,,,,,,,,,,,,16.5,0.0,0.0,385.0,1.5,17.0,4.5,0,Yasin Ayari,Midfielder,Brighton
129,2023/24,0,0,0,0,0,0,0,0,0,0,0,0,0,0,0.0,0.0,0.0,0.0,0.0,0.0,0.0,3.0,65.0,0.0,0.0,0.0,2.0,0.0,0.0,0.0,0.0,0.0,0.0,0.0,14.0,7.4,25.5,3.0,3.5,0.02,0.3,0.32,109.5,0.0,0.0,2095.0,9.0,88.0,27.5,1,Yasin Ayari,Midfielder,Brighton
129,2024/25,74,1958,2,1,7,28,0,0,0,4,0,0,3,358,363.2,507.5,247.0,111.7,2.51,2.62,5.13,0.0,0.0,0.0,0.0,0.0,0.0,0.0,0.0,0.0,0.0,0.0,0.0,0.0,0.0,0.0,0.0,0.0,0.0,0.0,0.0,0.0,157.5,0.0,0.0,3330.0,13.0,118.5,47.0,2,Yasin Ayari,Midfielder,Brighton
129,2025/26,98,1921,3,4,6,24,0,0,0,1,0,0,7,406,359.8,251.3,231.0,84.5,2.7,1.15,3.85,74.0,1958.0,2.0,1.0,7.0,28.0,0.0,0.0,0.0,4.0,0.0,0.0,3.0,358.0,363.2,507.5,247.0,111.7,2.51,2.62,5.13,132.0,0.0,0.0,3189.5,11.0,96.5,43.0,3,Yasin Ayari,Midfielder,Brighton
130,2024/25,52,1003,1,5,2,22,0,0,0,6,0,0,4,243,328.8,230.4,129.0,68.5,0.8,1.0,1.8,,,,,,,,,,,,,,,,,,,,,,87.0,0.5,4.5,2376.5,6.0,0.0,38.5,0,Mats Wieffer,Defender,Brighton
130,2025/26,94,1901,2,4,6,26,0,0,0,8,0,0,6,398,477.0,291.1,209.0,97.7,1.92,1.86,3.78,52.0,1003.0,1.0,5.0,2.0,22.0,0.0,0.0,0.0,6.0,0.0,0.0,4.0,243.0,328.8,230.4,129.0,68.5,0.8,1.0,1.8,89.0,0.0,5.0,2348.0,6.0,0.0,36.0,1,Mats Wieffer,Defender,Brighton
131,2023/24,34,1314,0,0,2,28,0,0,0,7,0,0,0,174,179.8,134.7,72.0,38.8,0.85,0.24,1.08,,,,,,,,,,,,,,,,,,,,,,65.0,1.0,2.0,2038.0,5.0,0.0,39.0,0,Carlos Baleba,Midfielder,Brighton
131,2024/25,87,2660,3,1,8,40,0,0,0,6,1,0,7,490,515.4,343.7,193.0,105.2,3.1,1.21,4.31,34.0,1314.0,0.0,0.0,2.0,28.0,0.0,0.0,0.0,7.0,0.0,0.0,0.0,174.0,179.8,134.7,72.0,38.8,0.85,0.24,1.08,92.0,1.5,1.0,2616.5,8.5,0.0,42.5,1,Carlos Baleba,Midfielder,Brighton
131,2025/26,56,1646,0,0,7,19,0,0,0,5,0,0,0,231,166.8,156.3,44.0,36.8,0.78,0.72,1.5,87.0,2660.0,3.0,1.0,8.0,40.0,0.0,0.0,0.0,6.0,1.0,0.0,7.0,490.0,515.4,343.7,193.0,105.2,3.1,1.21,4.31,98.5,2.0,0.0,2836.0,10.0,0.0,44.5,2,Carlos Baleba,Midfielder,Brighton
132,2024/25,1,6,0,0,0,0,0,0,0,0,0,0,0,5,2.0,0.9,6.0,0.9,0.0,0.05,0.05,,,,,,,,,,,,,,,,,,,,,,94.0,1.0,0.0,2899.5,10.0,0.0,44.0,0,Harry Howell,Midfielder,Brighton
132,2025/26,4,92,0,0,0,2,0,0,0,0,0,0,0,11,10.2,5.1,2.0,1.8,0.0,0.03,0.03,1.0,6.0,0.0,0.0,0.0,0.0,0.0,0.0,0.0,0.0,0.0,0.0,0.0,5.0,2.0,0.9,6.0,0.9,0.0,0.05,0.05,100.5,0.5,0.5,3195.5,9.5,0.0,49.5,1,Harry Howell,Midfielder,Brighton
133,2025/26,5,57,0,0,0,2,0,0,0,1,0,0,0,15,6.0,2.4,7.0,1.6,0.04,0.03,0.07,,,,,,,,,,,,,,,,,,,,,,97.0,1.5,0.5,3002.5,7.5,0.0,49.5,0,Tom Watson,Midfielder,Brighton
134,2025/26,1,1,0,0,0,0,0,0,0,0,0,0,0,3,0.0,0.0,0.0,0.0,0.0,0.0,0.0,,,,,,,,,,,,,,,,,,,,,,103.0,2.0,0.0,2936.0,8.0,0.0,45.0,0,Nehemiah Oriola,Midfielder,Brighton
136,2008/09,9,118,1,0,0,0,0,0,0,0,0,0,1,0,0.0,0.0,0.0,0.0,0.0,0.0,0.0,,,,,,,,,,,,,,,,,,,,,,89.0,0.0,2.0,2373.0,11.0,0.0,35.0,0,Danny Welbeck,Forward,Chelsea
136,2009/10,6,141,0,0,0,3,0,0,0,0,0,0,0,0,0.0,0.0,0.0,0.0,0.0,0.0,0.0,9.0,118.0,1.0,0.0,0.0,0.0,0.0,0.0,0.0,0.0,0.0,0.0,1.0,0.0,0.0,0.0,0.0,0.0,0.0,0.0,0.0,118.0,2.0,2.5,2875.0,12.0,0.0,42.5,1,Danny Welbeck,Forward,Chelsea
136,2010/11,79,1756,6,1,9,27,0,0,0,2,0,0,11,0,0.0,0.0,0.0,0.0,0.0,0.0,0.0,6.0,141.0,0.0,0.0,0.0,3.0,0.0,0.0,0.0,0.0,0.0,0.0,0.0,0.0,0.0,0.0,0.0,0.0,0.0,0.0,0.0,102.0,2.0,2.5,2597.0,8.5,0.0,39.5,2,Danny Welbeck,Forward,Chelsea
136,2011/12,112,2012,9,5,11,24,0,0,0,3,0,0,12,0,0.0,0.0,0.0,0.0,0.0,0.0,0.0,79.0,1756.0,6.0,1.0,9.0,27.0,0.0,0.0,0.0,2.0,0.0,0.0,11.0,0.0,0.0,0.0,0.0,0.0,0.0,0.0,0.0,60.5,1.0,2.0,1977.5,3.5,0.0,32.5,3,Danny Welbeck,Forward,Chelsea
136,2012/13,57,1301,1,4,4,12,0,0,0,1,0,0,2,0,0.0,0.0,0.0,0.0,0.0,0.0,0.0,112.0,2012.0,9.0,5.0,11.0,24.0,0.0,0.0,0.0,3.0,0.0,0.0,12.0,0.0,0.0,0.0,0.0,0.0,0.0,0.0,0.0,70.0,1.5,1.5,2103.5,5.0,0.0,29.0,4,Danny Welbeck,Forward,Chelsea
136,2013/14,100,1462,9,4,4,22,0,0,0,2,0,0,16,124,0.0,0.0,0.0,0.0,0.0,0.0,0.0,57.0,1301.0,1.0,4.0,4.0,12.0,0.0,0.0,0.0,1.0,0.0,0.0,2.0,0.0,0.0,0.0,0.0,0.0,0.0,0.0,0.0,76.0,1.0,1.0,2069.0,7.0,0.0,22.0,5,Danny Welbeck,Forward,Chelsea
136,2014/15,89,1709,4,7,6,19,0,0,0,3,0,0,10,328,0.0,0.0,0.0,0.0,0.0,0.0,0.0,100.0,1462.0,9.0,4.0,4.0,22.0,0.0,0.0,0.0,2.0,0.0,0.0,16.0,124.0,0.0,0.0,0.0,0.0,0.0,0.0,0.0,1.0,0.0,0.0,11.0,0.0,0.0,0.0,6,Danny Welbeck,Forward,Chelsea
136,2015/16,48,575,4,3,3,10,0,0,0,1,0,0,7,175,0.0,0.0,0.0,0.0,0.0,0.0,0.0,89.0,1709.0,4.0,7.0,6.0,19.0,0.0,0.0,0.0,3.0,0.0,0.0,10.0,328.0,0.0,0.0,0.0,0.0,0.0,0.0,0.0,2.5,0.0,0.0,258.5,0.0,0.0,8.0,7,Danny Welbeck,Forward,Chelsea
136,2016/17,37,748,2,2,3,11,0,0,0,0,0,0,0,117,144.8,89.9,321.0,55.5,0.0,0.0,0.0,48.0,575.0,4.0,3.0,3.0,10.0,0.0,0.0,0.0,1.0,0.0,0.0,7.0,175.0,0.0,0.0,0.0,0.0,0.0,0.0,0.0,3.5,0.0,0.0,353.5,0.0,0.0,10.5,8,Danny Welbeck,Forward,Chelsea
136,2017/18,70,1178,5,2,4,21,0,0,0,1,0,0,6,249,309.8,212.8,435.0,96.0,0.0,0.0,0.0,37.0,748.0,2.0,2.0,3.0,11.0,0.0,0.0,0.0,0.0,0.0,0.0,0.0,117.0,144.8,89.9,321.0,55.5,0.0,0.0,0.0,4.0,0.0,0.0,171.0,0.0,0.0,4.5,9,Danny Welbeck,Forward,Chelsea
136,2018/19,19,146,1,1,0,3,0,0,0,0,0,0,3,63,73.6,56.8,66.0,19.5,0.0,0.0,0.0,70.0,1178.0,5.0,2.0,4.0,21.0,0.0,0.0,0.0,1.0,0.0,0.0,6.0,249.0,309.8,212.8,435.0,96.0,0.0,0.0,0.0,47.5,1.0,1.0,1521.5,3.0,0.0,28.5,10,Danny Welbeck,Forward,Chelsea
136,2019/20,39,813,2,1,1,15,0,0,0,0,0,0,3,93,128.2,51.5,350.0,53.0,0.0,0.0,0.0,19.0,146.0,1.0,1.0,0.0,3.0,0.0,0.0,0.0,0.0,0.0,0.0,3.0,63.0,73.6,56.8,66.0,19.5,0.0,0.0,0.0,109.0,2.0,2.0,3048.0,10.0,0.0,47.5,11,Danny Welbeck,Forward,Chelsea
136,2020/21,89,1541,6,4,6,18,0,0,1,0,0,0,15,286,319.8,269.7,595.0,117.7,0.0,0.0,0.0,39.0,813.0,2.0,1.0,1.0,15.0,0.0,0.0,0.0,0.0,0.0,0.0,3.0,93.0,128.2,51.5,350.0,53.0,0.0,0.0,0.0,123.0,1.5,3.0,3191.0,12.5,0.0,45.5,12,Danny Welbeck,Forward,Chelsea
136,2021/22,89,1469,6,4,5,16,0,0,0,0,0,0,13,247,361.8,228.9,598.0,117.8,0.0,0.0,0.0,89.0,1541.0,6.0,4.0,6.0,18.0,0.0,0.0,1.0,0.0,0.0,0.0,15.0,286.0,319.8,269.7,595.0,117.7,0.0,0.0,0.0,124.0,1.0,3.5,3169.0,11.5,0.0,44.5,13,Danny Welbeck,Forward,Chelsea
136,2022/23,91,1844,6,5,6,28,0,0,0,0,0,0,5,296,378.2,390.6,782.0,155.4,8.59,1.65,10.24,89.0,1469.0,6.0,4.0,5.0,16.0,0.0,0.0,0.0,0.0,0.0,0.0,13.0,247.0,361.8,228.9,598.0,117.8,0.0,0.0,0.0,65.0,0.5,1.5,1590.0,6.0,0.0,21.0,14,Danny Welbeck,Forward,Chelsea
136,2023/24,79,1687,5,4,8,28,0,0,0,4,0,0,5,261,326.2,320.9,492.0,114.0,5.09,1.46,6.55,91.0,1844.0,6.0,5.0,6.0,28.0,0.0,0.0,0.0,0.0,0.0,0.0,5.0,296.0,378.2,390.6,782.0,155.4,8.59,1.65,10.24,23.5,0.0,0.5,574.5,2.0,0.0,6.5,15,Danny Welbeck,Forward,Chelsea
136,2024/25,125,2109,10,5,7,37,0,0,0,5,0,0,21,484,550.2,331.3,676.0,155.8,9.58,1.36,10.94,79.0,1687.0,5.0,4.0,8.0,28.0,0.0,0.0,0.0,4.0,0.0,0.0,5.0,261.0,326.2,320.9,492.0,114.0,5.09,1.46,6.55,47.0,0.0,1.0,1119.0,4.0,0.0,11.0,16,Danny Welbeck,Forward,Chelsea
136,2025/26,126,2249,13,1,10,28,0,0,2,5,0,0,18,511,578.8,309.7,803.0,168.2,12.36,1.4,13.76,125.0,2109.0,10.0,5.0,7.0,37.0,0.0,0.0,0.0,5.0,0.0,0.0,21.0,484.0,550.2,331.3,676.0,155.8,9.58,1.36,10.94,85.0,2.0,0.0,2462.0,6.0,0.0,37.0,17,Danny Welbeck,Forward,Chelsea
137,2025/26,16,132,1,1,0,2,0,0,0,0,0,0,0,55,66.6,65.7,44.0,17.7,0.44,0.11,0.55,,,,,,,,,,,,,,,,,,,,,,70.0,1.0,0.0,2240.5,5.5,0.0,35.0,0,Stefanos Tzimas,Forward,Brighton
138,2025/26,35,351,2,1,1,9,0,0,0,2,0,0,3,140,143.6,126.5,255.0,52.4,2.12,0.54,2.66,,,,,,,,,,,,,,,,,,,,,,55.0,0.0,0.0,2019.0,5.0,0.0,33.0,0,Charalampos Kostoulas,Forward,Brighton
139,2021/22,1,22,0,0,0,1,0,0,0,0,0,0,0,4,2.0,4.8,2.0,0.9,0.0,0.0,0.0,,,,,,,,,,,,,,,,,,,,,,0.0,0.0,0.0,0.0,0.0,0.0,0.0,0,Evan Ferguson,Forward,Brighton
139,2022/23,65,942,6,2,6,12,0,0,0,1,0,0,8,213,286.2,150.4,361.0,79.9,5.44,0.54,5.98,1.0,22.0,0.0,0.0,0.0,1.0,0.0,0.0,0.0,0.0,0.0,0.0,0.0,4.0,2.0,4.8,2.0,0.9,0.0,0.0,0.0,0.0,0.0,0.0,0.0,0.0,0.0,0.0,1,Evan Ferguson,Forward,Brighton
139,2023/24,69,1356,6,1,2,28,0,0,0,1,0,0,5,218,275.0,106.7,393.0,77.3,4.49,0.77,5.26,65.0,942.0,6.0,2.0,6.0,12.0,0.0,0.0,0.0,1.0,0.0,0.0,8.0,213.0,286.2,150.4,361.0,79.9,5.44,0.54,5.98,3.0,0.0,0.0,236.5,0.0,0.0,5.5,2,Evan Ferguson,Forward,Brighton
139,2024/25,28,385,1,0,1,9,0,0,0,0,0,0,2,97,80.0,68.5,104.0,25.0,1.13,0.66,1.79,69.0,1356.0,6.0,1.0,2.0,28.0,0.0,0.0,0.0,1.0,0.0,0.0,5.0,218.0,275.0,106.7,393.0,77.3,4.49,0.77,5.26,6.0,0.0,0.0,473.0,0.0,0.0,11.0,3,Evan Ferguson,Forward,Brighton
139,2025/26,0,0,0,0,0,0,0,0,0,0,0,0,0,0,0.0,0.0,0.0,0.0,0.0,0.0,0.0,28.0,385.0,1.0,0.0,1.0,9.0,0.0,0.0,0.0,0.0,0.0,0.0,2.0,97.0,80.0,68.5,104.0,25.0,1.13,0.66,1.79,11.0,0.0,0.0,200.0,0.0,0.0,5.0,4,Evan Ferguson,Forward,Brighton
140,2020/21,101,2430,0,0,10,27,0,0,0,2,0,66,8,514,542.2,10.0,4.0,55.8,0.0,0.0,0.0,,,,,,,,,,,,,,,,,,,,,,84.0,0.5,1.5,2469.0,8.0,0.0,38.5,0,Robert Lynch Sánchez,Goalkeeper,Chelsea
140,2021/22,126,3330,0,0,11,42,0,0,0,3,1,101,8,679,811.0,30.0,0.0,84.0,0.0,0.0,0.0,101.0,2430.0,0.0,0.0,10.0,27.0,0.0,0.0,0.0,2.0,0.0,66.0,8.0,514.0,542.2,10.0,4.0,55.8,0.0,0.0,0.0,61.5,0.0,1.0,1856.0,6.0,0.0,31.5,1,Robert Lynch Sánchez,Goalkeeper,Chelsea
140,2022/23,82,2070,0,0,6,30,0,1,0,2,0,48,10,380,439.0,0.1,0.0,43.9,0.0,0.01,0.01,126.0,3330.0,0.0,0.0,11.0,42.0,0.0,0.0,0.0,3.0,1.0,101.0,8.0,679.0,811.0,30.0,0.0,84.0,0.0,0.0,0.0,59.5,0.5,0.5,1343.5,5.5,0.0,16.0,2,Robert Lynch Sánchez,Goalkeeper,Chelsea
140,2023/24,59,1433,0,0,3,25,0,1,0,2,0,53,7,317,450.6,0.1,0.0,45.2,0.0,0.0,0.0,82.0,2070.0,0.0,0.0,6.0,30.0,0.0,1.0,0.0,2.0,0.0,48.0,10.0,380.0,439.0,0.1,0.0,43.9,0.0,0.01,0.01,44.5,0.5,0.5,1011.5,3.5,0.0,12.5,3,Robert Lynch Sánchez,Goalkeeper,Chelsea
140,2024/25,126,2880,0,0,10,34,0,1,0,5,0,95,11,470,755.6,20.0,0.0,77.5,0.0,0.02,0.02,59.0,1433.0,0.0,0.0,3.0,25.0,0.0,1.0,0.0,2.0,0.0,53.0,7.0,317.0,450.6,0.1,0.0,45.2,0.0,0.0,0.0,27.0,0.0,0.0,695.0,2.0,0.0,9.0,4,Robert Lynch Sánchez,Goalkeeper,Chelsea
140,2025/26,113,3040,0,1,9,49,0,0,0,3,1,98,7,509,822.2,50.0,0.0,86.7,0.0,0.04,0.04,126.0,2880.0,0.0,0.0,10.0,34.0,0.0,1.0,0.0,5.0,0.0,95.0,11.0,470.0,755.6,20.0,0.0,77.5,0.0,0.02,0.02,8.0,0.0,0.0,316.0,0.0,0.0,5.0,5,Robert Lynch Sánchez,Goalkeeper,Chelsea
141,2024/25,18,540,0,0,1,9,0,0,0,0,0,20,0,59,157.6,0.0,0.0,15.9,0.0,0.0,0.0,,,,,,,,,,,,,,,,,,,,,,8.0,0.0,0.0,316.0,0.0,0.0,5.0,0,Filip Jörgensen,Goalkeeper,Chelsea
141,2025/26,9,378,0,0,0,5,0,0,0,0,0,8,0,50,79.8,0.0,0.0,7.9,0.0,0.0,0.0,18.0,540.0,0.0,0.0,1.0,9.0,0.0,0.0,0.0,0.0,0.0,20.0,0.0,59.0,157.6,0.0,0.0,15.9,0.0,0.0,0.0,,,,,,,,1,Filip Jörgensen,Goalkeeper,Chelsea
142,2019/20,61,1510,0,2,5,23,0,0,0,1,0,0,5,373,343.6,428.8,143.0,91.8,0.0,0.0,0.0,,,,,,,,,,,,,,,,,,,,,,35.0,3.0,1.0,636.0,2.0,0.0,13.0,0,Reece James,Defender,Chelsea
142,2020/21,112,2367,1,3,9,29,0,0,0,3,0,0,15,572,527.4,697.3,399.0,162.8,0.0,0.0,0.0,61.0,1510.0,0.0,2.0,5.0,23.0,0.0,0.0,0.0,1.0,0.0,0.0,5.0,373.0,343.6,428.8,143.0,91.8,0.0,0.0,0.0,98.0,5.5,6.0,1875.5,6.0,0.0,26.5,1,Reece James,Defender,Chelsea
142,2021/22,141,1863,5,9,7,22,1,0,0,4,1,0,26,573,605.2,733.4,440.0,178.0,0.0,0.0,0.0,112.0,2367.0,1.0,3.0,9.0,29.0,0.0,0.0,0.0,3.0,0.0,0.0,15.0,572.0,527.4,697.3,399.0,162.8,0.0,0.0,0.0,161.0,8.0,11.0,3115.0,10.0,0.0,40.0,2,Reece James,Defender,Chelsea
142,2022/23,44,1242,1,2,2,17,0,0,0,4,0,0,5,286,292.2,358.2,153.0,80.4,1.06,2.93,3.99,141.0,1863.0,5.0,9.0,7.0,22.0,1.0,0.0,0.0,4.0,1.0,0.0,26.0,573.0,605.2,733.4,440.0,178.0,0.0,0.0,0.0,94.0,1.0,7.0,2458.0,3.0,0.0,54.0,3,Reece James,Defender,Chelsea
142,2023/24,11,416,0,2,0,13,0,0,0,0,2,0,0,106,137.4,172.1,61.0,37.1,0.3,1.36,1.66,44.0,1242.0,1.0,2.0,2.0,17.0,0.0,0.0,0.0,4.0,0.0,0.0,5.0,286.0,292.2,358.2,153.0,80.4,1.06,2.93,3.99,100.5,2.5,6.5,2172.5,5.0,0.0,43.0,4,Reece James,Defender,Chelsea
142,2024/25,54,1057,1,2,3,14,0,0,0,1,0,0,5,223,207.6,202.1,56.0,46.7,0.45,1.15,1.6,11.0,416.0,0.0,2.0,0.0,13.0,0.0,0.0,0.0,0.0,2.0,0.0,0.0,106.0,137.4,172.1,61.0,37.1,0.3,1.36,1.66,112.0,4.5,4.5,2145.5,9.0,0.0,33.0,5,Reece James,Defender,Chelsea
142,2025/26,115,1957,2,6,8,20,0,0,0,4,0,0,11,493,459.0,483.7,116.0,106.1,1.04,3.2,4.24,54.0,1057.0,1.0,2.0,3.0,14.0,0.0,0.0,0.0,1.0,0.0,0.0,5.0,223.0,207.6,202.1,56.0,46.7,0.45,1.15,1.6,58.5,2.5,1.5,1202.0,5.5,0.0,17.0,6,Reece James,Defender,Chelsea
143,2017/18,0,0,0,0,0,0,0,0,0,0,0,0,0,0,0.0,0.0,0.0,0.0,0.0,0.0,0.0,,,,,,,,,,,,,,,,,,,,,,5.5,0.0,0.0,44.5,0.0,0.0,1.0,0,Trevoh Chalobah,Defender,Chelsea
143,2021/22,99,1447,3,1,9,9,0,0,0,2,0,0,11,396,405.8,105.8,151.0,66.1,0.0,0.0,0.0,0.0,0.0,0.0,0.0,0.0,0.0,0.0,0.0,0.0,0.0,0.0,0.0,0.0,0.0,0.0,0.0,0.0,0.0,0.0,0.0,0.0,11.0,0.0,0.0,89.0,0.0,0.0,2.0,1,Trevoh Chalobah,Defender,Chelsea
143,2022/23,49,1601,0,0,5,24,1,0,0,4,0,0,1,318,294.6,94.0,112.0,50.3,0.82,0.32,1.14,99.0,1447.0,3.0,1.0,9.0,9.0,0.0,0.0,0.0,2.0,0.0,0.0,11.0,396.0,405.8,105.8,151.0,66.1,0.0,0.0,0.0,,,,,,,,2,Trevoh Chalobah,Defender,Chelsea
143,2023/24,39,949,1,0,3,14,0,0,0,1,0,0,4,221,250.8,45.4,38.0,33.4,0.2,0.16,0.36,49.0,1601.0,0.0,0.0,5.0,24.0,1.0,0.0,0.0,4.0,0.0,0.0,1.0,318.0,294.6,94.0,112.0,50.3,0.82,0.32,1.14,63.0,3.0,5.0,1087.0,3.0,0.0,14.0,3,Trevoh Chalobah,Defender,Chelsea
143,2024/25,93,1969,3,1,6,25,0,0,0,3,0,0,11,379,496.4,124.2,222.0,84.6,1.98,0.64,2.62,39.0,949.0,1.0,0.0,3.0,14.0,0.0,0.0,0.0,1.0,0.0,0.0,4.0,221.0,250.8,45.4,38.0,33.4,0.2,0.16,0.36,90.0,3.0,5.5,1955.0,7.5,0.0,24.5,4,Trevoh Chalobah,Defender,Chelsea
143,2025/26,136,2780,3,1,9,40,0,0,0,3,1,0,7,516,719.2,111.2,160.0,99.1,1.44,1.03,2.47,93.0,1969.0,3.0,1.0,6.0,25.0,0.0,0.0,0.0,3.0,0.0,0.0,11.0,379.0,496.4,124.2,222.0,84.6,1.98,0.64,2.62,125.0,4.5,5.0,3089.5,11.5,0.0,42.5,5,Trevoh Chalobah,Defender,Chelsea
144,2023/24,74,1746,0,6,5,28,0,0,0,7,1,0,10,409,434.8,494.8,174.0,110.4,1.01,3.39,4.4,,,,,,,,,,,,,,,,,,,,,,126.5,6.0,4.0,2992.5,8.5,0.0,46.0,0,Malo Gusto,Defender,Chelsea
144,2024/25,60,1853,0,1,4,26,0,0,0,4,0,0,2,285,336.8,394.6,147.0,87.9,1.44,1.91,3.35,74.0,1746.0,0.0,6.0,5.0,28.0,0.0,0.0,0.0,7.0,1.0,0.0,10.0,409.0,434.8,494.8,174.0,110.4,1.01,3.39,4.4,103.0,4.5,3.5,2485.0,6.0,0.0,45.5,1,Malo Gusto,Defender,Chelsea
144,2025/26,96,2255,2,3,7,36,1,0,0,3,1,0,7,406,443.6,448.5,205.0,109.8,1.56,2.97,4.53,60.0,1853.0,0.0,1.0,4.0,26.0,0.0,0.0,0.0,4.0,0.0,0.0,2.0,285.0,336.8,394.6,147.0,87.9,1.44,1.91,3.35,81.5,2.5,4.5,1977.0,5.0,0.0,38.0,2,Malo Gusto,Defender,Chelsea
145,2020/21,71,2260,0,1,7,30,0,0,0,7,0,0,5,464,502.0,107.8,121.0,73.4,0.0,0.0,0.0,,,,,,,,,,,,,,,,,,,,,,99.0,2.5,6.5,2319.0,5.5,0.0,36.5,0,Wesley Fofana,Defender,Chelsea
145,2021/22,17,630,0,0,1,7,0,0,0,2,0,0,2,112,131.4,30.1,32.0,19.4,0.0,0.0,0.0,71.0,2260.0,0.0,1.0,7.0,30.0,0.0,0.0,0.0,7.0,0.0,0.0,5.0,464.0,502.0,107.8,121.0,73.4,0.0,0.0,0.0,121.0,3.0,7.0,3025.0,7.0,0.0,46.0,1,Wesley Fofana,Defender,Chelsea
145,2022/23,37,1362,1,0,2,24,0,0,0,4,0,0,4,244,294.6,59.6,86.0,44.4,0.74,0.29,1.03,17.0,630.0,0.0,0.0,1.0,7.0,0.0,0.0,0.0,2.0,0.0,0.0,2.0,112.0,131.4,30.1,32.0,19.4,0.0,0.0,0.0,37.0,1.0,3.0,750.0,2.0,0.0,13.0,2,Wesley Fofana,Defender,Chelsea
145,2023/24,0,0,0,0,0,0,0,0,0,0,0,0,0,0,0.0,0.0,0.0,0.0,0.0,0.0,0.0,37.0,1362.0,1.0,0.0,2.0,24.0,0.0,0.0,0.0,4.0,0.0,0.0,4.0,244.0,294.6,59.6,86.0,44.4,0.74,0.29,1.03,68.5,2.5,4.0,1357.0,5.0,0.0,22.5,3,Wesley Fofana,Defender,Chelsea
145,2024/25,26,1172,0,0,2,13,0,0,0,7,0,0,2,162,200.2,85.0,33.0,31.9,0.44,0.18,0.62,0.0,0.0,0.0,0.0,0.0,0.0,0.0,0.0,0.0,0.0,0.0,0.0,0.0,0.0,0.0,0.0,0.0,0.0,0.0,0.0,0.0,124.0,7.0,8.0,2013.5,6.5,0.0,32.0,4,Wesley Fofana,Defender,Chelsea
145,2025/26,65,1718,0,2,4,25,0,0,0,5,2,0,3,288,463.6,65.6,74.0,60.4,0.72,0.6,1.32,26.0,1172.0,0.0,0.0,2.0,13.0,0.0,0.0,0.0,7.0,0.0,0.0,2.0,162.0,200.2,85.0,33.0,31.9,0.44,0.18,0.62,97.5,5.5,6.5,1597.5,3.5,0.0,25.5,5,Wesley Fofana,Defender,Chelsea
146,2022/23,40,904,1,0,4,9,0,0,0,2,0,0,2,209,219.8,49.1,81.0,35.1,1.26,0.2,1.46,,,,,,,,,,,,,,,,,,,,,,47.0,1.0,2.0,1132.0,2.0,0.0,19.0,0,Benoît Badiashile Mukinayi,Defender,Chelsea
146,2023/24,35,1337,0,1,3,31,1,0,0,3,0,0,4,267,336.4,87.4,51.0,47.5,0.27,0.92,1.19,40.0,904.0,1.0,0.0,4.0,9.0,0.0,0.0,0.0,2.0,0.0,0.0,2.0,209.0,219.8,49.1,81.0,35.1,1.26,0.2,1.46,84.0,3.0,3.0,2312.0,6.0,0.0,41.0,1,Benoît Badiashile Mukinayi,Defender,Chelsea
146,2024/25,7,332,0,0,0,5,0,0,0,0,0,0,0,35,66.0,12.6,0.0,7.9,0.0,0.08,0.08,35.0,1337.0,0.0,1.0,3.0,31.0,1.0,0.0,0.0,3.0,0.0,0.0,4.0,267.0,336.4,87.4,51.0,47.5,0.27,0.92,1.19,99.0,3.0,5.0,2821.0,10.0,0.0,43.5,2,Benoît Badiashile Mukinayi,Defender,Chelsea
146,2025/26,7,470,0,0,0,10,0,0,0,2,0,0,0,48,102.8,7.9,2.0,11.4,0.0,0.06,0.06,7.0,332.0,0.0,0.0,0.0,5.0,0.0,0.0,0.0,0.0,0.0,0.0,0.0,35.0,66.0,12.6,0.0,7.9,0.0,0.08,0.08,112.0,3.0,5.5,3210.0,12.0,0.0,47.0,3,Benoît Badiashile Mukinayi,Defender,Chelsea
147,2016/17,0,0,0,0,0,0,0,0,0,0,0,0,0,0,0.0,0.0,0.0,0.0,0.0,0.0,0.0,,,,,,,,,,,,,,,,,,,,,,100.0,2.0,4.5,2891.0,10.0,0.0,39.5,0,Tosin Adarabioyo,Defender,Chelsea
147,2017/18,0,0,0,0,0,0,0,0,0,0,0,0,0,0,0.0,0.0,0.0,0.0,0.0,0.0,0.0,0.0,0.0,0.0,0.0,0.0,0.0,0.0,0.0,0.0,0.0,0.0,0.0,0.0,0.0,0.0,0.0,0.0,0.0,0.0,0.0,0.0,104.5,3.5,5.0,2846.0,8.5,0.0,42.5,1,Tosin Adarabioyo,Defender,Chelsea
147,2020/21,100,2953,0,1,9,41,1,0,0,1,0,0,11,571,673.8,70.1,223.0,97.1,0.0,0.0,0.0,0.0,0.0,0.0,0.0,0.0,0.0,0.0,0.0,0.0,0.0,0.0,0.0,0.0,0.0,0.0,0.0,0.0,0.0,0.0,0.0,0.0,98.5,3.5,4.5,2608.5,7.5,0.0,44.0,2,Tosin Adarabioyo,Defender,Chelsea
147,2022/23,49,2084,1,0,3,39,0,0,0,4,0,0,1,353,514.4,90.1,128.0,73.4,0.71,0.47,1.18,100.0,2953.0,0.0,1.0,9.0,41.0,1.0,0.0,0.0,1.0,0.0,0.0,11.0,571.0,673.8,70.1,223.0,97.1,0.0,0.0,0.0,78.0,1.0,4.0,2217.0,8.0,0.0,34.0,3,Tosin Adarabioyo,Defender,Chelsea
147,2023/24,66,1616,2,0,6,25,0,0,0,2,0,0,2,327,431.8,39.3,152.0,62.4,0.78,0.32,1.1,49.0,2084.0,1.0,0.0,3.0,39.0,0.0,0.0,0.0,4.0,0.0,0.0,1.0,353.0,514.4,90.1,128.0,73.4,0.71,0.47,1.18,0.0,0.0,0.0,0.0,0.0,0.0,0.0,4,Tosin Adarabioyo,Defender,Chelsea
147,2024/25,71,1403,1,1,7,14,0,0,0,4,0,0,7,305,352.2,48.2,92.0,49.6,0.93,0.23,1.16,66.0,1616.0,2.0,0.0,6.0,25.0,0.0,0.0,0.0,2.0,0.0,0.0,2.0,327.0,431.8,39.3,152.0,62.4,0.78,0.32,1.1,3.5,0.0,0.0,108.0,0.0,0.0,1.0,5,Tosin Adarabioyo,Defender,Chelsea
147,2025/26,34,788,0,0,2,14,0,0,0,2,0,0,2,130,240.4,33.3,19.0,29.3,0.11,0.4,0.5,71.0,1403.0,1.0,1.0,7.0,14.0,0.0,0.0,0.0,4.0,0.0,0.0,7.0,305.0,352.2,48.2,92.0,49.6,0.93,0.23,1.16,7.0,0.0,0.0,212.5,0.5,0.0,1.5,6,Tosin Adarabioyo,Defender,Chelsea
148,2025/26,19,1139,0,0,0,27,0,0,0,7,0,0,0,93,233.2,114.9,36.0,38.4,0.3,0.61,0.91,,,,,,,,,,,,,,,,,,,,,,59.5,3.0,2.0,1248.5,4.0,0.0,17.0,0,Jorrel Hato,Defender,Chelsea
149,2022/23,46,1218,0,2,3,21,0,0,0,1,0,0,6,249,236.2,101.9,50.0,38.9,1.41,0.31,1.72,,,,,,,,,,,,,,,,,,,,,,93.5,4.0,3.5,2124.5,7.0,0.0,27.5,0,Levi Samuels Colwill,Defender,Chelsea
149,2023/24,65,1794,1,1,5,26,0,0,0,2,0,0,4,355,394.6,113.2,163.0,67.2,1.29,0.53,1.82,46.0,1218.0,0.0,2.0,3.0,21.0,0.0,0.0,0.0,1.0,0.0,0.0,6.0,249.0,236.2,101.9,50.0,38.9,1.41,0.31,1.72,116.5,5.0,6.0,2518.5,8.0,0.0,36.5,1,Levi Samuels Colwill,Defender,Chelsea
149,2024/25,109,3150,2,1,10,41,0,0,0,9,0,0,6,461,692.0,214.3,185.0,109.4,1.92,1.31,3.23,65.0,1794.0,1.0,1.0,5.0,26.0,0.0,0.0,0.0,2.0,0.0,0.0,4.0,355.0,394.6,113.2,163.0,67.2,1.29,0.53,1.82,151.0,6.5,10.0,2988.0,10.5,0.0,43.5,2,Levi Samuels Colwill,Defender,Chelsea
149,2025/26,8,225,0,0,0,4,0,0,0,0,0,0,0,30,66.0,7.6,6.0,8.0,0.0,0.12,0.12,109.0,3150.0,2.0,1.0,10.0,41.0,0.0,0.0,0.0,9.0,0.0,0.0,6.0,461.0,692.0,214.3,185.0,109.4,1.92,1.31,3.23,73.5,2.5,5.5,1514.5,6.0,0.0,20.0,3,Levi Samuels Colwill,Defender,Chelsea
150,2025/26,3,100,0,0,0,3,0,0,0,0,0,0,0,4,6.4,0.1,7.0,1.3,0.35,0.0,0.35,,,,,,,,,,,,,,,,,,,,,,72.5,4.0,3.0,1591.5,1.5,0.0,38.0,0,Mamadou Sarr,Defender,Chelsea
151,2023/24,1,5,0,0,0,0,0,0,0,0,0,0,0,4,15.0,0.0,0.0,1.5,0.0,0.0,0.0,,,,,,,,,,,,,,,,,,,,,,44.0,3.0,1.0,567.0,1.0,0.0,10.0,0,Josh Acheampong,Defender,Chelsea
151,2024/25,4,168,0,0,0,3,0,0,0,1,0,0,0,8,13.6,2.5,13.0,2.9,0.22,0.01,0.23,1.0,5.0,0.0,0.0,0.0,0.0,0.0,0.0,0.0,0.0,0.0,0.0,0.0,4.0,15.0,0.0,0.0,1.5,0.0,0.0,0.0,44.0,0.0,1.0,1773.0,3.0,0.0,30.0,1,Josh Acheampong,Defender,Chelsea
151,2025/26,39,657,1,0,2,13,0,0,0,1,0,0,5,118,132.6,40.9,70.0,24.4,0.62,0.13,0.75,4.0,168.0,0.0,0.0,0.0,3.0,0.0,0.0,0.0,1.0,0.0,0.0,0.0,8.0,13.6,2.5,13.0,2.9,0.22,0.01,0.23,42.0,0.0,1.0,1713.0,5.0,0.0,26.0,2,Josh Acheampong,Defender,Chelsea
153,2023/24,71,2579,2,0,5,50,1,0,0,6,0,0,6,468,573.2,105.5,172.0,85.1,2.35,1.46,3.81,,,,,,,,,,,,,,,,,,,,,,48.5,0.5,0.5,1686.5,6.5,0.0,22.0,0,Axel Disasi,Defender,Chelsea
153,2024/25,33,851,1,0,3,12,0,0,0,3,0,0,0,133,169.6,75.6,51.0,29.7,0.37,0.37,0.74,71.0,2579.0,2.0,0.0,5.0,50.0,1.0,0.0,0.0,6.0,0.0,0.0,6.0,468.0,573.2,105.5,172.0,85.1,2.35,1.46,3.81,57.0,1.0,0.0,1720.0,6.0,0.0,22.0,1,Axel Disasi,Defender,Chelsea
153,2025/26,49,1254,0,0,6,17,1,0,0,1,0,0,1,186,220.8,19.9,84.0,32.4,1.1,0.03,1.13,33.0,851.0,1.0,0.0,3.0,12.0,0.0,0.0,0.0,3.0,0.0,0.0,0.0,133.0,169.6,75.6,51.0,29.7,0.37,0.37,0.74,77.0,1.0,3.0,2486.0,9.0,0.0,37.0,2,Axel Disasi,Defender,Chelsea
154,2019/20,0,0,0,0,0,0,0,0,0,0,0,0,0,0,0.0,0.0,0.0,0.0,0.0,0.0,0.0,,,,,,,,,,,,,,,,,,,,,,71.5,1.5,1.5,2285.5,7.0,0.0,37.5,0,Cole Palmer,Midfielder,Chelsea
154,2020/21,0,0,0,0,0,0,0,0,0,0,0,0,0,0,0.0,0.0,0.0,0.0,0.0,0.0,0.0,0.0,0.0,0.0,0.0,0.0,0.0,0.0,0.0,0.0,0.0,0.0,0.0,0.0,0.0,0.0,0.0,0.0,0.0,0.0,0.0,0.0,65.5,2.5,0.0,1849.0,5.5,0.0,30.5,1,Cole Palmer,Midfielder,Chelsea
154,2021/22,9,121,0,1,1,0,0,0,0,0,0,0,0,29,11.0,30.8,60.0,10.2,0.0,0.0,0.0,0.0,0.0,0.0,0.0,0.0,0.0,0.0,0.0,0.0,0.0,0.0,0.0,0.0,0.0,0.0,0.0,0.0,0.0,0.0,0.0,0.0,65.0,3.0,0.0,1613.0,6.0,0.0,23.0,2,Cole Palmer,Midfielder,Chelsea
154,2022/23,19,358,0,1,1,4,0,0,0,1,0,0,0,76,73.0,88.7,155.0,31.9,0.36,0.49,0.85,9.0,121.0,0.0,1.0,1.0,0.0,0.0,0.0,0.0,0.0,0.0,0.0,0.0,29.0,11.0,30.8,60.0,10.2,0.0,0.0,0.0,0.0,0.0,0.0,0.0,0.0,0.0,0.0,3,Cole Palmer,Midfielder,Chelsea
154,2023/24,244,2617,22,13,7,46,0,0,0,7,0,0,32,844,1240.2,1022.5,1016.0,327.8,17.35,8.17,25.52,19.0,358.0,0.0,1.0,1.0,4.0,0.0,0.0,0.0,1.0,0.0,0.0,0.0,76.0,73.0,88.7,155.0,31.9,0.36,0.49,0.85,0.0,0.0,0.0,0.0,0.0,0.0,0.0,4,Cole Palmer,Midfielder,Chelsea
154,2024/25,214,3193,15,10,10,41,0,0,1,7,0,0,35,952,1068.2,1259.2,1052.0,338.0,16.79,9.53,26.32,244.0,2617.0,22.0,13.0,7.0,46.0,0.0,0.0,0.0,7.0,0.0,0.0,32.0,844.0,1240.2,1022.5,1016.0,327.8,17.35,8.17,25.52,,,,,,,,5,Cole Palmer,Midfielder,Chelsea
154,2025/26,114,1954,10,2,3,33,0,0,1,5,0,0,11,430,536.6,393.6,547.0,147.7,10.55,2.49,13.04,214.0,3193.0,15.0,10.0,10.0,41.0,0.0,0.0,1.0,7.0,0.0,0.0,35.0,952.0,1068.2,1259.2,1052.0,338.0,16.79,9.53,26.32,,,,,,,,6,Cole Palmer,Midfielder,Chelsea
155,2022/23,42,1547,0,2,3,25,0,0,0,3,0,0,1,265,315.8,334.3,74.0,72.6,0.78,2.64,3.42,,,,,,,,,,,,,,,,,,,,,,,,,,,,,0,Enzo Fernández,Midfielder,Chelsea
155,2023/24,77,2208,3,3,5,47,0,0,1,7,0,0,4,369,527.2,567.7,369.0,146.3,5.72,3.78,9.5,42.0,1547.0,0.0,2.0,3.0,25.0,0.0,0.0,0.0,3.0,0.0,0.0,1.0,265.0,315.8,334.3,74.0,72.6,0.78,2.64,3.42,21.0,1.0,0.0,649.0,2.0,0.0,18.0,1,Enzo Fernández,Midfielder,Chelsea
155,2024/25,135,2943,6,8,10,37,0,0,0,8,0,0,11,691,761.6,1131.6,517.0,241.3,6.23,6.11,12.34,77.0,2208.0,3.0,3.0,5.0,47.0,0.0,0.0,1.0,7.0,0.0,0.0,4.0,369.0,527.2,567.7,369.0,146.3,5.72,3.78,9.5,48.0,1.5,1.0,1647.5,3.0,0.0,34.5,2,Enzo Fernández,Midfielder,Chelsea
155,2025/26,157,3114,10,5,8,46,0,0,0,10,0,0,19,700,835.6,1063.2,747.0,264.6,11.26,7.26,18.52,135.0,2943.0,6.0,8.0,10.0,37.0,0.0,0.0,0.0,8.0,0.0,0.0,11.0,691.0,761.6,1131.6,517.0,241.3,6.23,6.11,12.34,81.0,2.5,1.5,2810.5,5.0,0.0,55.0,3,Enzo Fernández,Midfielder,Chelsea
156,2019/20,57,920,3,3,1,12,0,0,0,3,0,0,0,194,227.8,232.0,260.0,71.8,0.0,0.0,0.0,,,,,,,,,,,,,,,,,,,,,,87.0,3.0,1.0,2975.0,6.0,0.0,59.0,0,Pedro Lomba Neto,Midfielder,Chelsea
156,2020/21,124,2549,5,8,9,38,0,0,0,4,0,0,10,492,594.2,1007.3,722.0,232.5,0.0,0.0,0.0,57.0,920.0,3.0,3.0,1.0,12.0,0.0,0.0,0.0,3.0,0.0,0.0,0.0,194.0,227.8,232.0,260.0,71.8,0.0,0.0,0.0,168.0,14.0,9.0,3328.0,14.0,0.0,46.0,1,Pedro Lomba Neto,Midfielder,Chelsea
156,2021/22,22,459,1,1,0,14,0,0,0,3,0,0,0,88,103.4,205.1,219.0,52.6,0.0,0.0,0.0,124.0,2549.0,5.0,8.0,9.0,38.0,0.0,0.0,0.0,4.0,0.0,0.0,10.0,492.0,594.2,1007.3,722.0,232.5,0.0,0.0,0.0,149.5,12.5,6.0,3139.0,12.0,0.0,47.0,2,Pedro Lomba Neto,Midfielder,Chelsea
156,2022/23,37,962,0,2,5,15,0,0,0,1,0,0,0,124,96.8,309.5,203.0,60.9,1.12,1.64,2.76,22.0,459.0,1.0,1.0,0.0,14.0,0.0,0.0,0.0,3.0,0.0,0.0,0.0,88.0,103.4,205.1,219.0,52.6,0.0,0.0,0.0,153.0,13.0,5.5,3039.5,11.5,0.0,44.0,3,Pedro Lomba Neto,Midfielder,Chelsea
156,2023/24,86,1516,2,11,3,27,0,0,0,4,0,0,8,310,371.4,599.2,389.0,135.5,3.17,3.69,6.86,37.0,962.0,0.0,2.0,5.0,15.0,0.0,0.0,0.0,1.0,0.0,0.0,0.0,124.0,96.8,309.5,203.0,60.9,1.12,1.64,2.76,201.5,17.0,13.0,3175.5,10.0,0.0,48.0,4,Pedro Lomba Neto,Midfielder,Chelsea
156,2024/25,104,2262,4,6,8,25,0,0,0,8,0,0,9,434,492.0,762.7,545.0,180.0,3.48,4.47,7.95,86.0,1516.0,2.0,11.0,3.0,27.0,0.0,0.0,0.0,4.0,0.0,0.0,8.0,310.0,371.4,599.2,389.0,135.5,3.17,3.69,6.86,207.0,17.5,13.0,2907.5,8.5,0.0,48.0,5,Pedro Lomba Neto,Midfielder,Chelsea
156,2025/26,125,2629,5,7,11,33,0,0,0,2,1,0,9,543,523.0,836.2,505.0,186.7,4.59,6.84,11.43,104.0,2262.0,4.0,6.0,8.0,25.0,0.0,0.0,0.0,8.0,0.0,0.0,9.0,434.0,492.0,762.7,545.0,180.0,3.48,4.47,7.95,186.0,16.0,8.0,2593.0,10.0,0.0,40.0,6,Pedro Lomba Neto,Midfielder,Chelsea
157,2025/26,58,839,2,5,4,11,0,0,0,4,0,0,4,172,183.4,230.9,314.0,72.6,2.91,2.14,5.05,,,,,,,,,,,,,,,,,,,,,,2.0,0.0,0.0,55.0,0.0,0.0,2.0,0,Estêvão Almeida de Oliveira Gonçalves,Midfielder,Chelsea
158,2025/26,25,486,0,2,1,7,0,0,0,0,0,0,0,99,93.0,130.4,91.0,31.3,0.81,0.94,1.75,,,,,,,,,,,,,,,,,,,,,,44.0,2.5,1.5,885.0,2.0,0.0,16.5,0,Jamie Bynoe-Gittens,Midfielder,Chelsea
159,2020/21,0,0,0,0,0,0,0,0,0,0,0,0,0,0,0.0,0.0,0.0,0.0,0.0,0.0,0.0,,,,,,,,,,,,,,,,,,,,,,43.0,2.5,1.5,857.5,2.0,0.0,15.5,0,Moisés Caicedo Corozo,Midfielder,Chelsea
159,2021/22,27,660,1,1,4,6,0,0,0,2,0,0,1,124,145.4,64.6,131.0,34.1,0.0,0.0,0.0,0.0,0.0,0.0,0.0,0.0,0.0,0.0,0.0,0.0,0.0,0.0,0.0,0.0,0.0,0.0,0.0,0.0,0.0,0.0,0.0,0.0,76.5,7.5,3.0,1103.0,3.5,0.0,17.0,1,Moisés Caicedo Corozo,Midfielder,Chelsea
159,2022/23,79,3138,1,1,10,47,0,0,0,10,0,0,0,503,589.8,680.4,210.0,148.2,1.67,2.51,4.18,27.0,660.0,1.0,1.0,4.0,6.0,0.0,0.0,0.0,2.0,0.0,0.0,1.0,124.0,145.4,64.6,131.0,34.1,0.0,0.0,0.0,111.0,10.5,4.0,1618.5,6.0,0.0,23.0,2,Moisés Caicedo Corozo,Midfielder,Chelsea
159,2023/24,84,2865,1,3,7,50,0,0,0,11,0,0,6,466,613.6,403.2,68.0,108.2,0.42,2.01,2.43,79.0,3138.0,1.0,1.0,10.0,47.0,0.0,0.0,0.0,10.0,0.0,0.0,0.0,503.0,589.8,680.4,210.0,148.2,1.67,2.51,4.18,34.5,3.0,1.0,515.5,2.5,0.0,6.0,3,Moisés Caicedo Corozo,Midfielder,Chelsea
159,2024/25,98,3351,1,4,12,42,0,0,0,11,0,0,4,650,627.6,568.8,95.0,129.2,0.81,2.82,3.63,84.0,2865.0,1.0,3.0,7.0,50.0,0.0,0.0,0.0,11.0,0.0,0.0,6.0,466.0,613.6,403.2,68.0,108.2,0.42,2.01,2.43,0.0,0.0,0.0,0.0,0.0,0.0,0.0,4,Moisés Caicedo Corozo,Midfielder,Chelsea
159,2025/26,110,2796,3,1,6,47,0,0,0,11,1,0,10,580,562.4,403.1,128.0,109.2,1.45,2.38,3.83,98.0,3351.0,1.0,4.0,12.0,42.0,0.0,0.0,0.0,11.0,0.0,0.0,4.0,650.0,627.6,568.8,95.0,129.2,0.81,2.82,3.63,71.0,0.0,0.0,1986.0,5.0,75.0,38.0,5,Moisés Caicedo Corozo,Midfielder,Chelsea
160,2021/22,2,12,0,0,0,0,0,0,0,0,0,0,0,5,0.0,0.3,0.0,0.0,0.0,0.0,0.0,,,,,,,,,,,,,,,,,,,,,,0.0,0.0,0.0,0.0,0.0,0.0,0.0,0,Alejandro Garnacho Ferreyra,Midfielder,Aston Villa
160,2022/23,39,557,3,2,0,13,0,0,0,3,0,0,0,81,157.6,61.7,287.0,50.7,2.97,0.95,3.92,2.0,12.0,0.0,0.0,0.0,0.0,0.0,0.0,0.0,0.0,0.0,0.0,0.0,5.0,0.0,0.3,0.0,0.0,0.0,0.0,0.0,59.0,0.0,0.0,1311.5,6.5,30.5,10.5,1,Alejandro Garnacho Ferreyra,Midfielder,Aston Villa
160,2023/24,131,2564,7,7,8,39,0,0,0,4,0,0,7,372,527.2,616.8,1103.0,224.3,8.23,2.81,11.04,39.0,557.0,3.0,2.0,0.0,13.0,0.0,0.0,0.0,3.0,0.0,0.0,0.0,81.0,157.6,61.7,287.0,50.7,2.97,0.95,3.92,93.0,0.0,0.0,2121.5,9.5,56.5,19.0,2,Alejandro Garnacho Ferreyra,Midfielder,Aston Villa
160,2024/25,106,2188,6,4,5,36,0,0,0,3,0,0,7,370,454.0,532.2,904.0,188.3,7.4,2.76,10.16,131.0,2564.0,7.0,7.0,8.0,39.0,0.0,0.0,0.0,4.0,0.0,0.0,7.0,372.0,527.2,616.8,1103.0,224.3,8.23,2.81,11.04,101.0,0.0,0.0,2520.0,10.0,64.0,32.5,3,Alejandro Garnacho Ferreyra,Midfielder,Aston Villa
160,2025/26,56,1261,1,4,4,20,0,0,0,2,0,0,3,222,211.4,405.3,399.0,100.5,3.44,3.68,7.12,106.0,2188.0,6.0,4.0,5.0,36.0,0.0,0.0,0.0,3.0,0.0,0.0,7.0,370.0,454.0,532.2,904.0,188.3,7.4,2.76,10.16,103.5,0.0,0.0,2610.0,9.0,72.5,39.0,4,Alejandro Garnacho Ferreyra,Midfielder,Aston Villa
161,2021/22,0,0,0,0,0,0,0,0,0,0,0,0,0,0,0.0,0.0,0.0,0.0,0.0,0.0,0.0,,,,,,,,,,,,,,,,,,,,,,37.5,0.0,0.0,945.0,2.0,36.0,16.5,0,Roméo Lavia,Midfielder,Chelsea
161,2022/23,57,2219,1,1,4,50,0,0,0,9,0,0,0,317,347.6,247.5,46.0,64.5,0.42,0.62,1.04,0.0,0.0,0.0,0.0,0.0,0.0,0.0,0.0,0.0,0.0,0.0,0.0,0.0,0.0,0.0,0.0,0.0,0.0,0.0,0.0,0.0,1.0,0.0,0.0,45.0,0.0,1.5,1.5,1,Roméo Lavia,Midfielder,Chelsea
161,2023/24,1,32,0,0,0,0,0,0,0,0,0,0,0,2,3.6,1.9,0.0,0.6,0.0,0.01,0.01,57.0,2219.0,1.0,1.0,4.0,50.0,0.0,0.0,0.0,9.0,0.0,0.0,0.0,317.0,347.6,247.5,46.0,64.5,0.42,0.62,1.04,15.0,0.0,0.0,360.0,1.0,10.0,5.5,2,Roméo Lavia,Midfielder,Chelsea
161,2024/25,26,792,0,1,3,11,0,0,0,4,0,0,0,125,113.2,121.7,7.0,24.4,0.25,0.38,0.63,1.0,32.0,0.0,0.0,0.0,0.0,0.0,0.0,0.0,0.0,0.0,0.0,0.0,2.0,3.6,1.9,0.0,0.6,0.0,0.01,0.01,43.5,0.0,0.0,1215.0,2.5,44.0,23.0,3,Roméo Lavia,Midfielder,Chelsea
161,2025/26,13,374,0,0,0,10,0,0,0,0,0,0,0,81,34.4,46.6,14.0,9.5,0.21,0.55,0.76,26.0,792.0,0.0,1.0,3.0,11.0,0.0,0.0,0.0,4.0,0.0,0.0,0.0,125.0,113.2,121.7,7.0,24.4,0.25,0.38,0.63,48.5,0.0,0.0,1462.5,3.0,50.0,29.5,4,Roméo Lavia,Midfielder,Chelsea
162,2022/23,0,0,0,0,0,0,0,0,0,0,0,0,0,0,0.0,0.0,0.0,0.0,0.0,0.0,0.0,,,,,,,,,,,,,,,,,,,,,,20.0,0.0,0.0,607.5,1.5,16.0,12.0,0,Andrey Nascimento dos Santos,Midfielder,Man Utd
162,2023/24,1,7,0,0,0,0,0,0,0,0,0,0,0,1,0.0,0.5,3.0,0.2,0.06,0.0,0.06,0.0,0.0,0.0,0.0,0.0,0.0,0.0,0.0,0.0,0.0,0.0,0.0,0.0,0.0,0.0,0.0,0.0,0.0,0.0,0.0,0.0,9.5,0.0,0.0,315.0,0.5,14.5,7.5,1,Andrey Nascimento dos Santos,Midfielder,Man Utd
162,2024/25,0,0,0,0,0,0,0,0,0,0,0,0,0,0,0.0,0.0,0.0,0.0,0.0,0.0,0.0,1.0,7.0,0.0,0.0,0.0,0.0,0.0,0.0,0.0,0.0,0.0,0.0,0.0,1.0,0.0,0.5,3.0,0.2,0.06,0.0,0.06,19.0,0.0,0.0,630.0,1.0,29.0,15.0,2,Andrey Nascimento dos Santos,Midfielder,Man Utd
162,2025/26,47,1247,1,0,1,18,0,0,0,4,0,0,3,257,229.6,153.9,91.0,47.5,2.0,0.88,2.88,0.0,0.0,0.0,0.0,0.0,0.0,0.0,0.0,0.0,0.0,0.0,0.0,0.0,0.0,0.0,0.0,0.0,0.0,0.0,0.0,0.0,0.0,0.0,0.0,0.0,0.0,0.0,0.0,3,Andrey Nascimento dos Santos,Midfielder,Man Utd
163,2025/26,1,26,0,0,0,1,0,0,0,2,0,0,0,7,11.4,2.1,2.0,1.6,0.0,0.01,0.01,,,,,,,,,,,,,,,,,,,,,,0.0,0.0,0.0,0.0,0.0,0.0,0.0,0,Dário Luís Essugo,Midfielder,Chelsea
165,2019/20,3,22,0,0,0,1,0,0,0,0,0,0,0,8,4.2,6.4,8.0,1.7,0.0,0.0,0.0,,,,,,,,,,,,,,,,,,,,,,0.0,0.0,0.0,0.0,0.0,0.0,0.0,0,João Pedro Junqueira de Jesus,Forward,Chelsea
165,2021/22,60,1634,3,1,2,35,0,0,0,1,0,0,4,207,332.6,291.2,610.0,123.7,0.0,0.0,0.0,3.0,22.0,0.0,0.0,0.0,1.0,0.0,0.0,0.0,0.0,0.0,0.0,0.0,8.0,4.2,6.4,8.0,1.7,0.0,0.0,0.0,0.0,0.0,0.0,0.0,0.0,0.0,0.0,1,João Pedro Junqueira de Jesus,Forward,Chelsea
165,2023/24,104,2037,9,3,5,38,0,0,1,2,0,0,12,406,622.4,578.8,932.0,213.4,12.01,4.64,16.65,60.0,1634.0,3.0,1.0,2.0,35.0,0.0,0.0,0.0,1.0,0.0,0.0,4.0,207.0,332.6,291.2,610.0,123.7,0.0,0.0,0.0,2.5,0.0,0.0,37.0,0.0,0.0,0.5,2,João Pedro Junqueira de Jesus,Forward,Chelsea
165,2024/25,126,1946,10,6,6,28,0,0,0,4,1,0,26,516,567.0,456.0,644.0,166.0,8.96,3.1,12.06,104.0,2037.0,9.0,3.0,5.0,38.0,0.0,0.0,1.0,2.0,0.0,0.0,12.0,406.0,622.4,578.8,932.0,213.4,12.01,4.64,16.65,11.0,0.0,0.5,258.5,0.5,0.0,5.0,3,João Pedro Junqueira de Jesus,Forward,Chelsea
165,2025/26,177,2658,15,9,10,36,0,0,0,5,0,0,30,715,758.4,456.6,909.0,212.1,14.91,1.96,16.87,126.0,1946.0,10.0,6.0,6.0,28.0,0.0,0.0,0.0,4.0,1.0,0.0,26.0,516.0,567.0,456.0,644.0,166.0,8.96,3.1,12.06,17.0,0.0,1.0,443.0,1.0,0.0,9.0,4,João Pedro Junqueira de Jesus,Forward,Chelsea
166,2023/24,142,2801,14,6,9,48,0,0,0,10,0,0,12,479,783.8,501.7,1098.0,237.7,18.14,3.0,21.14,,,,,,,,,,,,,,,,,,,,,,,,,,,,,0,Nicolas Jackson,Forward,Chelsea
166,2024/25,121,2220,10,6,11,24,0,0,0,7,1,0,17,417,546.4,368.3,976.0,187.4,11.68,1.9,13.58,142.0,2801.0,14.0,6.0,9.0,48.0,0.0,0.0,0.0,10.0,0.0,0.0,12.0,479.0,783.8,501.7,1098.0,237.7,18.14,3.0,21.14,,,,,,,,1,Nicolas Jackson,Forward,Chelsea
166,2025/26,0,0,0,0,0,0,0,0,0,0,0,0,0,0,0.0,0.0,0.0,0.0,0.0,0.0,0.0,121.0,2220.0,10.0,6.0,11.0,24.0,0.0,0.0,0.0,7.0,1.0,0.0,17.0,417.0,546.4,368.3,976.0,187.4,11.68,1.9,13.58,,,,,,,,2,Nicolas Jackson,Forward,Chelsea
167,2020/21,1,39,0,0,0,4,0,0,0,0,0,0,0,0,0.0,0.3,4.0,0.2,0.0,0.0,0.0,,,,,,,,,,,,,,,,,,,,,,1.0,0.0,0.0,15.0,0.0,0.0,0.0,0,Liam Delap,Forward,Chelsea
167,2021/22,1,8,0,0,0,0,0,0,0,0,0,0,0,2,0.0,0.0,2.0,0.1,0.0,0.0,0.0,1.0,39.0,0.0,0.0,0.0,4.0,0.0,0.0,0.0,0.0,0.0,0.0,0.0,0.0,0.0,0.3,4.0,0.2,0.0,0.0,0.0,0.5,0.0,0.0,7.5,0.0,0.0,0.0,1,Liam Delap,Forward,Chelsea
167,2022/23,0,0,0,0,0,0,0,0,0,0,0,0,0,0,0.0,0.0,0.0,0.0,0.0,0.0,0.0,1.0,8.0,0.0,0.0,0.0,0.0,0.0,0.0,0.0,0.0,0.0,0.0,0.0,2.0,0.0,0.0,2.0,0.1,0.0,0.0,0.0,42.0,1.0,0.0,1050.0,3.0,0.0,17.5,2,Liam Delap,Forward,Chelsea
167,2024/25,132,2587,12,2,3,58,0,0,0,12,0,0,22,472,513.0,290.5,783.0,157.5,9.44,1.38,10.82,0.0,0.0,0.0,0.0,0.0,0.0,0.0,0.0,0.0,0.0,0.0,0.0,0.0,0.0,0.0,0.0,0.0,0.0,0.0,0.0,0.0,94.0,1.5,2.5,2600.5,7.0,0.0,48.0,3,Liam Delap,Forward,Chelsea
167,2025/26,45,1092,1,2,2,18,0,0,0,4,0,0,1,123,67.8,73.7,349.0,47.3,4.54,0.23,4.76,132.0,2587.0,12.0,2.0,3.0,58.0,0.0,0.0,0.0,12.0,0.0,0.0,22.0,472.0,513.0,290.5,783.0,157.5,9.44,1.38,10.82,80.0,1.0,4.0,2584.0,5.0,0.0,49.5,4,Liam Delap,Forward,Chelsea
168,2024/25,3,71,0,0,0,2,0,0,0,0,0,0,0,11,4.4,11.8,6.0,2.2,0.0,0.02,0.02,,,,,,,,,,,,,,,,,,,,,,63.0,1.0,2.0,2067.0,5.0,0.0,35.5,0,Marc Guiu Paz,Forward,Chelsea
168,2025/26,13,265,0,1,0,3,0,0,0,1,0,0,0,19,24.6,40.1,86.0,13.1,1.54,0.29,1.83,3.0,71.0,0.0,0.0,0.0,2.0,0.0,0.0,0.0,0.0,0.0,0.0,0.0,11.0,4.4,11.8,6.0,2.2,0.0,0.02,0.02,59.5,0.5,1.0,2061.0,6.0,0.0,36.5,1,Marc Guiu Paz,Forward,Chelsea
169,2024/25,1,1,0,0,0,0,0,0,0,0,0,0,0,5,3.0,0.0,17.0,2.0,0.06,0.0,0.06,,,,,,,,,,,,,,,,,,,,,,61.5,0.0,1.0,2497.5,5.5,0.0,49.0,0,Shumaira Mheuka,Forward,Chelsea
169,2025/26,1,1,0,0,0,0,0,0,0,0,0,0,0,3,2.0,0.3,0.0,0.2,0.0,0.0,0.0,1.0,1.0,0.0,0.0,0.0,0.0,0.0,0.0,0.0,0.0,0.0,0.0,0.0,5.0,3.0,0.0,17.0,2.0,0.06,0.0,0.06,77.0,0.0,2.0,2544.0,7.5,0.0,45.5,1,Shumaira Mheuka,Forward,Chelsea
173,2019/20,0,0,0,0,0,0,0,0,0,0,0,0,0,0,0.0,0.0,0.0,0.0,0.0,0.0,0.0,,,,,,,,,,,,,,,,,,,,,,3.0,0.0,0.0,9.0,0.0,0.0,1.0,0,Bobby Thomas,Defender,Coventry City
173,2020/21,0,0,0,0,0,0,0,0,0,0,0,0,0,0,0.0,0.0,0.0,0.0,0.0,0.0,0.0,0.0,0.0,0.0,0.0,0.0,0.0,0.0,0.0,0.0,0.0,0.0,0.0,0.0,0.0,0.0,0.0,0.0,0.0,0.0,0.0,0.0,3.0,0.0,0.0,9.0,0.0,0.0,1.0,1,Bobby Thomas,Defender,Coventry City
173,2021/22,0,0,0,0,0,0,0,0,0,0,0,0,0,0,0.0,0.0,0.0,0.0,0.0,0.0,0.0,0.0,0.0,0.0,0.0,0.0,0.0,0.0,0.0,0.0,0.0,0.0,0.0,0.0,0.0,0.0,0.0,0.0,0.0,0.0,0.0,0.0,,,,,,,,2,Bobby Thomas,Defender,Coventry City
173,2023/24,0,0,0,0,0,0,0,0,0,0,0,0,0,0,0.0,0.0,0.0,0.0,0.0,0.0,0.0,0.0,0.0,0.0,0.0,0.0,0.0,0.0,0.0,0.0,0.0,0.0,0.0,0.0,0.0,0.0,0.0,0.0,0.0,0.0,0.0,0.0,94.0,5.0,4.0,1740.0,5.0,0.0,37.0,3,Bobby Thomas,Defender,Coventry City
177,2020/21,0,0,0,0,0,0,0,0,0,0,0,0,0,0,0.0,0.0,0.0,0.0,0.0,0.0,0.0,,,,,,,,,,,,,,,,,,,,,,91.5,4.0,4.0,1929.0,6.5,0.0,37.5,0,Kaine Kesler-Hayden,Defender,Coventry City
177,2021/22,0,0,0,0,0,0,0,0,0,0,0,0,0,0,0.0,0.0,0.0,0.0,0.0,0.0,0.0,0.0,0.0,0.0,0.0,0.0,0.0,0.0,0.0,0.0,0.0,0.0,0.0,0.0,0.0,0.0,0.0,0.0,0.0,0.0,0.0,0.0,88.0,3.0,5.5,2025.0,6.0,0.0,33.5,1,Kaine Kesler-Hayden,Defender,Coventry City
177,2023/24,3,5,0,0,0,0,0,0,0,0,0,0,0,9,0.0,0.0,0.0,0.0,0.0,0.0,0.0,0.0,0.0,0.0,0.0,0.0,0.0,0.0,0.0,0.0,0.0,0.0,0.0,0.0,0.0,0.0,0.0,0.0,0.0,0.0,0.0,0.0,87.0,3.0,7.0,1932.0,4.0,0.0,29.0,2,Kaine Kesler-Hayden,Defender,Coventry City
177,2024/25,0,0,0,0,0,0,0,0,0,0,0,0,0,0,0.0,0.0,0.0,0.0,0.0,0.0,0.0,3.0,5.0,0.0,0.0,0.0,0.0,0.0,0.0,0.0,0.0,0.0,0.0,0.0,9.0,0.0,0.0,0.0,0.0,0.0,0.0,0.0,41.0,1.0,1.0,1003.0,3.0,0.0,25.0,3,Kaine Kesler-Hayden,Defender,Coventry City
180,2024/25,18,1187,0,0,1,28,0,0,0,2,0,0,0,93,258.4,6.7,8.0,27.5,0.03,0.02,0.05,,,,,,,,,,,,,,,,,,,,,,40.0,0.0,1.0,1476.5,3.0,0.0,26.0,0,Luke Woolfenden,Defender,Coventry City
184,2014/15,3,44,0,0,0,1,0,0,0,0,0,0,0,5,0.0,0.0,0.0,0.0,0.0,0.0,0.0,,,,,,,,,,,,,,,,,,,,,,31.0,0.0,0.5,1029.5,2.5,0.0,20.0,0,Matt Grimes,Midfielder,Coventry City
184,2015/16,3,90,0,0,1,0,0,0,0,0,0,0,0,4,0.0,0.0,0.0,0.0,0.0,0.0,0.0,3.0,44.0,0.0,0.0,0.0,1.0,0.0,0.0,0.0,0.0,0.0,0.0,0.0,5.0,0.0,0.0,0.0,0.0,0.0,0.0,0.0,45.5,0.0,1.5,1526.0,2.5,0.0,34.5,1,Matt Grimes,Midfielder,Coventry City
190,2025/26,59,1259,2,2,2,24,0,0,0,2,0,0,0,208,185.8,231.1,173.0,59.3,1.27,0.91,2.18,,,,,,,,,,,,,,,,,,,,,,79.5,0.5,3.5,2881.5,6.5,0.0,47.5,0,Loum Tchaouna,Midfielder,Coventry City
195,2019/20,0,0,0,0,0,0,0,0,0,0,0,0,0,0,0.0,0.0,0.0,0.0,0.0,0.0,0.0,,,,,,,,,,,,,,,,,,,,,,82.0,1.0,4.0,2976.0,5.0,0.0,44.0,0,Ellis Simms,Forward,Coventry City
195,2020/21,0,0,0,0,0,0,0,0,0,0,0,0,0,0,0.0,0.0,0.0,0.0,0.0,0.0,0.0,0.0,0.0,0.0,0.0,0.0,0.0,0.0,0.0,0.0,0.0,0.0,0.0,0.0,0.0,0.0,0.0,0.0,0.0,0.0,0.0,0.0,2.0,0.0,0.0,23.0,0.0,0.0,1.0,1,Ellis Simms,Forward,Coventry City
195,2021/22,2,61,0,0,1,0,0,0,0,0,0,0,0,6,6.4,0.4,0.0,0.7,0.0,0.0,0.0,0.0,0.0,0.0,0.0,0.0,0.0,0.0,0.0,0.0,0.0,0.0,0.0,0.0,0.0,0.0,0.0,0.0,0.0,0.0,0.0,0.0,1.5,0.0,0.0,18.0,0.0,0.0,0.5,2,Ellis Simms,Forward,Coventry City
195,2022/23,17,219,1,0,0,4,0,0,0,0,0,0,0,59,40.8,39.6,54.0,13.0,0.86,0.15,1.01,2.0,61.0,0.0,0.0,1.0,0.0,0.0,0.0,0.0,0.0,0.0,0.0,0.0,6.0,6.4,0.4,0.0,0.7,0.0,0.0,0.0,0.5,0.0,0.0,6.5,0.0,0.0,0.0,3,Ellis Simms,Forward,Coventry City
195,2023/24,0,0,0,0,0,0,0,0,0,0,0,0,0,0,0.0,0.0,0.0,0.0,0.0,0.0,0.0,17.0,219.0,1.0,0.0,0.0,4.0,0.0,0.0,0.0,0.0,0.0,0.0,0.0,59.0,40.8,39.6,54.0,13.0,0.86,0.15,1.01,0.0,0.0,0.0,0.0,0.0,0.0,0.0,4,Ellis Simms,Forward,Coventry City
198,2019/20,160,3240,0,1,13,33,0,1,0,2,0,97,16,688,718.8,10.0,18.0,74.8,0.0,0.0,0.0,,,,,,,,,,,,,,,,,,,,,,47.0,0.0,0.0,2156.0,5.0,0.0,36.0,0,Dean Henderson,Goalkeeper,Crystal Palace
198,2020/21,44,1125,0,0,4,12,0,0,0,3,0,40,1,218,275.4,0.0,0.0,27.5,0.0,0.0,0.0,160.0,3240.0,0.0,1.0,13.0,33.0,0.0,1.0,0.0,2.0,0.0,97.0,16.0,688.0,718.8,10.0,18.0,74.8,0.0,0.0,0.0,26.0,0.0,0.0,1137.0,2.5,0.0,19.5,1,Dean Henderson,Goalkeeper,Crystal Palace
198,2021/22,0,0,0,0,0,0,0,0,0,0,0,0,0,0,0.0,0.0,0.0,0.0,0.0,0.0,0.0,44.0,1125.0,0.0,0.0,4.0,12.0,0.0,0.0,0.0,3.0,0.0,40.0,1.0,218.0,275.4,0.0,0.0,27.5,0.0,0.0,0.0,31.5,0.0,1.5,1038.5,3.0,0.0,16.5,2,Dean Henderson,Goalkeeper,Crystal Palace
198,2022/23,82,1620,0,0,6,31,0,2,0,2,0,54,12,367,474.4,0.0,0.0,47.5,0.0,0.01,0.01,0.0,0.0,0.0,0.0,0.0,0.0,0.0,0.0,0.0,0.0,0.0,0.0,0.0,0.0,0.0,0.0,0.0,0.0,0.0,0.0,0.0,58.0,0.0,3.0,1959.0,6.0,0.0,30.0,3,Dean Henderson,Goalkeeper,Crystal Palace
198,2023/24,48,1620,0,0,4,30,2,0,0,2,0,58,2,293,434.8,0.0,0.0,43.7,0.0,0.01,0.01,82.0,1620.0,0.0,0.0,6.0,31.0,0.0,2.0,0.0,2.0,0.0,54.0,12.0,367.0,474.4,0.0,0.0,47.5,0.0,0.01,0.01,123.0,7.0,6.0,2263.0,9.0,0.0,41.0,4,Dean Henderson,Goalkeeper,Crystal Palace
198,2024/25,135,3420,0,0,11,51,0,1,0,3,0,104,8,466,853.6,30.0,4.0,88.6,0.01,0.02,0.03,48.0,1620.0,0.0,0.0,4.0,30.0,2.0,0.0,0.0,2.0,0.0,58.0,2.0,293.0,434.8,0.0,0.0,43.7,0.0,0.01,0.01,72.0,4.0,3.0,1384.0,5.0,0.0,26.5,5,Dean Henderson,Goalkeeper,Crystal Palace
198,2025/26,131,3330,0,0,11,51,0,1,0,5,0,106,7,538,837.8,10.0,0.0,84.7,0.0,0.11,0.11,135.0,3420.0,0.0,0.0,11.0,51.0,0.0,1.0,0.0,3.0,0.0,104.0,8.0,466.0,853.6,30.0,4.0,88.6,0.01,0.02,0.03,13.0,0.5,0.0,337.5,0.5,0.0,8.0,6,Dean Henderson,Goalkeeper,Crystal Palace
199,2025/26,7,90,0,0,1,0,0,0,0,0,0,3,0,29,22.8,0.0,0.0,2.3,0.0,0.0,0.0,,,,,,,,,,,,,,,,,,,,,,14.0,0.5,0.5,220.5,0.0,0.0,5.5,0,Walter Benítez,Goalkeeper,Crystal Palace
200,2024/25,114,3116,1,2,11,45,0,0,0,5,0,0,9,463,723.8,113.7,277.0,111.4,3.5,1.01,4.51,,,,,,,,,,,,,,,,,,,,,,128.0,10.0,5.0,2317.0,11.0,0.0,30.0,0,Maxence Lacroix,Defender,Chelsea
200,2025/26,154,3085,1,2,11,47,0,0,0,4,1,0,11,529,822.0,106.4,316.0,124.3,2.45,0.83,3.28,114.0,3116.0,1.0,2.0,11.0,45.0,0.0,0.0,0.0,5.0,0.0,0.0,9.0,463.0,723.8,113.7,277.0,111.4,3.5,1.01,4.51,128.0,10.0,5.0,2317.0,11.0,0.0,30.0,1,Maxence Lacroix,Defender,Chelsea
201,2023/24,56,1440,0,4,5,22,0,0,0,4,0,0,3,270,331.0,265.6,119.0,71.7,1.26,1.26,2.52,,,,,,,,,,,,,,,,,,,,,,40.0,2.0,4.0,317.0,1.0,0.0,9.0,0,Daniel Muñoz Mejía,Defender,Crystal Palace
201,2024/25,142,3229,4,6,11,46,0,0,0,10,0,0,9,480,816.6,634.2,524.0,197.6,4.92,3.46,8.38,56.0,1440.0,0.0,4.0,5.0,22.0,0.0,0.0,0.0,4.0,0.0,0.0,3.0,270.0,331.0,265.6,119.0,71.7,1.26,1.26,2.52,36.0,2.0,2.5,323.5,1.5,0.0,6.0,1,Daniel Muñoz Mejía,Defender,Crystal Palace
201,2025/26,136,2400,4,4,10,33,0,0,0,7,0,0,9,469,595.0,396.6,404.0,139.5,2.45,3.94,6.39,142.0,3229.0,4.0,6.0,11.0,46.0,0.0,0.0,0.0,10.0,0.0,0.0,9.0,480.0,816.6,634.2,524.0,197.6,4.92,3.46,8.38,32.0,2.0,1.0,330.0,2.0,0.0,3.0,2,Daniel Muñoz Mejía,Defender,Crystal Palace
202,2022/23,13,443,0,0,1,11,0,0,0,0,0,0,0,83,92.4,15.3,26.0,13.2,0.71,0.05,0.76,,,,,,,,,,,,,,,,,,,,,,0.0,0.0,0.0,0.0,0.0,0.0,0.0,0,Chris Richards,Defender,Crystal Palace
202,2023/24,62,2091,1,1,4,38,0,0,0,3,0,0,4,370,456.2,87.5,108.0,65.2,0.6,0.17,0.77,13.0,443.0,0.0,0.0,1.0,11.0,0.0,0.0,0.0,0.0,0.0,0.0,0.0,83.0,92.4,15.3,26.0,13.2,0.71,0.05,0.76,5.0,0.0,0.0,90.0,0.5,3.0,0.5,1,Chris Richards,Defender,Crystal Palace
202,2024/25,68,1921,1,1,7,31,0,0,0,2,1,0,2,249,470.8,45.0,181.0,69.6,1.33,0.6,1.93,62.0,2091.0,1.0,1.0,4.0,38.0,0.0,0.0,0.0,3.0,0.0,0.0,4.0,370.0,456.2,87.5,108.0,65.2,0.6,0.17,0.77,9.0,0.0,0.0,180.0,1.0,6.0,1.5,2,Chris Richards,Defender,Crystal Palace
202,2025/26,128,2825,1,0,11,42,0,0,0,4,0,0,5,453,727.2,159.6,185.0,107.6,2.42,1.56,3.98,68.0,1921.0,1.0,1.0,7.0,31.0,0.0,0.0,0.0,2.0,1.0,0.0,2.0,249.0,470.8,45.0,181.0,69.6,1.33,0.6,1.93,5.0,0.0,0.0,135.0,0.5,6.0,3.0,3,Chris Richards,Defender,Crystal Palace
203,2025/26,72,1331,0,0,5,23,0,0,0,3,0,0,9,216,362.4,63.8,56.0,48.1,1.48,0.33,1.81,,,,,,,,,,,,,,,,,,,,,,18.0,0.0,0.0,495.0,1.0,17.0,7.5,0,Jaydee Canvot,Defender,Crystal Palace
204,2019/20,4,193,0,0,0,4,0,0,0,1,0,0,0,23,36.4,58.7,2.0,9.7,0.0,0.0,0.0,,,,,,,,,,,,,,,,,,,,,,39.5,0.0,0.0,900.0,3.0,27.5,11.5,0,Tyrick Mitchell,Defender,Crystal Palace
204,2020/21,58,1710,1,2,4,32,0,0,0,1,0,0,5,287,387.6,76.8,60.0,52.5,0.0,0.0,0.0,4.0,193.0,0.0,0.0,0.0,4.0,0.0,0.0,0.0,1.0,0.0,0.0,0.0,23.0,36.4,58.7,2.0,9.7,0.0,0.0,0.0,45.0,0.0,0.0,900.0,4.0,27.0,12.0,1,Tyrick Mitchell,Defender,Crystal Palace
204,2021/22,109,3101,0,2,10,43,0,0,0,1,0,0,6,561,619.2,380.5,111.0,111.1,0.0,0.0,0.0,58.0,1710.0,1.0,2.0,4.0,32.0,0.0,0.0,0.0,1.0,0.0,0.0,5.0,287.0,387.6,76.8,60.0,52.5,0.0,0.0,0.0,0.0,0.0,0.0,0.0,0.0,0.0,0.0,2,Tyrick Mitchell,Defender,Crystal Palace
204,2022/23,93,2889,0,2,8,40,0,0,0,5,1,0,7,476,485.0,260.3,141.0,89.0,0.62,1.25,1.87,109.0,3101.0,0.0,2.0,10.0,43.0,0.0,0.0,0.0,1.0,0.0,0.0,6.0,561.0,619.2,380.5,111.0,111.1,0.0,0.0,0.0,1.0,0.0,0.0,72.0,0.0,1.5,1.0,3,Tyrick Mitchell,Defender,Crystal Palace
204,2023/24,119,3204,2,3,10,55,0,0,0,6,0,0,10,590,669.8,393.7,209.0,127.4,1.27,2.39,3.66,93.0,2889.0,0.0,2.0,8.0,40.0,0.0,0.0,0.0,5.0,1.0,0.0,7.0,476.0,485.0,260.3,141.0,89.0,0.62,1.25,1.87,2.0,0.0,0.0,144.0,0.0,3.0,2.0,4,Tyrick Mitchell,Defender,Crystal Palace
204,2024/25,123,3090,0,6,12,46,0,0,0,2,0,0,4,455,630.8,559.1,170.0,136.2,1.31,3.67,4.98,119.0,3204.0,2.0,3.0,10.0,55.0,0.0,0.0,0.0,6.0,0.0,0.0,10.0,590.0,669.8,393.7,209.0,127.4,1.27,2.39,3.66,55.0,2.0,0.0,1670.0,5.0,0.0,26.0,5,Tyrick Mitchell,Defender,Crystal Palace
204,2025/26,135,3253,1,3,12,47,0,0,0,6,0,0,8,498,649.0,467.3,241.0,136.0,1.59,2.53,4.12,123.0,3090.0,0.0,6.0,12.0,46.0,0.0,0.0,0.0,2.0,0.0,0.0,4.0,455.0,630.8,559.1,170.0,136.2,1.31,3.67,4.98,52.0,1.0,0.0,1740.5,4.5,0.0,31.5,6,Tyrick Mitchell,Defender,Crystal Palace
205,2025/26,6,99,0,0,0,2,0,0,0,1,0,0,0,9,12.6,24.1,8.0,4.5,0.04,0.07,0.11,,,,,,,,,,,,,,,,,,,,,,66.5,0.5,0.5,2230.0,5.5,0.0,44.0,0,Borna Sosa,Defender,Crystal Palace
206,2024/25,1,90,0,0,0,2,0,0,0,0,0,0,0,3,18.2,1.3,0.0,2.0,0.0,0.02,0.02,,,,,,,,,,,,,,,,,,,,,,105.5,1.5,4.0,3034.5,7.5,0.0,54.0,0,Chadi Riad Dnanou,Defender,Crystal Palace
206,2025/26,20,550,0,1,1,8,0,0,0,2,0,0,0,84,117.8,23.9,41.0,18.3,0.33,0.13,0.46,1.0,90.0,0.0,0.0,0.0,2.0,0.0,0.0,0.0,0.0,0.0,0.0,0.0,3.0,18.2,1.3,0.0,2.0,0.0,0.02,0.02,127.0,2.0,7.0,3420.0,8.0,0.0,57.0,1,Chadi Riad Dnanou,Defender,Crystal Palace
208,2019/20,107,2023,5,7,6,35,0,0,0,1,0,0,7,300,392.0,391.9,637.0,142.2,0.0,0.0,0.0,,,,,,,,,,,,,,,,,,,,,,0.0,0.0,0.0,0.0,0.0,0.0,0.0,0,Ismaïla Sarr,Midfielder,Crystal Palace
208,2021/22,81,1862,5,2,2,40,0,0,1,2,0,0,9,217,342.4,298.1,540.0,118.0,0.0,0.0,0.0,107.0,2023.0,5.0,7.0,6.0,35.0,0.0,0.0,0.0,1.0,0.0,0.0,7.0,300.0,392.0,391.9,637.0,142.2,0.0,0.0,0.0,0.0,0.0,0.0,0.0,0.0,0.0,0.0,1,Ismaïla Sarr,Midfielder,Crystal Palace
208,2024/25,149,2708,8,7,10,39,0,0,0,4,0,0,14,542,675.0,618.0,866.0,215.9,10.82,6.82,17.64,81.0,1862.0,5.0,2.0,2.0,40.0,0.0,0.0,1.0,2.0,0.0,0.0,9.0,217.0,342.4,298.1,540.0,118.0,0.0,0.0,0.0,31.0,0.0,0.5,1292.0,2.5,0.0,24.5,2,Ismaïla Sarr,Midfielder,Crystal Palace
208,2025/26,117,2173,9,2,9,29,0,0,0,2,0,0,9,359,479.8,269.4,601.0,135.1,10.93,1.17,12.09,149.0,2708.0,8.0,7.0,10.0,39.0,0.0,0.0,0.0,4.0,0.0,0.0,14.0,542.0,675.0,618.0,866.0,215.9,10.82,6.82,17.64,62.0,0.0,1.0,2584.0,5.0,0.0,49.0,3,Ismaïla Sarr,Midfielder,Crystal Palace
209,2022/23,122,2930,8,5,7,54,0,0,2,6,0,0,15,384,480.6,374.4,733.0,158.1,8.39,2.0,10.39,,,,,,,,,,,,,,,,,,,,,,14.0,0.0,1.0,313.0,0.0,0.0,4.0,0,Brennan Johnson,Midfielder,Everton
209,2023/24,131,2317,5,12,5,42,0,0,0,3,0,0,9,397,554.4,624.3,782.0,196.3,10.36,4.3,14.65,122.0,2930.0,8.0,5.0,7.0,54.0,0.0,0.0,2.0,6.0,0.0,0.0,15.0,384.0,480.6,374.4,733.0,158.1,8.39,2.0,10.39,43.5,1.5,1.5,870.5,3.0,0.0,16.5,1,Brennan Johnson,Midfielder,Everton
209,2024/25,137,2171,11,6,2,38,0,0,0,5,0,0,13,461,559.6,295.0,761.0,161.0,10.75,1.99,12.74,131.0,2317.0,5.0,12.0,5.0,42.0,0.0,0.0,0.0,3.0,0.0,0.0,9.0,397.0,554.4,624.3,782.0,196.3,10.36,4.3,14.65,83.5,2.0,3.5,2260.0,7.0,0.0,39.0,2,Brennan Johnson,Midfielder,Everton
209,2025/26,65,1710,2,1,6,24,0,0,0,6,0,0,2,217,223.4,311.1,230.0,75.8,2.45,1.31,3.76,137.0,2171.0,11.0,6.0,2.0,38.0,0.0,0.0,0.0,5.0,0.0,0.0,13.0,461.0,559.6,295.0,761.0,161.0,10.75,1.99,12.74,94.0,1.0,5.0,3092.0,8.0,0.0,49.0,3,Brennan Johnson,Midfielder,Everton
210,2023/24,50,1296,0,3,7,16,0,0,0,2,0,0,4,222,255.0,287.9,29.0,57.3,0.38,1.5,1.87,,,,,,,,,,,,,,,,,,,,,,27.0,0.0,1.0,523.0,2.0,0.0,5.0,0,Adam Wharton,Midfielder,Crystal Palace
210,2024/25,42,1314,0,2,4,21,0,0,0,2,0,0,0,244,261.2,381.4,69.0,71.2,0.38,2.17,2.55,50.0,1296.0,0.0,3.0,7.0,16.0,0.0,0.0,0.0,2.0,0.0,0.0,4.0,222.0,255.0,287.9,29.0,57.3,0.38,1.5,1.87,27.0,0.0,1.0,523.0,2.0,0.0,5.0,1,Adam Wharton,Midfielder,Crystal Palace
210,2025/26,112,2552,1,6,8,43,0,0,0,4,1,0,8,511,494.4,720.0,180.0,139.6,1.52,7.47,8.98,42.0,1314.0,0.0,2.0,4.0,21.0,0.0,0.0,0.0,2.0,0.0,0.0,0.0,244.0,261.2,381.4,69.0,71.2,0.38,2.17,2.55,108.0,3.0,0.0,2775.0,9.0,0.0,41.0,2,Adam Wharton,Midfielder,Crystal Palace
211,2025/26,77,2074,2,2,7,28,0,0,0,4,0,0,3,331,325.8,718.4,371.0,141.4,4.53,6.12,10.65,,,,,,,,,,,,,,,,,,,,,,110.0,1.5,1.5,3007.5,10.0,0.0,43.5,0,Yéremy Pino Santos,Midfielder,Crystal Palace
212,2017/18,53,987,2,3,4,16,0,0,0,0,0,0,5,190,238.6,267.0,136.0,64.3,0.0,0.0,0.0,,,,,,,,,,,,,,,,,,,,,,62.5,0.0,2.0,1820.5,6.0,0.0,25.5,0,Will Hughes,Midfielder,Crystal Palace
212,2018/19,87,2419,2,4,7,39,0,0,0,5,0,0,5,320,429.2,416.0,451.0,129.6,0.0,0.0,0.0,53.0,987.0,2.0,3.0,4.0,16.0,0.0,0.0,0.0,0.0,0.0,0.0,5.0,190.0,238.6,267.0,136.0,64.3,0.0,0.0,0.0,8.5,0.0,0.5,247.5,0.5,0.0,4.0,1,Will Hughes,Midfielder,Crystal Palace
212,2019/20,62,2249,1,1,5,46,0,0,0,9,0,0,3,265,352.2,413.1,270.0,103.6,0.0,0.0,0.0,87.0,2419.0,2.0,4.0,7.0,39.0,0.0,0.0,0.0,5.0,0.0,0.0,5.0,320.0,429.2,416.0,451.0,129.6,0.0,0.0,0.0,4.0,0.0,0.0,94.0,0.0,0.0,3.0,2,Will Hughes,Midfielder,Crystal Palace
212,2021/22,34,1050,0,2,4,16,0,0,0,6,0,0,2,164,159.0,143.0,60.0,36.3,0.0,0.0,0.0,62.0,2249.0,1.0,1.0,5.0,46.0,0.0,0.0,0.0,9.0,0.0,0.0,3.0,265.0,352.2,413.1,270.0,103.6,0.0,0.0,0.0,63.0,0.0,3.0,1918.0,5.0,0.0,30.0,3,Will Hughes,Midfielder,Crystal Palace
212,2022/23,41,822,1,1,1,11,0,0,0,4,0,0,3,152,190.4,107.4,78.0,37.4,0.34,0.63,0.97,34.0,1050.0,0.0,2.0,4.0,16.0,0.0,0.0,0.0,6.0,0.0,0.0,2.0,164.0,159.0,143.0,60.0,36.3,0.0,0.0,0.0,40.0,0.0,1.5,1315.5,3.5,0.0,21.0,4,Will Hughes,Midfielder,Crystal Palace
212,2023/24,61,1886,0,2,8,38,0,0,0,6,0,0,2,252,319.2,338.6,67.0,72.3,0.31,1.7,2.01,41.0,822.0,1.0,1.0,1.0,11.0,0.0,0.0,0.0,4.0,0.0,0.0,3.0,152.0,190.4,107.4,78.0,37.4,0.34,0.63,0.97,8.5,0.0,0.0,356.5,1.0,0.0,6.0,5,Will Hughes,Midfielder,Crystal Palace
212,2024/25,67,2100,0,4,10,31,0,0,0,11,0,0,3,278,335.2,462.6,90.0,87.5,1.09,2.64,3.73,61.0,1886.0,0.0,2.0,8.0,38.0,0.0,0.0,0.0,6.0,0.0,0.0,2.0,252.0,319.2,338.6,67.0,72.3,0.31,1.7,2.01,0.0,0.0,0.0,0.0,0.0,0.0,0.0,6,Will Hughes,Midfielder,Crystal Palace
212,2025/26,45,1560,0,1,5,18,0,0,0,7,0,0,0,217,198.0,322.9,90.0,60.9,1.11,1.94,3.05,67.0,2100.0,0.0,4.0,10.0,31.0,0.0,0.0,0.0,11.0,0.0,0.0,3.0,278.0,335.2,462.6,90.0,87.5,1.09,2.64,3.73,90.0,1.0,1.0,2694.0,7.0,0.0,43.0,7,Will Hughes,Midfielder,Crystal Palace
213,2018/19,75,2505,2,2,9,49,1,0,0,12,0,0,6,410,539.6,245.8,174.0,96.2,0.0,0.0,0.0,,,,,,,,,,,,,,,,,,,,,,101.0,2.0,0.5,2697.0,8.5,0.0,38.5,0,Jefferson Lerma Solís,Midfielder,Crystal Palace
213,2019/20,65,2702,1,2,4,49,0,0,0,11,1,0,2,376,439.0,189.4,169.0,79.4,0.0,0.0,0.0,75.0,2505.0,2.0,2.0,9.0,49.0,1.0,0.0,0.0,12.0,0.0,0.0,6.0,410.0,539.6,245.8,174.0,96.2,0.0,0.0,0.0,94.5,2.5,0.0,2610.5,7.5,0.0,40.0,1,Jefferson Lerma Solís,Midfielder,Crystal Palace
213,2022/23,101,3252,5,0,7,67,1,0,0,7,0,0,5,500,619.2,296.4,312.0,122.7,2.58,3.0,5.58,65.0,2702.0,1.0,2.0,4.0,49.0,0.0,0.0,0.0,11.0,1.0,0.0,2.0,376.0,439.0,189.4,169.0,79.4,0.0,0.0,0.0,62.0,2.0,0.0,2216.5,3.5,0.0,40.5,2,Jefferson Lerma Solís,Midfielder,Crystal Palace
213,2023/24,64,2399,1,1,5,46,0,0,0,8,0,0,4,338,417.6,366.1,240.0,102.4,2.61,1.78,4.39,101.0,3252.0,5.0,0.0,7.0,67.0,1.0,0.0,0.0,7.0,0.0,0.0,5.0,500.0,619.2,296.4,312.0,122.7,2.58,3.0,5.58,47.0,2.0,0.0,1912.0,2.0,0.0,35.0,3,Jefferson Lerma Solís,Midfielder,Crystal Palace
213,2024/25,58,2270,0,1,6,36,0,0,0,9,0,0,2,326,401.4,190.2,197.0,78.7,1.07,1.75,2.82,64.0,2399.0,1.0,1.0,5.0,46.0,0.0,0.0,0.0,8.0,0.0,0.0,4.0,338.0,417.6,366.1,240.0,102.4,2.61,1.78,4.39,0.0,0.0,0.0,0.0,0.0,0.0,0.0,4,Jefferson Lerma Solís,Midfielder,Crystal Palace
213,2025/26,69,1722,0,5,7,25,2,0,0,7,0,0,3,296,287.6,207.2,233.0,72.5,1.84,1.48,3.32,58.0,2270.0,0.0,1.0,6.0,36.0,0.0,0.0,0.0,9.0,0.0,0.0,2.0,326.0,401.4,190.2,197.0,78.7,1.07,1.75,2.82,1.5,0.0,0.0,14.0,0.0,0.0,0.0,5,Jefferson Lerma Solís,Midfielder,Crystal Palace
214,2024/25,45,1545,0,0,3,27,0,0,0,4,1,0,0,246,219.2,314.1,145.0,68.2,1.12,1.55,2.67,,,,,,,,,,,,,,,,,,,,,,3.0,0.0,0.0,28.0,0.0,0.0,0.0,0,Daichi Kamada,Midfielder,Crystal Palace
214,2025/26,67,1899,0,2,6,28,0,0,0,3,0,0,0,331,239.2,350.1,155.0,74.5,1.64,3.24,4.88,45.0,1545.0,0.0,0.0,3.0,27.0,0.0,0.0,0.0,4.0,1.0,0.0,0.0,246.0,219.2,314.1,145.0,68.2,1.12,1.55,2.67,29.0,0.0,1.0,723.0,3.0,0.0,7.0,1,Daichi Kamada,Midfielder,Crystal Palace
215,2024/25,34,494,1,1,0,8,0,0,0,1,0,0,1,129,138.8,101.8,90.0,33.2,0.77,0.41,1.18,,,,,,,,,,,,,,,,,,,,,,31.0,1.0,1.5,525.0,2.0,0.0,6.0,0,Justin Devenny,Midfielder,Crystal Palace
215,2025/26,36,785,1,0,1,15,0,0,0,0,0,0,0,108,115.0,101.8,168.0,38.4,2.38,0.39,2.77,34.0,494.0,1.0,1.0,0.0,8.0,0.0,0.0,0.0,1.0,0.0,0.0,1.0,129.0,138.8,101.8,90.0,33.2,0.77,0.41,1.18,91.0,6.5,3.0,1304.0,5.5,0.0,19.5,1,Justin Devenny,Midfielder,Crystal Palace
216,2024/25,22,138,1,2,0,3,0,0,0,0,0,0,3,72,74.8,38.4,51.0,16.4,0.32,0.39,0.71,,,,,,,,,,,,,,,,,,,,,,149.0,11.0,4.0,2281.0,10.0,0.0,34.0,0,Romain Esse,Midfielder,Crystal Palace
216,2025/26,4,40,0,0,0,0,0,0,0,0,0,0,0,12,6.8,2.7,6.0,1.5,0.0,0.04,0.04,22.0,138.0,1.0,2.0,0.0,3.0,0.0,0.0,0.0,0.0,0.0,0.0,3.0,72.0,74.8,38.4,51.0,16.4,0.32,0.39,0.71,49.0,1.0,3.0,1239.0,1.0,0.0,23.0,1,Romain Esse,Midfielder,Crystal Palace
217,2023/24,16,224,0,2,0,7,0,0,0,1,0,0,0,47,36.4,77.7,53.0,16.5,0.33,0.46,0.79,,,,,,,,,,,,,,,,,,,,,,52.5,1.0,2.5,1226.5,3.0,0.0,23.5,0,Matheus França de Oliveira,Midfielder,Crystal Palace
217,2024/25,9,52,1,0,0,0,0,0,0,0,0,0,0,34,48.4,1.2,66.0,11.5,0.28,0.18,0.46,16.0,224.0,0.0,2.0,0.0,7.0,0.0,0.0,0.0,1.0,0.0,0.0,0.0,47.0,36.4,77.7,53.0,16.5,0.33,0.46,0.79,83.5,4.0,3.0,1606.0,6.0,0.0,23.5,1,Matheus França de Oliveira,Midfielder,Crystal Palace
217,2025/26,0,0,0,0,0,0,0,0,0,0,0,0,0,0,0.0,0.0,0.0,0.0,0.0,0.0,0.0,9.0,52.0,1.0,0.0,0.0,0.0,0.0,0.0,0.0,0.0,0.0,0.0,0.0,34.0,48.4,1.2,66.0,11.5,0.28,0.18,0.46,111.0,7.0,4.0,1998.0,7.0,0.0,23.0,2,Matheus França de Oliveira,Midfielder,Crystal Palace
218,2022/23,74,2770,0,3,7,41,0,0,0,8,1,0,3,411,475.0,353.7,167.0,99.8,1.45,1.22,2.67,,,,,,,,,,,,,,,,,,,,,,0.0,0.0,0.0,0.0,0.0,0.0,0.0,0,Cheick Doucouré,Midfielder,Crystal Palace
218,2023/24,21,920,0,0,3,12,0,0,0,2,0,0,0,141,165.8,138.5,36.0,34.2,0.28,0.76,1.04,74.0,2770.0,0.0,3.0,7.0,41.0,0.0,0.0,0.0,8.0,1.0,0.0,3.0,411.0,475.0,353.7,167.0,99.8,1.45,1.22,2.67,16.5,0.0,0.0,485.0,1.5,0.0,7.0,1,Cheick Doucouré,Midfielder,Crystal Palace
218,2024/25,19,443,0,1,1,6,0,0,0,1,0,0,0,71,58.6,25.7,23.0,10.8,0.4,0.11,0.51,21.0,920.0,0.0,0.0,3.0,12.0,0.0,0.0,0.0,2.0,0.0,0.0,0.0,141.0,165.8,138.5,36.0,34.2,0.28,0.76,1.04,39.0,0.0,2.0,899.5,4.0,0.0,11.5,2,Cheick Doucouré,Midfielder,Crystal Palace
218,2025/26,0,0,0,0,0,0,0,0,0,0,0,0,0,0,0.0,0.0,0.0,0.0,0.0,0.0,0.0,19.0,443.0,0.0,1.0,1.0,6.0,0.0,0.0,0.0,1.0,0.0,0.0,0.0,71.0,58.6,25.7,23.0,10.8,0.4,0.11,0.51,88.0,1.0,7.0,1870.0,8.0,0.0,25.0,3,Cheick Doucouré,Midfielder,Crystal Palace
219,2020/21,0,0,0,0,0,0,0,0,0,0,0,0,0,0,0.0,0.0,0.0,0.0,0.0,0.0,0.0,,,,,,,,,,,,,,,,,,,,,,131.0,2.0,10.0,2911.0,11.0,0.0,41.0,0,Jesurun Rak-Sakyi,Midfielder,Crystal Palace
219,2021/22,4,79,0,0,1,0,0,0,0,0,0,0,0,7,1.0,6.1,2.0,0.8,0.0,0.0,0.0,0.0,0.0,0.0,0.0,0.0,0.0,0.0,0.0,0.0,0.0,0.0,0.0,0.0,0.0,0.0,0.0,0.0,0.0,0.0,0.0,0.0,54.0,0.0,1.0,1590.0,3.0,0.0,30.0,1,Jesurun Rak-Sakyi,Midfielder,Crystal Palace
219,2022/23,0,0,0,0,0,0,0,0,0,0,0,0,0,0,0.0,0.0,0.0,0.0,0.0,0.0,0.0,4.0,79.0,0.0,0.0,1.0,0.0,0.0,0.0,0.0,0.0,0.0,0.0,0.0,7.0,1.0,6.1,2.0,0.8,0.0,0.0,0.0,93.0,2.5,4.0,2197.5,6.5,0.0,35.0,2,Jesurun Rak-Sakyi,Midfielder,Crystal Palace
219,2023/24,8,132,0,0,1,3,0,0,0,0,0,0,0,21,23.2,28.2,58.0,11.0,0.41,0.14,0.54,0.0,0.0,0.0,0.0,0.0,0.0,0.0,0.0,0.0,0.0,0.0,0.0,0.0,0.0,0.0,0.0,0.0,0.0,0.0,0.0,0.0,115.0,4.0,5.5,2503.0,9.5,0.0,42.5,3,Jesurun Rak-Sakyi,Midfielder,Crystal Palace
219,2024/25,0,0,0,0,0,0,0,0,0,0,0,0,0,0,0.0,0.0,0.0,0.0,0.0,0.0,0.0,8.0,132.0,0.0,0.0,1.0,3.0,0.0,0.0,0.0,0.0,0.0,0.0,0.0,21.0,23.2,28.2,58.0,11.0,0.41,0.14,0.54,68.0,1.5,3.0,1523.5,5.5,0.0,31.0,4,Jesurun Rak-Sakyi,Midfielder,Crystal Palace
219,2025/26,0,0,0,0,0,0,0,0,0,0,0,0,0,0,0.0,0.0,0.0,0.0,0.0,0.0,0.0,0.0,0.0,0.0,0.0,0.0,0.0,0.0,0.0,0.0,0.0,0.0,0.0,0.0,0.0,0.0,0.0,0.0,0.0,0.0,0.0,0.0,38.0,0.0,2.0,846.0,2.0,0.0,17.0,5,Jesurun Rak-Sakyi,Midfielder,Crystal Palace
220,2025/26,2,90,0,0,0,2,0,0,0,0,0,0,0,21,15.2,30.0,4.0,4.9,0.02,0.16,0.18,,,,,,,,,,,,,,,,,,,,,,73.0,1.0,3.0,2251.0,6.0,0.0,38.0,0,Rio Cardines,Defender,Crystal Palace
221,2025/26,2,7,0,0,0,1,0,0,0,0,0,0,0,6,1.4,1.0,0.0,0.3,0.0,0.0,0.0,,,,,,,,,,,,,,,,,,,,,,,,,,,,,0,Joél Drakes-Thomas,Midfielder,Crystal Palace
222,2024/25,145,2587,14,4,7,52,0,0,0,4,0,0,17,570,646.8,303.4,848.0,179.5,10.14,1.0,11.14,,,,,,,,,,,,,,,,,,,,,,12.0,1.0,0.0,254.0,0.0,0.0,6.0,0,Jørgen Strand Larsen,Forward,Crystal Palace
222,2025/26,75,2301,4,1,5,41,0,0,1,4,0,0,3,215,265.2,203.1,469.0,91.5,5.3,1.12,6.42,145.0,2587.0,14.0,4.0,7.0,52.0,0.0,0.0,0.0,4.0,0.0,0.0,17.0,570.0,646.8,303.4,848.0,179.5,10.14,1.0,11.14,19.5,1.5,0.5,296.5,0.0,0.0,4.5,1,Jørgen Strand Larsen,Forward,Crystal Palace
223,2020/21,15,215,1,0,0,4,0,0,0,0,0,0,2,45,46.6,16.2,80.0,14.0,0.0,0.0,0.0,,,,,,,,,,,,,,,,,,,,,,31.0,2.0,1.0,391.0,0.0,0.0,8.5,0,Jean-Philippe Mateta,Forward,Crystal Palace
223,2021/22,61,1138,5,1,5,14,0,0,0,2,0,0,6,182,253.6,112.8,568.0,93.4,0.0,0.0,0.0,15.0,215.0,1.0,0.0,0.0,4.0,0.0,0.0,0.0,0.0,0.0,0.0,2.0,45.0,46.6,16.2,80.0,14.0,0.0,0.0,0.0,35.0,2.0,1.0,443.0,0.0,0.0,14.0,1,Jean-Philippe Mateta,Forward,Crystal Palace
223,2022/23,41,748,2,0,3,10,0,0,0,3,0,0,3,96,119.8,71.4,247.0,42.5,3.44,0.16,3.6,61.0,1138.0,5.0,1.0,5.0,14.0,0.0,0.0,0.0,2.0,0.0,0.0,6.0,182.0,253.6,112.8,568.0,93.4,0.0,0.0,0.0,1.0,0.0,0.0,45.0,0.0,0.0,2.0,2,Jean-Philippe Mateta,Forward,Crystal Palace
223,2023/24,165,2274,16,7,8,44,0,0,0,3,0,0,22,563,775.0,404.0,741.0,191.9,10.84,1.3,12.14,41.0,748.0,2.0,0.0,3.0,10.0,0.0,0.0,0.0,3.0,0.0,0.0,3.0,96.0,119.8,71.4,247.0,42.5,3.44,0.16,3.6,41.5,0.5,2.5,1116.0,0.0,0.0,23.5,3,Jean-Philippe Mateta,Forward,Crystal Palace
223,2024/25,150,2642,14,2,9,37,0,0,0,2,0,0,27,576,671.6,405.4,800.0,187.3,13.77,2.28,16.05,165.0,2274.0,16.0,7.0,8.0,44.0,0.0,0.0,0.0,3.0,0.0,0.0,22.0,563.0,775.0,404.0,741.0,191.9,10.84,1.3,12.14,107.5,2.0,5.0,2699.0,6.5,0.0,45.5,4,Jean-Philippe Mateta,Forward,Crystal Palace
223,2025/26,114,2210,12,0,8,29,0,0,0,2,0,0,13,397,567.2,160.6,786.0,150.8,14.42,1.32,15.74,150.0,2642.0,14.0,2.0,9.0,37.0,0.0,0.0,0.0,2.0,0.0,0.0,27.0,576.0,671.6,405.4,800.0,187.3,13.77,2.28,16.05,114.0,2.5,3.5,2934.5,11.5,0.0,40.0,5,Jean-Philippe Mateta,Forward,Crystal Palace
224,2017/18,3,17,0,0,0,1,0,0,0,0,0,0,0,10,5.0,1.9,17.0,2.3,0.0,0.0,0.0,,,,,,,,,,,,,,,,,,,,,,95.0,3.5,3.0,2096.5,9.0,0.0,23.0,0,Eddie Nketiah,Forward,Crystal Palace
224,2018/19,10,63,1,0,0,3,0,0,0,0,0,0,1,36,40.8,14.7,59.0,11.4,0.0,0.0,0.0,3.0,17.0,0.0,0.0,0.0,1.0,0.0,0.0,0.0,0.0,0.0,0.0,0.0,10.0,5.0,1.9,17.0,2.3,0.0,0.0,0.0,109.5,4.5,5.5,2331.5,9.5,0.0,27.0,1,Eddie Nketiah,Forward,Crystal Palace
224,2019/20,25,628,2,0,3,9,0,0,0,0,1,0,1,66,90.4,67.0,210.0,36.4,0.0,0.0,0.0,10.0,63.0,1.0,0.0,0.0,3.0,0.0,0.0,0.0,0.0,0.0,0.0,1.0,36.0,40.8,14.7,59.0,11.4,0.0,0.0,0.0,143.0,5.0,8.5,3192.0,12.0,0.0,43.5,2,Eddie Nketiah,Forward,Crystal Palace
224,2020/21,36,411,2,1,1,6,0,0,0,0,0,0,5,120,116.6,97.3,211.0,42.1,0.0,0.0,0.0,25.0,628.0,2.0,0.0,3.0,9.0,0.0,0.0,0.0,0.0,1.0,0.0,1.0,66.0,90.4,67.0,210.0,36.4,0.0,0.0,0.0,109.5,4.0,6.5,2273.0,9.0,0.0,30.5,3,Eddie Nketiah,Forward,Crystal Palace
224,2021/22,55,823,5,1,0,18,0,0,0,3,0,0,6,194,249.2,165.2,408.0,82.1,0.0,0.0,0.0,36.0,411.0,2.0,1.0,1.0,6.0,0.0,0.0,0.0,0.0,0.0,0.0,5.0,120.0,116.6,97.3,211.0,42.1,0.0,0.0,0.0,65.0,1.5,3.5,1703.0,6.0,0.0,22.0,4,Eddie Nketiah,Forward,Crystal Palace
224,2022/23,63,1071,4,2,2,16,0,0,0,3,0,0,5,161,213.4,128.5,607.0,93.8,7.89,1.26,9.15,55.0,823.0,5.0,1.0,0.0,18.0,0.0,0.0,0.0,3.0,0.0,0.0,6.0,194.0,249.2,165.2,408.0,82.1,0.0,0.0,0.0,74.0,1.0,2.5,2142.5,10.5,0.0,24.5,5,Eddie Nketiah,Forward,Crystal Palace
224,2023/24,71,1065,5,4,6,10,0,0,0,3,0,0,5,206,235.0,136.3,417.0,77.2,4.65,0.53,5.18,63.0,1071.0,4.0,2.0,2.0,16.0,0.0,0.0,0.0,3.0,0.0,0.0,5.0,161.0,213.4,128.5,607.0,93.8,7.89,1.26,9.15,75.5,1.0,2.0,2072.5,13.0,0.0,17.5,6,Eddie Nketiah,Forward,Crystal Palace
224,2024/25,53,1018,3,2,2,17,0,0,0,4,1,0,4,186,192.2,163.7,475.0,82.5,5.94,0.83,6.77,71.0,1065.0,5.0,4.0,6.0,10.0,0.0,0.0,0.0,3.0,0.0,0.0,5.0,206.0,235.0,136.3,417.0,77.2,4.65,0.53,5.18,96.0,2.5,4.0,2105.0,14.0,0.0,14.0,7,Eddie Nketiah,Forward,Crystal Palace
224,2025/26,23,414,2,0,0,12,0,0,0,2,0,0,3,100,120.0,84.6,173.0,37.8,1.77,0.46,2.23,53.0,1018.0,3.0,2.0,2.0,17.0,0.0,0.0,0.0,4.0,1.0,0.0,4.0,186.0,192.2,163.7,475.0,82.5,5.94,0.83,6.77,86.0,2.5,3.5,1969.0,10.0,0.0,18.5,8,Eddie Nketiah,Forward,Crystal Palace
225,2025/26,17,159,0,1,0,4,0,0,0,0,0,0,0,42,13.2,7.1,73.0,8.8,0.49,0.01,0.5,,,,,,,,,,,,,,,,,,,,,,83.0,1.5,3.5,2148.0,9.5,0.0,22.5,0,Christantus Uche,Forward,Crystal Palace
226,2013/14,0,0,0,0,0,0,0,0,0,0,0,0,0,0,0.0,0.0,0.0,0.0,0.0,0.0,0.0,,,,,,,,,,,,,,,,,,,,,,89.5,1.0,4.0,2326.0,11.5,0.0,26.0,0,Jordan Pickford,Goalkeeper,Everton
226,2014/15,0,0,0,0,0,0,0,0,0,0,0,0,0,0,0.0,0.0,0.0,0.0,0.0,0.0,0.0,0.0,0.0,0.0,0.0,0.0,0.0,0.0,0.0,0.0,0.0,0.0,0.0,0.0,0.0,0.0,0.0,0.0,0.0,0.0,0.0,0.0,34.5,0.0,1.5,1030.0,4.0,0.0,15.0,1,Jordan Pickford,Goalkeeper,Everton
226,2015/16,4,180,0,0,0,6,0,0,0,0,0,11,0,41,0.0,0.0,0.0,0.0,0.0,0.0,0.0,0.0,0.0,0.0,0.0,0.0,0.0,0.0,0.0,0.0,0.0,0.0,0.0,0.0,0.0,0.0,0.0,0.0,0.0,0.0,0.0,0.0,0.0,0.0,0.0,0.0,0.0,0.0,0.0,2,Jordan Pickford,Goalkeeper,Everton
226,2016/17,102,2610,0,0,4,50,0,0,0,0,0,135,9,608,933.0,40.0,0.0,97.4,0.0,0.0,0.0,4.0,180.0,0.0,0.0,0.0,6.0,0.0,0.0,0.0,0.0,0.0,11.0,0.0,41.0,0.0,0.0,0.0,0.0,0.0,0.0,0.0,0.0,0.0,0.0,0.0,0.0,0.0,0.0,3,Jordan Pickford,Goalkeeper,Everton
226,2017/18,145,3420,0,0,10,58,0,1,0,0,0,121,16,724,873.6,30.1,4.0,90.7,0.0,0.0,0.0,102.0,2610.0,0.0,0.0,4.0,50.0,0.0,0.0,0.0,0.0,0.0,135.0,9.0,608.0,933.0,40.0,0.0,97.4,0.0,0.0,0.0,16.5,0.0,0.0,335.0,2.0,0.0,4.5,4,Jordan Pickford,Goalkeeper,Everton
226,2018/19,161,3420,0,0,14,46,0,3,0,1,0,94,13,706,776.4,10.0,0.0,78.5,0.0,0.0,0.0,145.0,3420.0,0.0,0.0,10.0,58.0,0.0,1.0,0.0,0.0,0.0,121.0,16.0,724.0,873.6,30.1,4.0,90.7,0.0,0.0,0.0,38.0,0.0,0.0,1052.5,3.5,0.0,17.0,5,Jordan Pickford,Goalkeeper,Everton
226,2019/20,117,3420,0,0,9,56,0,0,0,2,0,94,5,626,755.6,13.0,0.0,76.7,0.0,0.0,0.0,161.0,3420.0,0.0,0.0,14.0,46.0,0.0,3.0,0.0,1.0,0.0,94.0,13.0,706.0,776.4,10.0,0.0,78.5,0.0,0.0,0.0,43.0,0.0,0.0,1435.0,3.0,0.0,25.0,6,Jordan Pickford,Goalkeeper,Everton
226,2020/21,114,2742,0,0,10,39,0,0,0,1,0,89,8,570,698.4,10.1,0.0,70.9,0.0,0.0,0.0,117.0,3420.0,0.0,0.0,9.0,56.0,0.0,0.0,0.0,2.0,0.0,94.0,5.0,626.0,755.6,13.0,0.0,76.7,0.0,0.0,0.0,7.0,0.0,0.0,250.0,0.0,0.0,6.0,7,Jordan Pickford,Goalkeeper,Everton
226,2021/22,116,3150,0,0,7,58,0,0,0,2,0,117,12,624,863.2,43.0,0.0,90.5,0.0,0.0,0.0,114.0,2742.0,0.0,0.0,10.0,39.0,0.0,0.0,0.0,1.0,0.0,89.0,8.0,570.0,698.4,10.1,0.0,70.9,0.0,0.0,0.0,44.0,2.0,1.0,810.5,2.5,0.0,11.5,8,Jordan Pickford,Goalkeeper,Everton
226,2022/23,124,3330,0,1,8,57,0,1,0,6,0,124,10,666,997.8,23.0,0.0,102.0,0.0,0.35,0.35,116.0,3150.0,0.0,0.0,7.0,58.0,0.0,0.0,0.0,2.0,0.0,117.0,12.0,624.0,863.2,43.0,0.0,90.5,0.0,0.0,0.0,42.0,2.0,1.0,696.5,2.5,0.0,8.5,9,Jordan Pickford,Goalkeeper,Everton
226,2023/24,153,3420,0,0,13,51,1,0,0,5,0,121,22,734,969.2,43.4,0.0,101.3,0.0,0.46,0.46,124.0,3330.0,0.0,1.0,8.0,57.0,0.0,1.0,0.0,6.0,0.0,124.0,10.0,666.0,997.8,23.0,0.0,102.0,0.0,0.35,0.35,1.5,0.0,0.0,11.0,0.0,0.0,0.0,10,Jordan Pickford,Goalkeeper,Everton
226,2024/25,158,3420,0,1,12,44,0,2,0,7,0,122,15,593,1052.0,20.3,0.0,107.0,0.0,0.22,0.22,153.0,3420.0,0.0,0.0,13.0,51.0,1.0,0.0,0.0,5.0,0.0,121.0,22.0,734.0,969.2,43.4,0.0,101.3,0.0,0.46,0.46,0.0,0.0,0.0,0.0,0.0,0.0,0.0,11,Jordan Pickford,Goalkeeper,Everton
226,2025/26,135,3420,0,0,11,50,0,1,0,4,0,100,11,545,885.2,20.3,2.0,90.8,0.0,0.2,0.2,158.0,3420.0,0.0,1.0,12.0,44.0,0.0,2.0,0.0,7.0,0.0,122.0,15.0,593.0,1052.0,20.3,0.0,107.0,0.0,0.22,0.22,35.0,0.0,2.0,1040.0,3.0,0.0,19.0,12,Jordan Pickford,Goalkeeper,Everton
227,2018/19,9,180,0,0,1,5,0,0,0,0,0,9,1,46,68.2,0.0,0.0,6.8,0.0,0.0,0.0,,,,,,,,,,,,,,,,,,,,,,36.5,0.0,2.5,938.5,3.0,0.0,15.0,0,Mark Travers,Goalkeeper,Everton
227,2019/20,1,90,0,0,0,3,0,0,0,0,0,2,0,9,15.2,0.0,0.0,1.5,0.0,0.0,0.0,9.0,180.0,0.0,0.0,1.0,5.0,0.0,0.0,0.0,0.0,0.0,9.0,1.0,46.0,68.2,0.0,0.0,6.8,0.0,0.0,0.0,38.5,0.5,2.5,992.0,2.0,0.0,19.0,1,Mark Travers,Goalkeeper,Everton
227,2022/23,28,1035,0,0,2,32,0,0,0,0,0,36,1,193,290.0,0.0,0.0,29.1,0.0,0.0,0.0,1.0,90.0,0.0,0.0,0.0,3.0,0.0,0.0,0.0,0.0,0.0,2.0,0.0,9.0,15.2,0.0,0.0,1.5,0.0,0.0,0.0,20.5,0.5,1.0,585.0,0.5,0.0,13.5,2,Mark Travers,Goalkeeper,Everton
227,2023/24,19,360,0,0,2,5,0,0,0,0,0,13,2,79,92.6,0.0,0.0,9.3,0.0,0.0,0.0,28.0,1035.0,0.0,0.0,2.0,32.0,0.0,0.0,0.0,0.0,0.0,36.0,1.0,193.0,290.0,0.0,0.0,29.1,0.0,0.0,0.0,2.0,0.0,0.0,23.0,0.0,0.0,0.0,3,Mark Travers,Goalkeeper,Everton
227,2024/25,19,450,0,0,1,5,0,0,0,0,0,20,1,76,146.4,0.0,0.0,14.6,0.0,0.01,0.01,19.0,360.0,0.0,0.0,2.0,5.0,0.0,0.0,0.0,0.0,0.0,13.0,2.0,79.0,92.6,0.0,0.0,9.3,0.0,0.0,0.0,61.0,3.0,1.0,1241.0,2.0,0.0,29.0,4,Mark Travers,Goalkeeper,Everton
227,2025/26,0,0,0,0,0,0,0,0,0,0,0,0,0,0,0.0,0.0,0.0,0.0,0.0,0.0,0.0,19.0,450.0,0.0,0.0,1.0,5.0,0.0,0.0,0.0,0.0,0.0,20.0,1.0,76.0,146.4,0.0,0.0,14.6,0.0,0.01,0.01,32.0,1.5,0.5,696.0,1.0,0.0,17.0,5,Mark Travers,Goalkeeper,Everton
228,2023/24,0,0,0,0,0,0,0,0,0,0,0,0,0,0,0.0,0.0,0.0,0.0,0.0,0.0,0.0,,,,,,,,,,,,,,,,,,,,,,1.5,0.0,0.0,75.5,0.0,0.0,2.5,0,Tom King,Goalkeeper,Everton
228,2024/25,1,1,0,0,0,0,0,0,0,0,0,0,0,3,0.0,0.0,0.0,0.0,0.0,0.0,0.0,0.0,0.0,0.0,0.0,0.0,0.0,0.0,0.0,0.0,0.0,0.0,0.0,0.0,0.0,0.0,0.0,0.0,0.0,0.0,0.0,0.0,0.0,0.0,0.0,0.0,0.0,0.0,0.0,1,Tom King,Goalkeeper,Everton
228,2025/26,0,0,0,0,0,0,0,0,0,0,0,0,0,0,0.0,0.0,0.0,0.0,0.0,0.0,0.0,1.0,1.0,0.0,0.0,0.0,0.0,0.0,0.0,0.0,0.0,0.0,0.0,0.0,3.0,0.0,0.0,0.0,0.0,0.0,0.0,0.0,9.0,0.0,0.0,167.0,0.0,0.0,4.0,2,Tom King,Goalkeeper,Everton
229,2016/17,23,568,0,0,1,11,0,0,0,1,0,0,0,111,146.2,53.4,81.0,27.5,0.0,0.0,0.0,,,,,,,,,,,,,,,,,,,,,,9.0,0.0,0.0,167.0,0.0,0.0,4.0,0,James Tarkowski,Defender,Everton
229,2017/18,101,2790,0,1,11,30,0,0,0,5,0,0,4,539,822.0,98.4,253.0,117.8,0.0,0.0,0.0,23.0,568.0,0.0,0.0,1.0,11.0,0.0,0.0,0.0,1.0,0.0,0.0,0.0,111.0,146.2,53.4,81.0,27.5,0.0,0.0,0.0,,,,,,,,1,James Tarkowski,Defender,Everton
229,2018/19,97,3086,3,2,7,63,0,0,0,8,0,0,7,524,1023.2,69.8,450.0,154.5,0.0,0.0,0.0,101.0,2790.0,0.0,1.0,11.0,30.0,0.0,0.0,0.0,5.0,0.0,0.0,4.0,539.0,822.0,98.4,253.0,117.8,0.0,0.0,0.0,46.0,5.0,0.0,771.0,1.0,0.0,15.0,2,James Tarkowski,Defender,Everton
229,2019/20,143,3420,2,3,15,50,0,0,0,10,0,0,14,690,919.8,167.1,410.0,149.9,0.0,0.0,0.0,97.0,3086.0,3.0,2.0,7.0,63.0,0.0,0.0,0.0,8.0,0.0,0.0,7.0,524.0,1023.2,69.8,450.0,154.5,0.0,0.0,0.0,54.5,5.5,0.5,1066.0,3.5,0.0,20.0,3,James Tarkowski,Defender,Everton
229,2020/21,109,3240,1,0,11,50,0,0,0,6,0,0,9,534,773.4,148.0,350.0,127.7,0.0,0.0,0.0,143.0,3420.0,2.0,3.0,15.0,50.0,0.0,0.0,0.0,10.0,0.0,0.0,14.0,690.0,919.8,167.1,410.0,149.9,0.0,0.0,0.0,82.5,7.0,1.5,1671.0,6.0,0.0,29.0,4,James Tarkowski,Defender,Everton
229,2021/22,83,3106,1,2,7,51,1,0,0,11,0,0,5,486,892.6,118.1,315.0,132.8,0.0,0.0,0.0,109.0,3240.0,1.0,0.0,11.0,50.0,0.0,0.0,0.0,6.0,0.0,0.0,9.0,534.0,773.4,148.0,350.0,127.7,0.0,0.0,0.0,135.0,11.0,7.0,2254.5,7.5,0.0,40.0,5,James Tarkowski,Defender,Everton
229,2022/23,106,3420,1,1,9,57,0,0,0,6,0,0,13,632,1040.4,185.6,441.0,167.0,2.97,1.89,4.86,83.0,3106.0,1.0,2.0,7.0,51.0,1.0,0.0,0.0,11.0,0.0,0.0,5.0,486.0,892.6,118.1,315.0,132.8,0.0,0.0,0.0,142.0,11.0,9.0,2717.0,6.5,0.0,50.0,6,James Tarkowski,Defender,Everton
229,2023/24,117,3420,1,1,13,51,0,0,0,11,0,0,10,649,915.4,269.6,320.0,150.9,2.55,2.66,5.21,106.0,3420.0,1.0,1.0,9.0,57.0,0.0,0.0,0.0,6.0,0.0,0.0,13.0,632.0,1040.4,185.6,441.0,167.0,2.97,1.89,4.86,125.0,10.0,6.0,2493.5,4.5,0.0,45.0,7,James Tarkowski,Defender,Everton
229,2024/25,105,2922,1,1,10,38,0,0,0,6,0,0,8,468,859.0,188.8,217.0,126.9,1.32,2.33,3.65,117.0,3420.0,1.0,1.0,13.0,51.0,0.0,0.0,0.0,11.0,0.0,0.0,10.0,649.0,915.4,269.6,320.0,150.9,2.55,2.66,5.21,104.5,10.0,3.0,1733.5,4.0,0.0,34.5,8,James Tarkowski,Defender,Everton
229,2025/26,170,3330,2,3,11,48,0,0,0,8,0,0,12,592,995.6,235.6,422.0,165.7,2.53,2.1,4.63,105.0,2922.0,1.0,1.0,10.0,38.0,0.0,0.0,0.0,6.0,0.0,0.0,8.0,468.0,859.0,188.8,217.0,126.9,1.32,2.33,3.65,116.0,13.0,3.0,1628.0,6.5,0.0,24.0,9,James Tarkowski,Defender,Everton
230,2019/20,11,299,0,0,1,6,0,0,0,0,0,0,2,69,66.0,2.2,0.0,6.9,0.0,0.0,0.0,,,,,,,,,,,,,,,,,,,,,,85.5,0.0,0.5,2565.0,5.5,78.0,43.0,0,Jarrad Branthwaite,Defender,Everton
230,2020/21,0,0,0,0,0,0,0,0,0,0,0,0,0,0,0.0,0.0,0.0,0.0,0.0,0.0,0.0,11.0,299.0,0.0,0.0,1.0,6.0,0.0,0.0,0.0,0.0,0.0,0.0,2.0,69.0,66.0,2.2,0.0,6.9,0.0,0.0,0.0,103.0,0.0,1.0,3240.0,7.0,91.0,58.0,1,Jarrad Branthwaite,Defender,Everton
230,2021/22,7,387,1,0,0,17,0,0,0,0,1,0,1,49,90.2,2.8,44.0,13.8,0.0,0.0,0.0,0.0,0.0,0.0,0.0,0.0,0.0,0.0,0.0,0.0,0.0,0.0,0.0,0.0,0.0,0.0,0.0,0.0,0.0,0.0,0.0,0.0,0.0,0.0,0.0,0.0,0.0,0.0,0.0,2,Jarrad Branthwaite,Defender,Everton
230,2022/23,0,0,0,0,0,0,0,0,0,0,0,0,0,0,0.0,0.0,0.0,0.0,0.0,0.0,0.0,7.0,387.0,1.0,0.0,0.0,17.0,0.0,0.0,0.0,0.0,1.0,0.0,1.0,49.0,90.2,2.8,44.0,13.8,0.0,0.0,0.0,0.0,0.0,0.0,0.0,0.0,0.0,0.0,3,Jarrad Branthwaite,Defender,Everton
230,2023/24,124,3116,3,1,12,44,0,0,0,8,0,0,10,621,789.4,67.2,185.0,104.3,1.62,1.29,2.91,0.0,0.0,0.0,0.0,0.0,0.0,0.0,0.0,0.0,0.0,0.0,0.0,0.0,0.0,0.0,0.0,0.0,0.0,0.0,0.0,0.0,0.0,0.0,0.0,0.0,0.0,0.0,0.0,4,Jarrad Branthwaite,Defender,Everton
230,2024/25,88,2509,0,1,9,28,0,0,0,4,0,0,3,420,624.6,57.7,130.0,81.3,1.2,0.61,1.81,124.0,3116.0,3.0,1.0,12.0,44.0,0.0,0.0,0.0,8.0,0.0,0.0,10.0,621.0,789.4,67.2,185.0,104.3,1.62,1.29,2.91,0.0,0.0,0.0,0.0,0.0,0.0,0.0,5,Jarrad Branthwaite,Defender,Everton
230,2025/26,32,678,1,1,1,9,0,0,0,1,0,0,0,108,175.0,42.8,75.0,29.3,0.34,0.11,0.45,88.0,2509.0,0.0,1.0,9.0,28.0,0.0,0.0,0.0,4.0,0.0,0.0,3.0,420.0,624.6,57.7,130.0,81.3,1.2,0.61,1.81,0.0,0.0,0.0,0.0,0.0,0.0,0.0,6,Jarrad Branthwaite,Defender,Everton
231,2012/13,0,0,0,0,0,0,0,0,0,0,0,0,0,0,0.0,0.0,0.0,0.0,0.0,0.0,0.0,,,,,,,,,,,,,,,,,,,,,,0.0,0.0,0.0,0.0,0.0,0.0,0.0,0,Michael Keane,Defender,Everton
231,2013/14,0,0,0,0,0,0,0,0,0,0,0,0,0,0,0.0,0.0,0.0,0.0,0.0,0.0,0.0,0.0,0.0,0.0,0.0,0.0,0.0,0.0,0.0,0.0,0.0,0.0,0.0,0.0,0.0,0.0,0.0,0.0,0.0,0.0,0.0,0.0,1.0,0.0,0.0,45.0,0.0,1.5,1.0,1,Michael Keane,Defender,Everton
231,2014/15,40,1645,0,1,2,27,0,0,0,1,0,0,0,286,0.0,0.0,0.0,0.0,0.0,0.0,0.0,0.0,0.0,0.0,0.0,0.0,0.0,0.0,0.0,0.0,0.0,0.0,0.0,0.0,0.0,0.0,0.0,0.0,0.0,0.0,0.0,0.0,33.5,0.0,0.5,720.0,3.0,20.0,12.5,2,Michael Keane,Defender,Everton
231,2016/17,113,3150,2,1,10,49,0,0,0,4,0,0,10,619,930.8,96.7,557.0,158.6,0.0,0.0,0.0,40.0,1645.0,0.0,1.0,2.0,27.0,0.0,0.0,0.0,1.0,0.0,0.0,0.0,286.0,0.0,0.0,0.0,0.0,0.0,0.0,0.0,53.5,0.0,0.5,1440.0,4.0,40.0,28.5,3,Michael Keane,Defender,Everton
231,2017/18,81,2559,0,1,7,46,0,0,0,3,0,0,11,513,703.4,58.4,124.0,88.7,0.0,0.0,0.0,113.0,3150.0,2.0,1.0,10.0,49.0,0.0,0.0,0.0,4.0,0.0,0.0,10.0,619.0,930.8,96.7,557.0,158.6,0.0,0.0,0.0,25.5,0.0,0.0,855.0,1.5,23.0,17.5,4,Michael Keane,Defender,Everton
231,2018/19,129,2970,1,2,13,39,0,0,0,2,0,0,15,642,740.2,101.2,326.0,117.2,0.0,0.0,0.0,81.0,2559.0,0.0,1.0,7.0,46.0,0.0,0.0,0.0,3.0,0.0,0.0,11.0,513.0,703.4,58.4,124.0,88.7,0.0,0.0,0.0,9.0,0.0,0.0,180.0,1.0,3.0,1.0,5,Michael Keane,Defender,Everton
231,2019/20,90,2556,2,0,7,42,1,0,0,3,0,0,9,490,666.4,80.0,204.0,95.2,0.0,0.0,0.0,129.0,2970.0,1.0,2.0,13.0,39.0,0.0,0.0,0.0,2.0,0.0,0.0,15.0,642.0,740.2,101.2,326.0,117.2,0.0,0.0,0.0,6.0,0.0,0.0,291.0,0.0,0.0,7.0,6,Michael Keane,Defender,Everton
231,2020/21,127,2989,3,1,11,43,0,0,0,4,0,0,13,649,814.0,87.8,243.0,114.5,0.0,0.0,0.0,90.0,2556.0,2.0,0.0,7.0,42.0,1.0,0.0,0.0,3.0,0.0,0.0,9.0,490.0,666.4,80.0,204.0,95.2,0.0,0.0,0.0,33.5,0.0,0.0,1329.5,2.5,0.0,22.5,7,Michael Keane,Defender,Everton
231,2021/22,102,2791,3,2,8,54,2,0,0,2,1,0,11,518,697.0,97.0,231.0,102.7,0.0,0.0,0.0,127.0,2989.0,3.0,1.0,11.0,43.0,0.0,0.0,0.0,4.0,0.0,0.0,13.0,649.0,814.0,87.8,243.0,114.5,0.0,0.0,0.0,74.0,0.5,0.5,2664.0,6.0,0.0,42.5,8,Michael Keane,Defender,Everton
231,2022/23,39,983,1,2,2,22,0,0,0,0,0,0,5,180,242.6,42.6,131.0,41.7,1.29,0.83,2.12,102.0,2791.0,3.0,2.0,8.0,54.0,2.0,0.0,0.0,2.0,1.0,0.0,11.0,518.0,697.0,97.0,231.0,102.7,0.0,0.0,0.0,87.0,1.0,1.0,2960.0,7.0,0.0,47.0,9,Michael Keane,Defender,Everton
231,2023/24,18,437,1,0,1,13,0,0,0,2,0,0,2,72,108.2,4.6,92.0,20.5,0.56,0.06,0.62,39.0,983.0,1.0,2.0,2.0,22.0,0.0,0.0,0.0,0.0,0.0,0.0,5.0,180.0,242.6,42.6,131.0,41.7,1.29,0.83,2.12,19.0,1.0,0.0,385.0,2.0,0.0,8.0,10,Michael Keane,Defender,Everton
231,2024/25,48,1046,3,0,3,20,0,0,0,5,0,0,4,139,306.6,23.2,123.0,45.4,0.61,0.02,0.63,18.0,437.0,1.0,0.0,1.0,13.0,0.0,0.0,0.0,2.0,0.0,0.0,2.0,72.0,108.2,4.6,92.0,20.5,0.56,0.06,0.62,19.0,1.0,0.0,385.0,2.0,0.0,8.0,11,Michael Keane,Defender,Everton
231,2025/26,131,2588,3,1,7,42,0,0,0,1,1,0,8,404,770.4,47.4,299.0,111.7,2.3,0.49,2.79,48.0,1046.0,3.0,0.0,3.0,20.0,0.0,0.0,0.0,5.0,0.0,0.0,4.0,139.0,306.6,23.2,123.0,45.4,0.61,0.02,0.63,,,,,,,,12,Michael Keane,Defender,Everton
232,2023/24,0,0,0,0,0,0,0,0,0,0,0,0,0,0,0.0,0.0,0.0,0.0,0.0,0.0,0.0,,,,,,,,,,,,,,,,,,,,,,,,,,,,,0,Jake O'Brien,Defender,Everton
232,2024/25,65,1568,2,0,5,17,0,0,0,5,0,0,5,233,341.4,108.9,109.0,56.0,0.77,0.31,1.08,0.0,0.0,0.0,0.0,0.0,0.0,0.0,0.0,0.0,0.0,0.0,0.0,0.0,0.0,0.0,0.0,0.0,0.0,0.0,0.0,0.0,97.0,1.0,1.0,3420.0,10.0,0.0,54.0,1,Jake O'Brien,Defender,Everton
232,2025/26,116,3118,1,3,10,46,0,0,0,6,1,0,2,368,582.8,282.9,206.0,107.5,1.67,1.0,2.67,65.0,1568.0,2.0,0.0,5.0,17.0,0.0,0.0,0.0,5.0,0.0,0.0,5.0,233.0,341.4,108.9,109.0,56.0,0.77,0.31,1.08,94.0,1.5,1.0,3285.5,8.5,0.0,55.0,2,Jake O'Brien,Defender,Everton
233,2021/22,42,1054,1,1,3,17,0,0,0,0,0,0,3,177,187.4,138.8,66.0,39.4,0.0,0.0,0.0,,,,,,,,,,,,,,,,,,,,,,109.5,2.5,2.0,3190.5,8.0,0.0,53.0,0,Vitalii Mykolenko,Defender,Everton
233,2022/23,75,2653,0,1,7,46,0,0,0,4,0,0,4,449,504.8,307.0,120.0,93.4,0.54,0.91,1.45,42.0,1054.0,1.0,1.0,3.0,17.0,0.0,0.0,0.0,0.0,0.0,0.0,3.0,177.0,187.4,138.8,66.0,39.4,0.0,0.0,0.0,129.0,4.0,1.5,3081.0,10.0,0.0,45.0,1,Vitalii Mykolenko,Defender,Everton
233,2023/24,101,2469,2,1,9,37,0,0,0,1,0,0,9,452,517.4,239.8,211.0,96.8,1.49,1.07,2.56,75.0,2653.0,0.0,1.0,7.0,46.0,0.0,0.0,0.0,4.0,0.0,0.0,4.0,449.0,504.8,307.0,120.0,93.4,0.54,0.91,1.45,111.0,3.0,0.0,2752.5,10.5,0.0,36.5,2,Vitalii Mykolenko,Defender,Everton
233,2024/25,121,3082,1,3,11,39,0,0,0,4,0,0,9,467,621.4,428.5,100.0,115.2,0.48,2.12,2.6,101.0,2469.0,2.0,1.0,9.0,37.0,0.0,0.0,0.0,1.0,0.0,0.0,9.0,452.0,517.4,239.8,211.0,96.8,1.49,1.07,2.56,102.0,1.0,0.5,2906.5,11.0,0.0,41.5,3,Vitalii Mykolenko,Defender,Everton
233,2025/26,95,2959,0,1,9,47,1,0,0,6,0,0,2,350,559.2,394.1,71.0,102.3,0.28,2.46,2.74,121.0,3082.0,1.0,3.0,11.0,39.0,0.0,0.0,0.0,4.0,0.0,0.0,9.0,467.0,621.4,428.5,100.0,115.2,0.48,2.12,2.6,100.5,2.0,1.0,3054.5,8.5,0.0,51.5,4,Vitalii Mykolenko,Defender,Everton
234,2021/22,0,0,0,0,0,0,0,0,0,0,0,0,0,0,0.0,0.0,0.0,0.0,0.0,0.0,0.0,,,,,,,,,,,,,,,,,,,,,,66.5,1.5,1.0,2475.0,4.5,0.0,47.5,0,Nathan Patterson,Defender,Everton
234,2022/23,31,1274,0,0,2,22,0,0,0,3,0,0,0,173,231.4,111.9,108.0,45.3,0.48,0.71,1.19,0.0,0.0,0.0,0.0,0.0,0.0,0.0,0.0,0.0,0.0,0.0,0.0,0.0,0.0,0.0,0.0,0.0,0.0,0.0,0.0,0.0,44.0,0.0,1.0,2081.0,4.0,0.0,42.0,1,Nathan Patterson,Defender,Everton
234,2023/24,34,1000,0,2,2,21,0,0,0,4,0,0,3,187,207.2,138.2,26.0,37.3,0.34,1.03,1.37,31.0,1274.0,0.0,0.0,2.0,22.0,0.0,0.0,0.0,3.0,0.0,0.0,0.0,173.0,231.4,111.9,108.0,45.3,0.48,0.71,1.19,,,,,,,,2,Nathan Patterson,Defender,Everton
234,2024/25,14,342,0,1,0,6,0,0,0,1,0,0,0,47,71.6,70.3,12.0,15.5,0.07,0.38,0.45,34.0,1000.0,0.0,2.0,2.0,21.0,0.0,0.0,0.0,4.0,0.0,0.0,3.0,187.0,207.2,138.2,26.0,37.3,0.34,1.03,1.37,37.0,0.0,0.0,1631.0,2.0,0.0,26.0,3,Nathan Patterson,Defender,Everton
234,2025/26,22,238,0,0,2,2,0,0,0,0,0,0,0,67,65.6,6.4,17.0,8.8,0.03,0.04,0.07,14.0,342.0,0.0,1.0,0.0,6.0,0.0,0.0,0.0,1.0,0.0,0.0,0.0,47.0,71.6,70.3,12.0,15.5,0.07,0.38,0.45,27.5,0.0,0.0,1295.0,1.5,0.0,21.5,4,Nathan Patterson,Defender,Everton
235,2025/26,0,0,0,0,0,0,0,0,0,0,0,0,0,0,0.0,0.0,0.0,0.0,0.0,0.0,0.0,,,,,,,,,,,,,,,,,,,,,,18.0,0.0,0.0,959.0,1.0,0.0,17.0,0,Adam Aznou,Defender,Everton
236,2021/22,70,2101,1,2,8,27,0,0,0,4,0,0,4,337,377.6,505.6,221.0,110.6,0.0,0.0,0.0,,,,,,,,,,,,,,,,,,,,,,138.0,7.0,9.0,2311.0,8.0,0.0,35.0,0,Kiernan Dewsbury-Hall,Midfielder,Everton
236,2022/23,82,2305,2,3,7,41,0,0,0,3,1,0,5,347,453.6,541.7,239.0,123.7,2.17,2.62,4.79,70.0,2101.0,1.0,2.0,8.0,27.0,0.0,0.0,0.0,4.0,0.0,0.0,4.0,337.0,377.6,505.6,221.0,110.6,0.0,0.0,0.0,106.0,5.0,8.0,1898.0,4.5,0.0,31.0,1,Kiernan Dewsbury-Hall,Midfielder,Everton
236,2024/25,18,257,0,1,0,3,0,0,0,0,0,0,1,71,57.4,47.4,21.0,12.6,0.22,0.22,0.44,82.0,2305.0,2.0,3.0,7.0,41.0,0.0,0.0,0.0,3.0,1.0,0.0,5.0,347.0,453.6,541.7,239.0,123.7,2.17,2.62,4.79,109.5,6.5,6.0,2041.0,3.5,0.0,33.5,2,Kiernan Dewsbury-Hall,Midfielder,Everton
236,2025/26,151,2629,8,7,8,39,0,0,0,6,0,0,18,598,619.4,601.1,438.0,166.0,4.35,5.34,9.69,18.0,257.0,0.0,1.0,0.0,3.0,0.0,0.0,0.0,0.0,0.0,0.0,1.0,71.0,57.4,47.4,21.0,12.6,0.22,0.22,0.44,145.0,10.0,5.0,2597.0,6.0,0.0,40.0,3,Kiernan Dewsbury-Hall,Midfielder,Everton
237,2020/21,1,11,0,0,0,1,0,0,0,0,0,0,0,5,2.2,0.3,0.0,0.3,0.0,0.0,0.0,,,,,,,,,,,,,,,,,,,,,,102.0,6.0,5.0,1831.0,4.0,0.0,33.0,0,Iliman Ndiaye,Midfielder,Everton
237,2023/24,0,0,0,0,0,0,0,0,0,0,0,0,0,0,0.0,0.0,0.0,0.0,0.0,0.0,0.0,1.0,11.0,0.0,0.0,0.0,1.0,0.0,0.0,0.0,0.0,0.0,0.0,0.0,5.0,2.2,0.3,0.0,0.3,0.0,0.0,0.0,102.0,6.0,5.0,1831.0,4.0,0.0,33.0,1,Iliman Ndiaye,Midfielder,Everton
237,2024/25,114,2426,9,0,15,24,0,0,0,3,0,0,21,552,598.0,326.4,493.0,142.0,6.23,1.36,7.59,0.0,0.0,0.0,0.0,0.0,0.0,0.0,0.0,0.0,0.0,0.0,0.0,0.0,0.0,0.0,0.0,0.0,0.0,0.0,0.0,0.0,1.0,0.0,0.0,1.0,0.0,0.0,0.0,2,Iliman Ndiaye,Midfielder,Everton
237,2025/26,128,2781,6,3,8,44,0,0,0,2,0,0,7,540,605.8,479.2,578.0,166.5,6.68,4.41,11.09,114.0,2426.0,9.0,0.0,15.0,24.0,0.0,0.0,0.0,3.0,0.0,0.0,21.0,552.0,598.0,326.4,493.0,142.0,6.23,1.36,7.59,21.5,1.5,0.0,433.5,1.0,0.0,8.5,3,Iliman Ndiaye,Midfielder,Everton
238,2011/12,0,0,0,0,0,0,0,0,0,0,0,0,0,0,0.0,0.0,0.0,0.0,0.0,0.0,0.0,,,,,,,,,,,,,,,,,,,,,,65.5,4.0,1.5,1352.5,4.0,0.0,23.5,0,Jack Grealish,Midfielder,Man City
238,2012/13,0,0,0,0,0,0,0,0,0,0,0,0,0,0,0.0,0.0,0.0,0.0,0.0,0.0,0.0,0.0,0.0,0.0,0.0,0.0,0.0,0.0,0.0,0.0,0.0,0.0,0.0,0.0,0.0,0.0,0.0,0.0,0.0,0.0,0.0,0.0,89.0,5.0,3.0,1839.0,6.0,0.0,30.0,1,Jack Grealish,Midfielder,Man City
238,2013/14,1,3,0,0,0,2,0,0,0,0,0,0,0,1,0.0,0.0,0.0,0.0,0.0,0.0,0.0,0.0,0.0,0.0,0.0,0.0,0.0,0.0,0.0,0.0,0.0,0.0,0.0,0.0,0.0,0.0,0.0,0.0,0.0,0.0,0.0,0.0,164.0,7.0,8.0,2928.0,10.0,0.0,46.0,2,Jack Grealish,Midfielder,Man City
238,2014/15,31,822,0,1,2,18,0,0,0,0,0,0,2,147,0.0,0.0,0.0,0.0,0.0,0.0,0.0,1.0,3.0,0.0,0.0,0.0,2.0,0.0,0.0,0.0,0.0,0.0,0.0,0.0,1.0,0.0,0.0,0.0,0.0,0.0,0.0,0.0,122.0,5.0,5.5,2396.0,6.5,0.0,38.5,3,Jack Grealish,Midfielder,Man City
238,2015/16,28,833,1,0,0,26,0,0,0,1,0,0,0,128,0.0,0.0,0.0,0.0,0.0,0.0,0.0,31.0,822.0,0.0,1.0,2.0,18.0,0.0,0.0,0.0,0.0,0.0,0.0,2.0,147.0,0.0,0.0,0.0,0.0,0.0,0.0,0.0,78.0,2.5,4.0,1827.5,3.0,0.0,31.5,4,Jack Grealish,Midfielder,Man City
238,2019/20,149,3233,8,7,7,63,0,0,1,8,0,0,19,601,826.6,1209.2,837.0,287.0,0.0,0.0,0.0,28.0,833.0,1.0,0.0,0.0,26.0,0.0,0.0,0.0,1.0,0.0,0.0,0.0,128.0,0.0,0.0,0.0,0.0,0.0,0.0,0.0,96.0,2.5,6.5,2135.0,6.5,0.0,30.0,5,Jack Grealish,Midfielder,Man City
238,2020/21,135,2183,6,12,12,28,0,0,0,6,0,0,13,531,707.4,1029.6,917.0,265.3,0.0,0.0,0.0,149.0,3233.0,8.0,7.0,7.0,63.0,0.0,0.0,1.0,8.0,0.0,0.0,19.0,601.0,826.6,1209.2,837.0,287.0,0.0,0.0,0.0,102.0,2.5,6.5,2256.0,9.0,0.0,26.0,6,Jack Grealish,Midfielder,Man City
238,2021/22,86,1910,3,3,15,8,0,0,0,3,0,0,2,359,394.4,730.6,923.0,204.8,0.0,0.0,0.0,135.0,2183.0,6.0,12.0,12.0,28.0,0.0,0.0,0.0,6.0,0.0,0.0,13.0,531.0,707.4,1029.6,917.0,265.3,0.0,0.0,0.0,123.5,5.5,6.5,2636.5,9.5,0.0,37.5,7,Jack Grealish,Midfielder,Man City
238,2022/23,121,2051,5,10,10,16,0,0,0,4,0,0,9,490,515.8,721.3,683.0,191.7,4.5,6.74,11.24,86.0,1910.0,3.0,3.0,15.0,8.0,0.0,0.0,0.0,3.0,0.0,0.0,2.0,359.0,394.4,730.6,923.0,204.8,0.0,0.0,0.0,156.0,6.5,9.5,3176.0,9.0,0.0,50.5,8,Jack Grealish,Midfielder,Man City
238,2023/24,50,998,3,1,3,13,0,0,0,6,0,0,6,199,240.4,384.1,295.0,91.9,2.17,2.69,4.86,121.0,2051.0,5.0,10.0,10.0,16.0,0.0,0.0,0.0,4.0,0.0,0.0,9.0,490.0,515.8,721.3,683.0,191.7,4.5,6.74,11.24,76.5,2.0,5.5,1556.0,3.5,0.0,25.0,9,Jack Grealish,Midfielder,Man City
238,2024/25,38,710,1,1,2,10,0,0,0,3,0,0,4,187,157.2,321.4,234.0,71.3,1.13,1.67,2.8,50.0,998.0,3.0,1.0,3.0,13.0,0.0,0.0,0.0,6.0,0.0,0.0,6.0,199.0,240.4,384.1,295.0,91.9,2.17,2.69,4.86,0.0,0.0,0.0,0.0,0.0,0.0,0.0,10,Jack Grealish,Midfielder,Man City
238,2025/26,79,1627,2,6,7,23,0,0,0,3,1,0,12,356,374.2,520.5,397.0,129.2,2.05,3.37,5.41,38.0,710.0,1.0,1.0,2.0,10.0,0.0,0.0,0.0,3.0,0.0,0.0,4.0,187.0,157.2,321.4,234.0,71.3,1.13,1.67,2.8,15.0,0.0,1.0,263.0,0.0,0.0,9.0,11,Jack Grealish,Midfielder,Man City
239,2018/19,1,1,0,0,0,0,0,0,0,0,0,0,0,3,0.0,0.0,0.0,0.0,0.0,0.0,0.0,,,,,,,,,,,,,,,,,,,,,,55.0,2.5,3.5,957.0,3.0,0.0,19.0,0,James Garner,Midfielder,Everton
239,2019/20,1,8,0,0,0,1,0,0,0,0,0,0,0,3,2.2,2.8,0.0,0.5,0.0,0.0,0.0,1.0,1.0,0.0,0.0,0.0,0.0,0.0,0.0,0.0,0.0,0.0,0.0,0.0,3.0,0.0,0.0,0.0,0.0,0.0,0.0,0.0,95.0,5.0,6.0,1651.0,6.0,0.0,29.0,1,James Garner,Midfielder,Everton
239,2020/21,0,0,0,0,0,0,0,0,0,0,0,0,0,0,0.0,0.0,0.0,0.0,0.0,0.0,0.0,1.0,8.0,0.0,0.0,0.0,1.0,0.0,0.0,0.0,0.0,0.0,0.0,0.0,3.0,2.2,2.8,0.0,0.5,0.0,0.0,0.0,50.0,2.0,3.0,929.0,2.0,0.0,20.0,2,James Garner,Midfielder,Everton
239,2022/23,25,796,0,1,2,13,0,0,0,3,0,0,0,109,109.2,116.2,64.0,29.2,0.7,0.5,1.2,0.0,0.0,0.0,0.0,0.0,0.0,0.0,0.0,0.0,0.0,0.0,0.0,0.0,0.0,0.0,0.0,0.0,0.0,0.0,0.0,0.0,50.0,2.0,3.0,929.0,2.0,0.0,20.0,3,James Garner,Midfielder,Everton
239,2023/24,87,3001,1,2,11,47,0,0,0,7,0,0,3,421,526.6,663.1,244.0,143.5,2.62,3.75,6.37,25.0,796.0,0.0,1.0,2.0,13.0,0.0,0.0,0.0,3.0,0.0,0.0,0.0,109.0,109.2,116.2,64.0,29.2,0.7,0.5,1.2,30.0,1.0,1.0,507.0,0.0,0.0,13.0,4,James Garner,Midfielder,Everton
239,2024/25,42,1590,0,1,5,19,0,0,0,5,0,0,0,244,264.8,248.2,93.0,60.4,0.67,1.37,2.04,87.0,3001.0,1.0,2.0,11.0,47.0,0.0,0.0,0.0,7.0,0.0,0.0,3.0,421.0,526.6,663.1,244.0,143.5,2.62,3.75,6.37,30.0,1.0,1.0,507.0,0.0,0.0,13.0,5,James Garner,Midfielder,Everton
239,2025/26,159,3413,2,7,11,50,0,0,0,12,0,0,13,818,887.0,958.0,237.0,208.4,2.1,6.18,8.28,42.0,1590.0,0.0,1.0,5.0,19.0,0.0,0.0,0.0,5.0,0.0,0.0,0.0,244.0,264.8,248.2,93.0,60.4,0.67,1.37,2.04,26.0,1.0,1.0,558.0,1.0,0.0,12.0,6,James Garner,Midfielder,Everton
240,2020/21,0,0,0,0,0,0,0,0,0,0,0,0,0,0,0.0,0.0,0.0,0.0,0.0,0.0,0.0,,,,,,,,,,,,,,,,,,,,,,34.0,0.0,0.0,1314.0,2.0,0.0,28.0,0,Tim Iroegbunam,Midfielder,Everton
240,2021/22,4,90,0,0,1,0,0,0,0,1,0,0,0,17,10.6,2.0,4.0,1.7,0.0,0.0,0.0,0.0,0.0,0.0,0.0,0.0,0.0,0.0,0.0,0.0,0.0,0.0,0.0,0.0,0.0,0.0,0.0,0.0,0.0,0.0,0.0,0.0,60.5,1.5,0.5,1987.0,5.0,0.0,34.0,1,Tim Iroegbunam,Midfielder,Everton
240,2022/23,0,0,0,0,0,0,0,0,0,0,0,0,0,0,0.0,0.0,0.0,0.0,0.0,0.0,0.0,4.0,90.0,0.0,0.0,1.0,0.0,0.0,0.0,0.0,1.0,0.0,0.0,0.0,17.0,10.6,2.0,4.0,1.7,0.0,0.0,0.0,87.0,3.0,1.0,2660.0,8.0,0.0,40.0,2,Tim Iroegbunam,Midfielder,Everton
240,2023/24,10,157,0,0,0,7,0,0,0,0,0,0,0,29,18.6,4.0,0.0,2.1,0.0,0.0,0.0,0.0,0.0,0.0,0.0,0.0,0.0,0.0,0.0,0.0,0.0,0.0,0.0,0.0,0.0,0.0,0.0,0.0,0.0,0.0,0.0,0.0,1.0,0.0,0.0,6.0,0.0,0.0,0.0,3,Tim Iroegbunam,Midfielder,Everton
240,2024/25,22,562,0,1,0,16,0,0,0,4,0,0,0,82,122.2,40.9,32.0,19.6,0.23,0.14,0.37,10.0,157.0,0.0,0.0,0.0,7.0,0.0,0.0,0.0,0.0,0.0,0.0,0.0,29.0,18.6,4.0,0.0,2.1,0.0,0.0,0.0,1.0,0.0,0.0,6.0,0.0,0.0,0.0,4,Tim Iroegbunam,Midfielder,Everton
240,2025/26,68,1477,0,3,8,18,0,0,0,9,0,0,1,225,255.0,125.2,81.0,45.9,0.54,0.71,1.25,22.0,562.0,0.0,1.0,0.0,16.0,0.0,0.0,0.0,4.0,0.0,0.0,0.0,82.0,122.2,40.9,32.0,19.6,0.23,0.14,0.37,,,,,,,,5,Tim Iroegbunam,Midfielder,Everton
241,2017/18,1,1,0,0,0,0,0,0,0,0,0,0,0,3,0.0,0.0,0.0,0.0,0.0,0.0,0.0,,,,,,,,,,,,,,,,,,,,,,,,,,,,,0,Dwight McNeil,Midfielder,Crystal Palace
241,2018/19,75,1590,3,4,5,25,0,0,0,2,0,0,6,305,405.2,442.8,279.0,112.5,0.0,0.0,0.0,1.0,1.0,0.0,0.0,0.0,0.0,0.0,0.0,0.0,0.0,0.0,0.0,0.0,3.0,0.0,0.0,0.0,0.0,0.0,0.0,0.0,9.0,1.0,0.0,118.0,0.0,0.0,0.0,1,Dwight McNeil,Midfielder,Crystal Palace
241,2019/20,123,3339,2,7,16,48,0,0,0,5,0,0,6,529,644.2,931.4,430.0,200.6,0.0,0.0,0.0,75.0,1590.0,3.0,4.0,5.0,25.0,0.0,0.0,0.0,2.0,0.0,0.0,6.0,305.0,405.2,442.8,279.0,112.5,0.0,0.0,0.0,7.5,0.5,0.0,129.5,0.0,0.0,1.5,2,Dwight McNeil,Midfielder,Crystal Palace
241,2020/21,113,3068,2,5,11,50,0,0,0,1,0,0,8,493,591.8,790.3,277.0,166.3,0.0,0.0,0.0,123.0,3339.0,2.0,7.0,16.0,48.0,0.0,0.0,0.0,5.0,0.0,0.0,6.0,529.0,644.2,931.4,430.0,200.6,0.0,0.0,0.0,42.5,3.0,0.5,948.5,4.5,0.0,15.0,3,Dwight McNeil,Midfielder,Crystal Palace
241,2021/22,84,3104,0,1,9,49,0,0,0,1,0,0,1,440,565.2,754.3,505.0,182.9,0.0,0.0,0.0,113.0,3068.0,2.0,5.0,11.0,50.0,0.0,0.0,0.0,1.0,0.0,0.0,8.0,493.0,591.8,790.3,277.0,166.3,0.0,0.0,0.0,95.5,7.5,3.0,1884.0,10.0,0.0,25.5,4,Dwight McNeil,Midfielder,Crystal Palace
241,2022/23,126,2490,7,5,5,46,0,0,0,5,0,0,14,505,718.8,771.4,464.0,195.8,3.51,5.45,8.96,84.0,3104.0,0.0,1.0,9.0,49.0,0.0,0.0,0.0,1.0,0.0,0.0,1.0,440.0,565.2,754.3,505.0,182.9,0.0,0.0,0.0,84.5,5.0,4.5,1656.5,7.5,0.0,18.0,5,Dwight McNeil,Midfielder,Crystal Palace
241,2023/24,124,2891,3,8,12,39,0,0,0,2,0,0,8,515,615.4,1110.8,400.0,212.7,3.26,7.9,11.16,126.0,2490.0,7.0,5.0,5.0,46.0,0.0,0.0,0.0,5.0,0.0,0.0,14.0,505.0,718.8,771.4,464.0,195.8,3.51,5.45,8.96,78.5,5.0,4.0,1381.5,4.0,0.0,17.0,6,Dwight McNeil,Midfielder,Crystal Palace
241,2024/25,93,1366,4,8,5,24,0,0,0,1,0,0,9,401,392.0,631.8,207.0,123.3,1.05,4.49,5.53,124.0,2891.0,3.0,8.0,12.0,39.0,0.0,0.0,0.0,2.0,0.0,0.0,8.0,515.0,615.4,1110.8,400.0,212.7,3.26,7.9,11.16,94.5,6.5,5.5,1585.5,5.0,0.0,20.5,7,Dwight McNeil,Midfielder,Crystal Palace
241,2025/26,53,1161,0,3,6,9,0,0,0,1,0,0,1,186,140.6,242.4,138.0,52.2,1.37,1.91,3.28,93.0,1366.0,4.0,8.0,5.0,24.0,0.0,0.0,0.0,1.0,0.0,0.0,9.0,401.0,392.0,631.8,207.0,123.3,1.05,4.49,5.53,68.5,4.0,5.0,1142.0,4.5,0.0,14.5,8,Dwight McNeil,Midfielder,Crystal Palace
242,2023/24,0,0,0,0,0,0,0,0,0,0,0,0,0,0,0.0,0.0,0.0,0.0,0.0,0.0,0.0,,,,,,,,,,,,,,,,,,,,,,42.5,3.0,2.5,661.5,3.0,0.0,10.5,0,Tyrique George,Midfielder,Everton
242,2024/25,17,177,1,1,1,0,0,0,0,1,0,0,0,55,67.4,72.7,32.0,17.1,0.2,0.26,0.46,0.0,0.0,0.0,0.0,0.0,0.0,0.0,0.0,0.0,0.0,0.0,0.0,0.0,0.0,0.0,0.0,0.0,0.0,0.0,0.0,0.0,53.5,3.5,2.0,963.0,3.5,0.0,16.0,1,Tyrique George,Midfielder,Everton
242,2025/26,16,351,0,0,1,9,0,0,0,2,0,0,0,55,44.2,66.2,132.0,23.9,0.64,1.19,1.83,17.0,177.0,1.0,1.0,1.0,0.0,0.0,0.0,0.0,1.0,0.0,0.0,0.0,55.0,67.4,72.7,32.0,17.1,0.2,0.26,0.46,44.5,3.0,1.5,662.0,2.0,0.0,12.0,2,Tyrique George,Midfielder,Everton
243,2022/23,55,1024,4,2,0,25,0,0,0,3,0,0,4,155,238.4,87.2,199.0,52.2,1.76,0.71,2.47,,,,,,,,,,,,,,,,,,,,,,29.0,1.5,1.0,479.5,0.5,0.0,9.0,0,Carlos Alcaraz Durán,Midfielder,Everton
243,2024/25,44,766,2,3,1,9,0,0,0,4,0,0,5,191,219.4,205.7,227.0,65.4,1.78,0.68,2.46,55.0,1024.0,4.0,2.0,0.0,25.0,0.0,0.0,0.0,3.0,0.0,0.0,4.0,155.0,238.4,87.2,199.0,52.2,1.76,0.71,2.47,64.0,4.0,2.5,1177.0,3.5,0.0,16.5,1,Carlos Alcaraz Durán,Midfielder,Everton
243,2025/26,29,679,0,1,3,10,0,0,0,4,0,0,0,121,93.8,161.9,162.0,41.8,1.17,0.54,1.71,44.0,766.0,2.0,3.0,1.0,9.0,0.0,0.0,0.0,4.0,0.0,0.0,5.0,191.0,219.4,205.7,227.0,65.4,1.78,0.68,2.46,89.0,6.0,4.0,1505.0,5.5,0.0,17.0,2,Carlos Alcaraz Durán,Midfielder,Everton
244,2024/25,2,47,0,0,0,1,0,0,0,1,0,0,0,1,1.8,10.9,9.0,2.2,0.37,0.0,0.37,,,,,,,,,,,,,,,,,,,,,,90.0,6.0,4.5,1656.5,5.5,0.0,22.0,0,Harrison Armstrong,Midfielder,Everton
244,2025/26,21,524,0,0,1,11,0,0,0,0,0,0,0,84,60.0,69.7,78.0,21.0,0.79,0.22,1.01,2.0,47.0,0.0,0.0,0.0,1.0,0.0,0.0,0.0,1.0,0.0,0.0,0.0,1.0,1.8,10.9,9.0,2.2,0.37,0.0,0.37,85.0,5.5,4.5,1765.5,7.0,0.0,28.0,1,Harrison Armstrong,Midfielder,Everton
245,2021/22,0,0,0,0,0,0,0,0,0,0,0,0,0,0,0.0,0.0,0.0,0.0,0.0,0.0,0.0,,,,,,,,,,,,,,,,,,,,,,102.0,7.5,4.5,1898.0,7.5,0.0,32.5,0,Tyler Dibling,Midfielder,Everton
245,2024/25,68,1863,2,2,3,50,0,0,0,6,0,0,4,247,261.0,344.5,264.0,87.0,2.6,1.47,4.07,0.0,0.0,0.0,0.0,0.0,0.0,0.0,0.0,0.0,0.0,0.0,0.0,0.0,0.0,0.0,0.0,0.0,0.0,0.0,0.0,0.0,125.0,10.0,5.0,2109.0,7.0,0.0,37.0,1,Tyler Dibling,Midfielder,Everton
245,2025/26,18,349,0,0,2,2,0,0,0,2,0,0,0,49,46.0,61.0,32.0,13.6,0.2,0.14,0.34,68.0,1863.0,2.0,2.0,3.0,50.0,0.0,0.0,0.0,6.0,0.0,0.0,4.0,247.0,261.0,344.5,264.0,87.0,2.6,1.47,4.07,,,,,,,,2,Tyler Dibling,Midfielder,Everton
246,2025/26,36,675,1,1,2,13,0,0,0,0,0,0,2,98,113.0,87.4,62.0,26.3,0.67,0.35,1.02,,,,,,,,,,,,,,,,,,,,,,,,,,,,,0,Merlin Röhl,Midfielder,Everton
248,2023/24,50,943,3,0,2,20,0,0,1,2,0,0,3,105,158.8,139.6,425.0,71.3,6.46,0.3,6.76,,,,,,,,,,,,,,,,,,,,,,1.0,0.0,0.0,22.0,0.0,0.0,1.0,0,Norberto Bercique Gomes Betuncal,Forward,Everton
248,2024/25,87,1521,8,0,4,24,0,0,0,2,0,0,11,295,373.2,163.9,666.0,119.5,7.89,0.44,8.33,50.0,943.0,3.0,0.0,2.0,20.0,0.0,0.0,1.0,2.0,0.0,0.0,3.0,105.0,158.8,139.6,425.0,71.3,6.46,0.3,6.76,33.0,3.0,1.0,482.0,3.0,0.0,6.5,1,Norberto Bercique Gomes Betuncal,Forward,Everton
248,2025/26,104,1551,9,1,5,19,0,0,0,3,0,0,15,343,445.8,159.8,655.0,124.5,8.9,0.23,9.13,87.0,1521.0,8.0,0.0,4.0,24.0,0.0,0.0,0.0,2.0,0.0,0.0,11.0,295.0,373.2,163.9,666.0,119.5,7.89,0.44,8.33,67.0,6.0,1.5,1149.0,4.0,0.0,20.0,2,Norberto Bercique Gomes Betuncal,Forward,Everton
249,2025/26,95,1898,8,0,7,34,0,0,0,3,0,0,9,295,341.0,207.7,501.0,102.5,8.17,0.44,8.61,,,,,,,,,,,,,,,,,,,,,,48.5,3.5,0.5,870.5,1.5,0.0,18.5,0,Thierno Barry,Forward,Everton
250,2018/19,106,2835,0,0,6,42,0,0,0,0,0,105,5,568,807.2,0.0,0.0,80.5,0.0,0.0,0.0,,,,,,,,,,,,,,,,,,,,,,113.5,0.0,0.0,2880.0,10.5,83.5,34.5,0,Bernd Leno,Goalkeeper,Fulham
250,2019/20,114,2649,0,0,7,39,0,1,0,2,0,113,10,591,843.2,0.0,0.0,84.1,0.0,0.0,0.0,106.0,2835.0,0.0,0.0,6.0,42.0,0.0,0.0,0.0,0.0,0.0,105.0,5.0,568.0,807.2,0.0,0.0,80.5,0.0,0.0,0.0,104.0,0.0,0.0,2700.0,8.5,74.5,36.0,1,Bernd Leno,Goalkeeper,Fulham
250,2020/21,131,3131,0,0,11,37,1,1,0,0,1,86,11,625,702.2,0.0,2.0,70.3,0.0,0.0,0.0,114.0,2649.0,0.0,0.0,7.0,39.0,0.0,1.0,0.0,2.0,0.0,113.0,10.0,591.0,843.2,0.0,0.0,84.1,0.0,0.0,0.0,70.5,0.0,0.0,1751.5,4.5,50.5,27.5,2,Bernd Leno,Goalkeeper,Fulham
250,2021/22,10,360,0,0,1,9,0,0,0,0,0,10,0,69,85.0,0.0,0.0,8.5,0.0,0.0,0.0,131.0,3131.0,0.0,0.0,11.0,37.0,1.0,1.0,0.0,0.0,1.0,86.0,11.0,625.0,702.2,0.0,2.0,70.3,0.0,0.0,0.0,92.5,0.0,0.0,2156.5,6.5,74.0,29.5,3,Bernd Leno,Goalkeeper,Fulham
250,2022/23,142,3240,0,0,8,51,0,1,0,3,0,144,17,766,1154.8,10.0,0.0,116.6,0.0,0.0,0.0,10.0,360.0,0.0,0.0,1.0,9.0,0.0,0.0,0.0,0.0,0.0,10.0,0.0,69.0,85.0,0.0,0.0,8.5,0.0,0.0,0.0,126.0,0.0,0.0,2880.0,10.0,95.0,34.0,4,Bernd Leno,Goalkeeper,Fulham
250,2023/24,133,3420,0,0,10,61,1,0,0,3,0,134,15,782,1069.8,0.1,0.0,106.7,0.0,0.0,0.0,142.0,3240.0,0.0,0.0,8.0,51.0,0.0,1.0,0.0,3.0,0.0,144.0,17.0,766.0,1154.8,10.0,0.0,116.6,0.0,0.0,0.0,18.0,0.0,0.0,540.0,1.0,20.0,9.0,5,Bernd Leno,Goalkeeper,Fulham
250,2024/25,115,3420,0,2,5,54,0,1,0,5,0,110,5,475,967.0,20.0,0.0,98.6,0.0,0.03,0.03,133.0,3420.0,0.0,0.0,10.0,61.0,1.0,0.0,0.0,3.0,0.0,134.0,15.0,782.0,1069.8,0.1,0.0,106.7,0.0,0.0,0.0,18.0,0.0,0.0,540.0,1.0,20.0,9.0,6,Bernd Leno,Goalkeeper,Fulham
250,2025/26,122,3420,0,0,9,51,1,0,0,3,0,98,8,556,816.2,0.0,0.0,81.5,0.0,0.02,0.02,115.0,3420.0,0.0,2.0,5.0,54.0,0.0,1.0,0.0,5.0,0.0,110.0,5.0,475.0,967.0,20.0,0.0,98.6,0.0,0.03,0.03,61.0,0.0,2.0,1510.0,5.0,0.0,23.0,7,Bernd Leno,Goalkeeper,Fulham
251,2025/26,0,0,0,0,0,0,0,0,0,0,0,0,0,0,0.0,0.0,0.0,0.0,0.0,0.0,0.0,,,,,,,,,,,,,,,,,,,,,,86.5,0.5,2.5,1938.5,7.0,0.0,26.0,0,Benjamin Lecomte,Goalkeeper,Fulham
252,2025/26,0,0,0,0,0,0,0,0,0,0,0,0,0,0,0.0,0.0,0.0,0.0,0.0,0.0,0.0,,,,,,,,,,,,,,,,,,,,,,126.5,3.0,6.0,2115.0,8.0,0.0,25.5,0,Alfie McNally,Goalkeeper,Fulham
253,2020/21,93,2729,1,1,9,36,0,0,0,6,1,0,7,501,582.8,109.3,151.0,84.5,0.0,0.0,0.0,,,,,,,,,,,,,,,,,,,,,,92.5,3.0,5.5,1552.5,4.5,0.0,19.5,0,Joachim Andersen,Defender,Fulham
253,2021/22,124,2914,0,4,12,37,1,0,0,4,0,0,14,619,630.6,234.0,142.0,100.7,0.0,0.0,0.0,93.0,2729.0,1.0,1.0,9.0,36.0,0.0,0.0,0.0,6.0,1.0,0.0,7.0,501.0,582.8,109.3,151.0,84.5,0.0,0.0,0.0,27.5,0.5,2.0,829.0,1.0,0.0,15.0,1,Joachim Andersen,Defender,Fulham
253,2022/23,80,2782,1,0,8,37,2,0,0,8,0,0,1,483,658.8,163.4,273.0,109.8,1.87,1.04,2.91,124.0,2914.0,0.0,4.0,12.0,37.0,1.0,0.0,0.0,4.0,0.0,0.0,14.0,619.0,630.6,234.0,142.0,100.7,0.0,0.0,0.0,32.5,0.5,2.0,736.5,1.5,0.0,13.5,2,Joachim Andersen,Defender,Fulham
253,2023/24,121,3416,2,3,10,58,0,0,0,7,0,0,12,679,873.6,301.1,253.0,143.1,1.75,2.08,3.83,80.0,2782.0,1.0,0.0,8.0,37.0,2.0,0.0,0.0,8.0,0.0,0.0,1.0,483.0,658.8,163.4,273.0,109.8,1.87,1.04,2.91,54.0,1.0,2.0,1057.0,3.0,0.0,14.0,3,Joachim Andersen,Defender,Fulham
253,2024/25,51,2673,0,0,4,47,1,0,0,7,1,0,3,306,687.6,99.0,162.0,95.0,1.04,0.57,1.61,121.0,3416.0,2.0,3.0,10.0,58.0,0.0,0.0,0.0,7.0,0.0,0.0,12.0,679.0,873.6,301.1,253.0,143.1,1.75,2.08,3.83,0.0,0.0,0.0,0.0,0.0,0.0,0.0,4,Joachim Andersen,Defender,Fulham
253,2025/26,123,2882,0,1,8,45,0,0,0,7,1,0,8,424,790.6,131.0,148.0,107.0,1.43,1.83,3.26,51.0,2673.0,0.0,0.0,4.0,47.0,1.0,0.0,0.0,7.0,1.0,0.0,3.0,306.0,687.6,99.0,162.0,95.0,1.04,0.57,1.61,49.5,1.5,0.5,723.5,4.5,0.0,4.5,5,Joachim Andersen,Defender,Fulham
254,2020/21,57,2159,0,0,5,28,0,0,0,4,1,0,1,393,451.4,475.8,178.0,110.8,0.0,0.0,0.0,,,,,,,,,,,,,,,,,,,,,,74.0,1.5,0.5,1524.0,7.0,0.0,16.5,0,Antonee Robinson,Defender,Fulham
254,2022/23,93,3088,0,2,9,44,0,0,0,8,0,0,5,558,573.2,427.4,61.0,106.3,0.07,1.68,1.75,57.0,2159.0,0.0,0.0,5.0,28.0,0.0,0.0,0.0,4.0,1.0,0.0,1.0,393.0,451.4,475.8,178.0,110.8,0.0,0.0,0.0,44.0,0.5,0.0,1275.0,4.0,0.0,19.0,1,Antonee Robinson,Defender,Fulham
254,2023/24,104,3266,0,6,9,60,2,0,0,6,0,0,8,662,805.8,536.7,241.0,158.6,0.68,3.75,4.43,93.0,3088.0,0.0,2.0,9.0,44.0,0.0,0.0,0.0,8.0,0.0,0.0,5.0,558.0,573.2,427.4,61.0,106.3,0.07,1.68,1.75,66.0,2.0,0.5,1459.0,4.5,0.0,19.5,2,Antonee Robinson,Defender,Fulham
254,2024/25,106,3166,0,10,5,49,0,0,0,8,0,0,8,507,922.2,723.4,206.0,185.5,0.7,4.17,4.87,104.0,3266.0,0.0,6.0,9.0,60.0,2.0,0.0,0.0,6.0,0.0,0.0,8.0,662.0,805.8,536.7,241.0,158.6,0.68,3.75,4.43,93.0,3.0,1.0,1969.0,6.0,0.0,25.0,3,Antonee Robinson,Defender,Fulham
254,2025/26,65,1487,1,0,4,19,0,0,0,5,0,0,7,280,375.0,334.6,82.0,79.3,1.07,1.58,2.65,106.0,3166.0,0.0,10.0,5.0,49.0,0.0,0.0,0.0,8.0,0.0,0.0,8.0,507.0,922.2,723.4,206.0,185.5,0.7,4.17,4.87,74.0,0.0,6.0,1746.0,5.0,0.0,28.0,4,Antonee Robinson,Defender,Fulham
255,2024/25,9,349,0,0,0,8,0,0,0,0,0,0,0,38,81.2,2.3,4.0,8.6,0.02,0.01,0.03,,,,,,,,,,,,,,,,,,,,,,67.0,0.0,3.5,1799.5,4.5,0.0,27.0,0,Jorge Cuenca Barreno,Defender,Fulham
255,2025/26,39,935,0,0,2,11,0,0,0,6,0,0,1,155,249.6,47.2,14.0,31.2,0.05,0.53,0.58,9.0,349.0,0.0,0.0,0.0,8.0,0.0,0.0,0.0,0.0,0.0,0.0,0.0,38.0,81.2,2.3,4.0,8.6,0.02,0.01,0.03,60.0,0.0,1.0,1853.0,4.0,0.0,26.0,1,Jorge Cuenca Barreno,Defender,Fulham
256,2020/21,50,1477,0,1,5,27,0,0,0,3,0,0,3,288,330.8,312.4,98.0,74.2,0.0,0.0,0.0,,,,,,,,,,,,,,,,,,,,,,71.0,0.0,1.0,2260.0,7.0,0.0,30.0,0,Kenny Tete,Defender,Fulham
256,2022/23,90,2569,1,5,7,36,0,0,0,8,0,0,1,484,670.2,391.4,145.0,120.9,0.74,1.9,2.64,50.0,1477.0,0.0,1.0,5.0,27.0,0.0,0.0,0.0,3.0,0.0,0.0,3.0,288.0,330.8,312.4,98.0,74.2,0.0,0.0,0.0,44.0,0.0,0.5,1445.0,4.0,0.0,18.5,1,Kenny Tete,Defender,Fulham
256,2023/24,27,863,1,0,2,21,0,0,0,2,0,0,0,161,195.2,93.4,67.0,35.6,0.86,0.46,1.32,90.0,2569.0,1.0,5.0,7.0,36.0,0.0,0.0,0.0,8.0,0.0,0.0,1.0,484.0,670.2,391.4,145.0,120.9,0.74,1.9,2.64,27.0,0.5,0.0,996.0,1.5,0.0,15.5,2,Kenny Tete,Defender,Fulham
256,2024/25,49,1773,0,2,3,26,0,0,0,5,0,0,0,207,381.2,192.2,158.0,73.1,1.37,0.65,2.02,27.0,863.0,1.0,0.0,2.0,21.0,0.0,0.0,0.0,2.0,0.0,0.0,0.0,161.0,195.2,93.4,67.0,35.6,0.86,0.46,1.32,18.5,0.5,0.0,681.0,1.0,0.0,12.0,3,Kenny Tete,Defender,Fulham
256,2025/26,81,1791,1,0,6,25,0,0,0,2,0,0,5,318,416.0,214.1,108.0,73.9,0.92,1.46,2.38,49.0,1773.0,0.0,2.0,3.0,26.0,0.0,0.0,0.0,5.0,0.0,0.0,0.0,207.0,381.2,192.2,158.0,73.1,1.37,0.65,2.02,13.0,0.0,0.0,586.0,1.0,0.0,6.5,4,Kenny Tete,Defender,Fulham
257,2023/24,66,2299,1,0,6,42,0,0,0,4,1,0,4,442,462.8,34.8,50.0,55.0,0.37,0.16,0.53,,,,,,,,,,,,,,,,,,,,,,26.0,0.0,0.0,1172.0,2.0,0.0,13.0,0,Calvin Bassey,Defender,Fulham
257,2024/25,75,3074,1,0,5,47,0,0,0,7,0,0,0,390,587.2,96.7,157.0,84.1,1.02,0.42,1.44,66.0,2299.0,1.0,0.0,6.0,42.0,0.0,0.0,0.0,4.0,1.0,0.0,4.0,442.0,462.8,34.8,50.0,55.0,0.37,0.16,0.53,40.0,1.0,0.0,904.0,4.0,0.0,9.0,1,Calvin Bassey,Defender,Fulham
257,2025/26,103,2532,1,1,7,40,0,0,0,5,0,0,9,392,574.0,152.2,115.0,84.5,1.71,0.35,2.05,75.0,3074.0,1.0,0.0,5.0,47.0,0.0,0.0,0.0,7.0,0.0,0.0,0.0,390.0,587.2,96.7,157.0,84.1,1.02,0.42,1.44,37.5,0.5,0.5,1120.5,3.5,0.0,20.0,2,Calvin Bassey,Defender,Fulham
258,2020/21,94,2345,2,4,6,37,0,0,0,1,0,0,7,479,486.6,350.2,181.0,101.7,0.0,0.0,0.0,,,,,,,,,,,,,,,,,,,,,,21.0,0.0,0.5,834.5,1.5,0.0,18.0,0,Timothy Castagne,Defender,Fulham
258,2021/22,75,2124,1,0,6,30,0,0,0,1,0,0,6,365,435.4,241.0,103.0,78.1,0.0,0.0,0.0,94.0,2345.0,2.0,4.0,6.0,37.0,0.0,0.0,0.0,1.0,0.0,0.0,7.0,479.0,486.6,350.2,181.0,101.7,0.0,0.0,0.0,7.0,0.0,0.0,332.0,0.0,0.0,5.0,1,Timothy Castagne,Defender,Fulham
258,2022/23,114,3255,2,4,8,63,0,0,0,3,0,0,11,615,690.8,380.2,289.0,136.4,2.16,2.13,4.29,75.0,2124.0,1.0,0.0,6.0,30.0,0.0,0.0,0.0,1.0,0.0,0.0,6.0,365.0,435.4,241.0,103.0,78.1,0.0,0.0,0.0,0.0,0.0,0.0,0.0,0.0,0.0,0.0,2,Timothy Castagne,Defender,Fulham
258,2023/24,105,2630,1,3,9,40,0,0,0,3,0,0,7,510,494.4,295.0,229.0,102.1,1.29,2.06,3.35,114.0,3255.0,2.0,4.0,8.0,63.0,0.0,0.0,0.0,3.0,0.0,0.0,11.0,615.0,690.8,380.2,289.0,136.4,2.16,2.13,4.29,0.0,0.0,0.0,0.0,0.0,0.0,0.0,3,Timothy Castagne,Defender,Fulham
258,2024/25,46,1642,0,1,3,28,0,0,0,1,0,0,0,205,360.4,163.6,123.0,64.9,0.38,0.56,0.94,105.0,2630.0,1.0,3.0,9.0,40.0,0.0,0.0,0.0,3.0,0.0,0.0,7.0,510.0,494.4,295.0,229.0,102.1,1.29,2.06,3.35,50.0,0.0,0.5,1476.5,4.5,0.0,20.5,4,Timothy Castagne,Defender,Fulham
258,2025/26,61,1838,0,2,3,31,0,0,0,4,0,0,3,294,373.0,292.2,195.0,86.2,1.5,1.47,2.97,46.0,1642.0,0.0,1.0,3.0,28.0,0.0,0.0,0.0,1.0,0.0,0.0,0.0,205.0,360.4,163.6,123.0,64.9,0.38,0.56,0.94,74.5,0.5,0.5,2518.5,6.0,0.0,40.0,5,Timothy Castagne,Defender,Fulham
259,2018/19,87,2970,1,0,7,43,1,0,0,4,0,0,6,561,733.0,52.3,162.0,94.8,0.0,0.0,0.0,,,,,,,,,,,,,,,,,,,,,,57.5,1.5,0.0,1850.0,4.5,0.0,32.0,0,Issa Diop,Defender,Ipswich Town
259,2019/20,76,2765,3,1,4,54,0,0,0,8,0,0,3,424,610.0,64.3,210.0,88.7,0.0,0.0,0.0,87.0,2970.0,1.0,0.0,7.0,43.0,1.0,0.0,0.0,4.0,0.0,0.0,6.0,561.0,733.0,52.3,162.0,94.8,0.0,0.0,0.0,68.5,1.5,0.5,1509.5,6.5,0.0,19.5,1,Issa Diop,Defender,Ipswich Town
259,2020/21,42,1379,2,0,2,22,1,0,0,3,0,0,1,234,375.6,17.4,48.0,44.3,0.0,0.0,0.0,76.0,2765.0,3.0,1.0,4.0,54.0,0.0,0.0,0.0,8.0,0.0,0.0,3.0,424.0,610.0,64.3,210.0,88.7,0.0,0.0,0.0,71.0,1.0,1.0,1403.0,7.0,0.0,14.0,2,Issa Diop,Defender,Ipswich Town
259,2021/22,30,961,0,1,2,19,0,0,0,0,0,0,2,203,225.6,21.3,44.0,29.1,0.0,0.0,0.0,42.0,1379.0,2.0,0.0,2.0,22.0,1.0,0.0,0.0,3.0,0.0,0.0,1.0,234.0,375.6,17.4,48.0,44.3,0.0,0.0,0.0,,,,,,,,3,Issa Diop,Defender,Ipswich Town
259,2022/23,79,2008,1,0,7,26,0,0,0,2,0,0,8,422,462.2,38.8,80.0,58.1,0.29,0.49,0.78,30.0,961.0,0.0,1.0,2.0,19.0,0.0,0.0,0.0,0.0,0.0,0.0,2.0,203.0,225.6,21.3,44.0,29.1,0.0,0.0,0.0,46.0,0.0,2.0,1218.0,3.0,0.0,21.0,4,Issa Diop,Defender,Ipswich Town
259,2023/24,43,1423,0,0,5,26,0,0,0,2,1,0,3,259,348.8,20.5,37.0,40.8,0.26,0.42,0.68,79.0,2008.0,1.0,0.0,7.0,26.0,0.0,0.0,0.0,2.0,0.0,0.0,8.0,422.0,462.2,38.8,80.0,58.1,0.29,0.49,0.78,55.5,0.5,1.5,1506.0,4.0,0.0,23.5,5,Issa Diop,Defender,Ipswich Town
259,2024/25,31,1334,0,0,1,19,1,0,0,2,0,0,0,146,257.6,44.7,83.0,38.3,0.51,0.07,0.58,43.0,1423.0,0.0,0.0,5.0,26.0,0.0,0.0,0.0,2.0,1.0,0.0,3.0,259.0,348.8,20.5,37.0,40.8,0.26,0.42,0.68,87.0,1.5,1.0,2472.0,7.5,0.0,33.5,6,Issa Diop,Defender,Ipswich Town
259,2025/26,31,812,1,0,1,13,0,0,0,2,0,0,3,103,190.8,8.0,31.0,23.0,0.8,0.05,0.85,31.0,1334.0,0.0,0.0,1.0,19.0,1.0,0.0,0.0,2.0,0.0,0.0,0.0,146.0,257.6,44.7,83.0,38.3,0.51,0.07,0.58,109.0,2.0,1.0,3150.0,10.0,0.0,41.0,7,Issa Diop,Defender,Ipswich Town
260,2016/17,0,0,0,0,0,0,0,0,0,0,0,0,0,0,0.0,0.0,0.0,0.0,0.0,0.0,0.0,,,,,,,,,,,,,,,,,,,,,,33.0,1.0,0.0,851.0,3.0,0.0,12.0,0,Harry Wilson,Midfielder,Leeds
260,2019/20,91,1637,7,1,2,32,0,0,0,2,0,0,7,295,377.4,242.1,667.0,128.5,0.0,0.0,0.0,0.0,0.0,0.0,0.0,0.0,0.0,0.0,0.0,0.0,0.0,0.0,0.0,0.0,0.0,0.0,0.0,0.0,0.0,0.0,0.0,0.0,0.0,0.0,0.0,0.0,0.0,0.0,0.0,1,Harry Wilson,Midfielder,Leeds
260,2020/21,0,0,0,0,0,0,0,0,0,0,0,0,0,0,0.0,0.0,0.0,0.0,0.0,0.0,0.0,91.0,1637.0,7.0,1.0,2.0,32.0,0.0,0.0,0.0,2.0,0.0,0.0,7.0,295.0,377.4,242.1,667.0,128.5,0.0,0.0,0.0,0.0,0.0,0.0,0.0,0.0,0.0,0.0,2,Harry Wilson,Midfielder,Leeds
260,2022/23,68,1085,2,5,2,15,0,0,0,1,0,0,2,215,215.2,184.1,178.0,57.7,2.03,1.03,3.06,0.0,0.0,0.0,0.0,0.0,0.0,0.0,0.0,0.0,0.0,0.0,0.0,0.0,0.0,0.0,0.0,0.0,0.0,0.0,0.0,0.0,4.5,0.0,0.5,60.5,0.5,0.0,0.0,3,Harry Wilson,Midfielder,Leeds
260,2023/24,94,1603,4,7,5,30,0,0,0,6,0,0,5,307,375.0,357.3,340.0,107.2,3.45,2.63,6.08,68.0,1085.0,2.0,5.0,2.0,15.0,0.0,0.0,0.0,1.0,0.0,0.0,2.0,215.0,215.2,184.1,178.0,57.7,2.03,1.03,3.06,14.0,0.0,1.0,239.5,1.0,0.0,2.0,4,Harry Wilson,Midfielder,Leeds
260,2024/25,78,1148,6,2,2,21,0,0,0,2,0,0,6,329,334.6,310.2,440.0,107.8,4.19,1.17,5.36,94.0,1603.0,4.0,7.0,5.0,30.0,0.0,0.0,0.0,6.0,0.0,0.0,5.0,307.0,375.0,357.3,340.0,107.2,3.45,2.63,6.08,131.5,11.0,7.0,1487.5,4.0,0.0,25.0,5,Harry Wilson,Midfielder,Leeds
260,2025/26,168,2674,10,9,9,38,0,0,0,7,0,0,21,637,707.2,661.1,601.0,196.9,5.88,4.77,10.65,78.0,1148.0,6.0,2.0,2.0,21.0,0.0,0.0,0.0,2.0,0.0,0.0,6.0,329.0,334.6,310.2,440.0,107.8,4.19,1.17,5.36,229.0,18.5,11.5,2905.0,8.5,0.0,43.5,6,Harry Wilson,Midfielder,Leeds
261,2015/16,42,628,2,2,5,6,0,0,0,0,0,0,2,156,0.0,0.0,0.0,0.0,0.0,0.0,0.0,,,,,,,,,,,,,,,,,,,,,,214.0,15.0,10.0,3193.0,10.0,0.0,41.0,0,Alex Iwobi,Midfielder,Fulham
261,2016/17,89,1456,3,5,9,20,0,0,0,1,0,0,8,352,326.4,467.8,592.0,138.7,0.0,0.0,0.0,42.0,628.0,2.0,2.0,5.0,6.0,0.0,0.0,0.0,0.0,0.0,0.0,2.0,156.0,0.0,0.0,0.0,0.0,0.0,0.0,0.0,42.0,0.0,2.0,1547.0,3.0,0.0,25.0,1,Alex Iwobi,Midfielder,Fulham
261,2017/18,89,1827,3,5,9,26,0,0,0,1,0,0,2,426,430.0,592.9,635.0,165.6,0.0,0.0,0.0,89.0,1456.0,3.0,5.0,9.0,20.0,0.0,0.0,0.0,1.0,0.0,0.0,8.0,352.0,326.4,467.8,592.0,138.7,0.0,0.0,0.0,59.5,1.5,2.5,1877.5,4.0,0.0,36.0,2,Alex Iwobi,Midfielder,Fulham
261,2018/19,99,1961,3,8,4,32,0,0,0,0,0,0,3,382,469.0,596.7,646.0,171.1,0.0,0.0,0.0,89.0,1827.0,3.0,5.0,9.0,26.0,0.0,0.0,0.0,1.0,0.0,0.0,2.0,426.0,430.0,592.9,635.0,165.6,0.0,0.0,0.0,106.0,4.5,5.5,2575.5,7.5,0.0,42.0,3,Alex Iwobi,Midfielder,Fulham
261,2019/20,52,1591,1,0,4,30,0,0,0,0,0,0,2,227,246.4,383.7,329.0,95.9,0.0,0.0,0.0,99.0,1961.0,3.0,8.0,4.0,32.0,0.0,0.0,0.0,0.0,0.0,0.0,3.0,382.0,469.0,596.7,646.0,171.1,0.0,0.0,0.0,135.0,6.0,8.0,2943.0,10.0,0.0,37.0,4,Alex Iwobi,Midfielder,Fulham
261,2020/21,65,1530,1,3,5,21,0,0,0,0,0,0,1,256,262.6,263.1,233.0,76.0,0.0,0.0,0.0,52.0,1591.0,1.0,0.0,4.0,30.0,0.0,0.0,0.0,0.0,0.0,0.0,2.0,227.0,246.4,383.7,329.0,95.9,0.0,0.0,0.0,57.0,3.0,3.0,920.0,1.0,0.0,12.0,5,Alex Iwobi,Midfielder,Fulham
261,2021/22,78,2029,2,2,6,38,0,0,0,1,0,0,6,312,370.0,501.4,357.0,122.7,0.0,0.0,0.0,65.0,1530.0,1.0,3.0,5.0,21.0,0.0,0.0,0.0,0.0,0.0,0.0,1.0,256.0,262.6,263.1,233.0,76.0,0.0,0.0,0.0,90.5,4.0,5.5,1734.5,5.0,0.0,25.0,6,Alex Iwobi,Midfielder,Fulham
261,2022/23,126,3379,2,8,9,56,0,0,0,2,0,0,9,563,693.4,946.0,373.0,201.3,2.56,4.31,6.87,78.0,2029.0,2.0,2.0,6.0,38.0,0.0,0.0,0.0,1.0,0.0,0.0,6.0,312.0,370.0,501.4,357.0,122.7,0.0,0.0,0.0,73.0,3.0,4.5,1504.0,4.5,0.0,26.0,7,Alex Iwobi,Midfielder,Fulham
261,2023/24,102,2331,5,2,7,41,0,0,0,2,0,0,9,425,504.2,718.8,534.0,175.9,5.23,4.2,9.43,126.0,3379.0,2.0,8.0,9.0,56.0,0.0,0.0,0.0,2.0,0.0,0.0,9.0,563.0,693.4,946.0,373.0,201.3,2.56,4.31,6.87,29.5,0.5,1.5,710.5,2.5,0.0,14.5,8,Alex Iwobi,Midfielder,Fulham
261,2024/25,156,2981,9,6,6,45,0,0,0,1,0,0,16,704,806.8,922.4,699.0,243.0,4.33,6.9,11.23,102.0,2331.0,5.0,2.0,7.0,41.0,0.0,0.0,0.0,2.0,0.0,0.0,9.0,425.0,504.2,718.8,534.0,175.9,5.23,4.2,9.43,61.5,1.0,6.5,1239.0,4.0,0.0,21.0,9,Alex Iwobi,Midfielder,Fulham
261,2025/26,103,2420,4,3,5,40,0,0,0,3,0,0,13,508,511.2,739.4,343.0,159.4,1.91,4.7,6.61,156.0,2981.0,9.0,6.0,6.0,45.0,0.0,0.0,0.0,1.0,0.0,0.0,16.0,704.0,806.8,922.4,699.0,243.0,4.33,6.9,11.23,95.0,3.0,8.5,1889.0,5.5,0.0,26.0,10,Alex Iwobi,Midfielder,Fulham
262,2018/19,0,0,0,0,0,0,0,0,0,0,0,0,0,0,0.0,0.0,0.0,0.0,0.0,0.0,0.0,,,,,,,,,,,,,,,,,,,,,,104.0,4.0,6.0,2262.0,8.0,0.0,25.0,0,Emile Smith Rowe,Midfielder,Fulham
262,2019/20,4,96,0,0,1,0,0,0,0,0,0,0,0,13,9.8,6.3,0.0,1.6,0.0,0.0,0.0,0.0,0.0,0.0,0.0,0.0,0.0,0.0,0.0,0.0,0.0,0.0,0.0,0.0,0.0,0.0,0.0,0.0,0.0,0.0,0.0,0.0,,,,,,,,1,Emile Smith Rowe,Midfielder,Fulham
262,2020/21,74,1438,2,5,9,10,0,0,0,0,0,0,3,308,273.2,385.1,222.0,88.1,0.0,0.0,0.0,4.0,96.0,0.0,0.0,1.0,0.0,0.0,0.0,0.0,0.0,0.0,0.0,0.0,13.0,9.8,6.3,0.0,1.6,0.0,0.0,0.0,,,,,,,,2,Emile Smith Rowe,Midfielder,Fulham
262,2021/22,125,1909,10,2,8,28,0,0,0,1,0,0,9,435,555.8,453.3,576.0,158.4,0.0,0.0,0.0,74.0,1438.0,2.0,5.0,9.0,10.0,0.0,0.0,0.0,0.0,0.0,0.0,3.0,308.0,273.2,385.1,222.0,88.1,0.0,0.0,0.0,0.0,0.0,0.0,0.0,0.0,0.0,0.0,3,Emile Smith Rowe,Midfielder,Fulham
262,2022/23,18,161,0,2,0,5,0,0,0,0,0,0,0,60,53.8,74.4,41.0,16.7,0.25,0.55,0.8,125.0,1909.0,10.0,2.0,8.0,28.0,0.0,0.0,0.0,1.0,0.0,0.0,9.0,435.0,555.8,453.3,576.0,158.4,0.0,0.0,0.0,13.5,0.5,0.5,330.0,2.0,0.0,3.0,4,Emile Smith Rowe,Midfielder,Fulham
262,2023/24,25,343,0,2,3,3,0,0,0,0,0,0,0,73,62.4,72.2,128.0,25.6,1.86,0.4,2.26,18.0,161.0,0.0,2.0,0.0,5.0,0.0,0.0,0.0,0.0,0.0,0.0,0.0,60.0,53.8,74.4,41.0,16.7,0.25,0.55,0.8,53.0,1.0,1.0,1899.0,7.0,0.0,26.5,5,Emile Smith Rowe,Midfielder,Fulham
262,2024/25,114,2036,6,3,7,28,0,0,0,3,0,0,15,449,433.8,422.3,386.0,124.4,4.45,2.04,6.49,25.0,343.0,0.0,2.0,3.0,3.0,0.0,0.0,0.0,0.0,0.0,0.0,0.0,73.0,62.4,72.2,128.0,25.6,1.86,0.4,2.26,81.5,1.0,2.0,3001.5,8.5,0.0,48.5,6,Emile Smith Rowe,Midfielder,Fulham
262,2025/26,80,1909,3,1,6,27,0,0,0,1,0,0,1,351,291.6,330.0,404.0,102.6,4.71,1.12,5.83,114.0,2036.0,6.0,3.0,7.0,28.0,0.0,0.0,0.0,3.0,0.0,0.0,15.0,449.0,433.8,422.3,386.0,124.4,4.45,2.04,6.49,91.0,1.0,3.5,3108.0,9.5,0.0,46.0,7,Emile Smith Rowe,Midfielder,Fulham
263,2025/26,49,1030,1,3,4,15,0,0,0,1,0,0,0,183,216.0,246.6,243.0,70.4,1.21,1.47,2.68,,,,,,,,,,,,,,,,,,,,,,98.0,1.0,4.0,3351.0,12.0,0.0,42.0,0,Kevin Santos Lopes de Macedo,Midfielder,Fulham
264,2023/24,30,294,1,2,1,5,0,0,0,0,0,0,2,112,105.4,147.1,107.0,36.0,1.5,1.1,2.6,,,,,,,,,,,,,,,,,,,,,,2.0,0.0,0.0,12.0,0.0,0.0,0.0,0,Oscar Bobb,Midfielder,Fulham
264,2024/25,3,14,0,0,0,1,0,0,0,0,0,0,0,13,4.4,12.6,0.0,1.6,0.0,0.02,0.02,30.0,294.0,1.0,2.0,1.0,5.0,0.0,0.0,0.0,0.0,0.0,0.0,2.0,112.0,105.4,147.1,107.0,36.0,1.5,1.1,2.6,20.5,1.5,1.0,284.5,0.0,0.0,6.5,1,Oscar Bobb,Midfielder,Fulham
264,2025/26,42,1030,0,2,4,13,0,0,0,1,0,0,0,182,140.4,315.4,205.0,66.4,1.47,2.1,3.57,3.0,14.0,0.0,0.0,0.0,1.0,0.0,0.0,0.0,0.0,0.0,0.0,0.0,13.0,4.4,12.6,0.0,1.6,0.0,0.02,0.02,85.0,5.0,4.5,1560.5,4.0,0.0,26.0,2,Oscar Bobb,Midfielder,Fulham
265,2019/20,40,943,1,1,4,11,0,0,0,0,0,0,3,147,152.4,66.0,82.0,30.3,0.0,0.0,0.0,,,,,,,,,,,,,,,,,,,,,,118.5,6.5,5.5,2376.0,6.5,0.0,37.5,0,Sander Berge,Midfielder,Fulham
265,2020/21,31,1119,1,1,0,23,0,0,0,4,0,0,1,152,178.0,181.7,138.0,49.8,0.0,0.0,0.0,40.0,943.0,1.0,1.0,4.0,11.0,0.0,0.0,0.0,0.0,0.0,0.0,3.0,147.0,152.4,66.0,82.0,30.3,0.0,0.0,0.0,106.0,6.0,4.0,2188.0,5.0,0.0,36.0,1,Sander Berge,Midfielder,Fulham
265,2023/24,74,3002,1,2,2,70,0,0,0,8,1,0,3,430,533.6,446.3,161.0,114.3,2.04,1.66,3.7,31.0,1119.0,1.0,1.0,0.0,23.0,0.0,0.0,0.0,4.0,0.0,0.0,1.0,152.0,178.0,181.7,138.0,49.8,0.0,0.0,0.0,0.0,0.0,0.0,0.0,0.0,0.0,0.0,2,Sander Berge,Midfielder,Fulham
265,2024/25,53,2221,0,0,4,35,0,0,0,6,0,0,2,334,314.4,285.7,51.0,65.1,0.45,0.63,1.08,74.0,3002.0,1.0,2.0,2.0,70.0,0.0,0.0,0.0,8.0,1.0,0.0,3.0,430.0,533.6,446.3,161.0,114.3,2.04,1.66,3.7,28.5,0.5,0.5,1109.5,2.0,0.0,25.0,3,Sander Berge,Midfielder,Fulham
265,2025/26,91,2904,0,3,8,45,1,0,0,5,0,0,3,503,437.8,365.1,105.0,91.0,1.54,1.5,3.04,53.0,2221.0,0.0,0.0,4.0,35.0,0.0,0.0,0.0,6.0,0.0,0.0,2.0,334.0,314.4,285.7,51.0,65.1,0.45,0.63,1.08,29.0,0.5,0.5,1125.5,2.0,0.0,25.0,4,Sander Berge,Midfielder,Fulham
266,2009/10,31,898,1,0,0,15,0,0,0,1,0,0,4,0,0.0,0.0,0.0,0.0,0.0,0.0,0.0,,,,,,,,,,,,,,,,,,,,,,13.5,0.0,0.5,412.0,1.5,0.0,5.5,0,Tom Cairney,Midfielder,Fulham
266,2018/19,71,2188,1,1,5,51,0,0,0,0,0,0,3,389,358.0,586.7,199.0,114.5,0.0,0.0,0.0,31.0,898.0,1.0,0.0,0.0,15.0,0.0,0.0,0.0,1.0,0.0,0.0,4.0,0.0,0.0,0.0,0.0,0.0,0.0,0.0,0.0,26.0,0.0,1.0,792.0,3.0,0.0,11.0,1,Tom Cairney,Midfielder,Fulham
266,2020/21,27,758,1,1,1,15,0,0,0,2,0,0,2,160,170.6,278.3,124.0,57.3,0.0,0.0,0.0,71.0,2188.0,1.0,1.0,5.0,51.0,0.0,0.0,0.0,0.0,0.0,0.0,3.0,389.0,358.0,586.7,199.0,114.5,0.0,0.0,0.0,0.0,0.0,0.0,0.0,0.0,0.0,0.0,2,Tom Cairney,Midfielder,Fulham
266,2022/23,53,968,2,1,1,13,0,0,0,2,0,0,2,217,190.4,232.1,217.0,64.2,1.44,1.51,2.95,27.0,758.0,1.0,1.0,1.0,15.0,0.0,0.0,0.0,2.0,0.0,0.0,2.0,160.0,170.6,278.3,124.0,57.3,0.0,0.0,0.0,0.5,0.0,0.0,3.5,0.0,0.0,0.0,3,Tom Cairney,Midfielder,Fulham
266,2023/24,70,1472,1,6,4,27,1,0,0,3,0,0,2,346,335.2,407.2,170.0,90.9,1.03,2.58,3.61,53.0,968.0,2.0,1.0,1.0,13.0,0.0,0.0,0.0,2.0,0.0,0.0,2.0,217.0,190.4,232.1,217.0,64.2,1.44,1.51,2.95,0.5,0.0,0.0,3.5,0.0,0.0,0.0,4,Tom Cairney,Midfielder,Fulham
266,2024/25,33,610,2,0,1,12,0,0,0,3,1,0,0,192,163.8,213.8,94.0,47.2,0.73,1.14,1.87,70.0,1472.0,1.0,6.0,4.0,27.0,1.0,0.0,0.0,3.0,0.0,0.0,2.0,346.0,335.2,407.2,170.0,90.9,1.03,2.58,3.61,0.0,0.0,0.0,0.0,0.0,0.0,0.0,5,Tom Cairney,Midfielder,Fulham
266,2025/26,41,756,2,0,2,10,0,0,0,3,0,0,1,181,153.4,195.6,64.0,41.4,1.21,0.81,2.02,33.0,610.0,2.0,0.0,1.0,12.0,0.0,0.0,0.0,3.0,1.0,0.0,0.0,192.0,163.8,213.8,94.0,47.2,0.73,1.14,1.87,,,,,,,,6,Tom Cairney,Midfielder,Fulham
267,2022/23,15,406,0,0,0,10,0,0,0,1,0,0,0,58,40.8,21.9,19.0,8.2,0.13,0.16,0.29,,,,,,,,,,,,,,,,,,,,,,3.0,0.0,0.0,22.0,0.0,0.0,1.0,0,Saša Lukić,Midfielder,Ipswich Town
267,2023/24,43,1113,1,0,5,20,0,0,0,3,0,0,0,157,192.4,155.6,115.0,46.2,1.49,0.46,1.95,15.0,406.0,0.0,0.0,0.0,10.0,0.0,0.0,0.0,1.0,0.0,0.0,0.0,58.0,40.8,21.9,19.0,8.2,0.13,0.16,0.29,31.5,1.5,0.5,828.0,1.0,0.0,18.0,1,Saša Lukić,Midfielder,Ipswich Town
267,2024/25,56,2348,0,2,4,37,0,0,0,12,0,0,1,354,335.6,455.1,119.0,91.0,1.16,1.4,2.56,43.0,1113.0,1.0,0.0,5.0,20.0,0.0,0.0,0.0,3.0,0.0,0.0,0.0,157.0,192.4,155.6,115.0,46.2,1.49,0.46,1.95,82.0,6.0,2.0,1835.5,3.5,0.0,36.5,2,Saša Lukić,Midfielder,Ipswich Town
267,2025/26,67,1730,1,4,6,22,0,0,0,9,0,0,4,314,317.6,441.6,176.0,93.4,2.23,1.91,4.14,56.0,2348.0,0.0,2.0,4.0,37.0,0.0,0.0,0.0,12.0,0.0,0.0,1.0,354.0,335.6,455.1,119.0,91.0,1.16,1.4,2.56,115.0,9.5,4.5,1991.5,5.5,0.0,33.0,3,Saša Lukić,Midfielder,Ipswich Town
268,2023/24,0,0,0,0,0,0,0,0,0,0,0,0,0,0,0.0,0.0,0.0,0.0,0.0,0.0,0.0,,,,,,,,,,,,,,,,,,,,,,126.0,10.0,6.0,1946.0,6.0,0.0,28.0,0,Josh King,Midfielder,Fulham
268,2024/25,10,126,0,0,1,0,0,0,0,0,0,0,0,30,26.2,45.7,38.0,11.2,0.28,0.67,0.95,0.0,0.0,0.0,0.0,0.0,0.0,0.0,0.0,0.0,0.0,0.0,0.0,0.0,0.0,0.0,0.0,0.0,0.0,0.0,0.0,0.0,142.0,14.0,6.0,2801.0,9.0,0.0,48.0,1,Josh King,Midfielder,Fulham
268,2025/26,63,1290,1,3,5,18,0,0,0,4,0,0,3,225,207.4,198.7,336.0,73.3,2.47,0.66,3.13,10.0,126.0,0.0,0.0,1.0,0.0,0.0,0.0,0.0,0.0,0.0,0.0,0.0,30.0,26.2,45.7,38.0,11.2,0.28,0.67,0.95,131.5,12.0,6.0,2510.5,10.0,0.0,36.0,2,Josh King,Midfielder,Fulham
269,2018/19,94,2291,2,7,3,60,0,0,0,0,0,0,3,295,410.4,468.3,438.0,132.0,0.0,0.0,0.0,,,,,,,,,,,,,,,,,,,,,,121.0,10.0,6.0,2220.0,11.0,0.0,24.0,0,Ryan Sessegnon,Defender,Fulham
269,2019/20,9,341,0,0,0,5,0,0,0,0,0,0,0,41,45.4,39.9,34.0,11.9,0.0,0.0,0.0,94.0,2291.0,2.0,7.0,3.0,60.0,0.0,0.0,0.0,0.0,0.0,0.0,3.0,295.0,410.4,468.3,438.0,132.0,0.0,0.0,0.0,1.0,0.0,0.0,39.0,0.0,0.0,4.0,1,Ryan Sessegnon,Defender,Fulham
269,2020/21,0,0,0,0,0,0,0,0,0,0,0,0,0,0,0.0,0.0,0.0,0.0,0.0,0.0,0.0,9.0,341.0,0.0,0.0,0.0,5.0,0.0,0.0,0.0,0.0,0.0,0.0,0.0,41.0,45.4,39.9,34.0,11.9,0.0,0.0,0.0,1.0,0.0,0.0,23.5,0.0,0.0,2.0,2,Ryan Sessegnon,Defender,Fulham
269,2021/22,56,1046,0,3,6,11,0,0,0,2,0,0,3,231,171.0,204.9,137.0,51.3,0.0,0.0,0.0,0.0,0.0,0.0,0.0,0.0,0.0,0.0,0.0,0.0,0.0,0.0,0.0,0.0,0.0,0.0,0.0,0.0,0.0,0.0,0.0,0.0,0.5,0.0,0.0,4.0,0.0,0.0,0.0,3,Ryan Sessegnon,Defender,Fulham
269,2022/23,35,805,2,1,1,15,0,0,0,4,0,0,0,121,148.6,103.0,290.0,54.3,1.64,1.1,2.74,56.0,1046.0,0.0,3.0,6.0,11.0,0.0,0.0,0.0,2.0,0.0,0.0,3.0,231.0,171.0,204.9,137.0,51.3,0.0,0.0,0.0,66.0,6.0,1.0,1293.5,1.5,0.0,29.0,4,Ryan Sessegnon,Defender,Fulham
269,2023/24,0,0,0,0,0,0,0,0,0,0,0,0,0,0,0.0,0.0,0.0,0.0,0.0,0.0,0.0,35.0,805.0,2.0,1.0,1.0,15.0,0.0,0.0,0.0,4.0,0.0,0.0,0.0,121.0,148.6,103.0,290.0,54.3,1.64,1.1,2.74,132.0,12.0,2.0,2587.0,3.0,0.0,58.0,5,Ryan Sessegnon,Defender,Fulham
269,2024/25,57,574,4,2,1,10,0,0,0,1,0,0,5,137,284.0,158.8,227.0,67.1,1.64,1.12,2.76,0.0,0.0,0.0,0.0,0.0,0.0,0.0,0.0,0.0,0.0,0.0,0.0,0.0,0.0,0.0,0.0,0.0,0.0,0.0,0.0,0.0,3.0,0.0,0.0,71.0,0.0,0.0,2.0,6,Ryan Sessegnon,Defender,Fulham
269,2025/26,95,1816,3,3,6,29,0,0,0,0,0,0,8,332,413.8,225.0,229.0,86.7,1.6,1.8,3.4,57.0,574.0,4.0,2.0,1.0,10.0,0.0,0.0,0.0,1.0,0.0,0.0,5.0,137.0,284.0,158.8,227.0,67.1,1.64,1.12,2.76,3.0,0.0,0.0,71.0,0.0,0.0,2.0,7,Ryan Sessegnon,Defender,Fulham
270,2013/14,4,12,0,0,0,0,0,0,0,0,0,0,0,4,0.0,0.0,0.0,0.0,0.0,0.0,0.0,,,,,,,,,,,,,,,,,,,,,,,,,,,,,0,Harrison Reed,Midfielder,Fulham
270,2014/15,17,460,0,0,3,3,0,0,0,0,0,0,0,89,0.0,0.0,0.0,0.0,0.0,0.0,0.0,4.0,12.0,0.0,0.0,0.0,0.0,0.0,0.0,0.0,0.0,0.0,0.0,0.0,4.0,0.0,0.0,0.0,0.0,0.0,0.0,0.0,3.0,0.0,0.0,44.0,0.0,0.0,1.0,1,Harrison Reed,Midfielder,Fulham
270,2015/16,1,11,0,0,0,0,0,0,0,0,0,0,0,2,0.0,0.0,0.0,0.0,0.0,0.0,0.0,17.0,460.0,0.0,0.0,3.0,3.0,0.0,0.0,0.0,0.0,0.0,0.0,0.0,89.0,0.0,0.0,0.0,0.0,0.0,0.0,0.0,3.0,0.0,0.0,44.0,0.0,0.0,1.0,2,Harrison Reed,Midfielder,Fulham
270,2016/17,3,64,0,0,0,1,0,0,0,0,0,0,0,16,11.0,1.4,0.0,1.3,0.0,0.0,0.0,1.0,11.0,0.0,0.0,0.0,0.0,0.0,0.0,0.0,0.0,0.0,0.0,0.0,2.0,0.0,0.0,0.0,0.0,0.0,0.0,0.0,,,,,,,,3,Harrison Reed,Midfielder,Fulham
270,2020/21,69,2243,0,3,9,35,0,0,0,5,0,0,0,391,421.2,330.4,82.0,83.5,0.0,0.0,0.0,3.0,64.0,0.0,0.0,0.0,1.0,0.0,0.0,0.0,0.0,0.0,0.0,0.0,16.0,11.0,1.4,0.0,1.3,0.0,0.0,0.0,0.0,0.0,0.0,0.0,0.0,0.0,0.0,4,Harrison Reed,Midfielder,Fulham
270,2022/23,107,2868,3,4,9,44,1,0,0,5,0,0,9,409,484.4,507.3,266.0,125.8,1.95,2.04,3.99,69.0,2243.0,0.0,3.0,9.0,35.0,0.0,0.0,0.0,5.0,0.0,0.0,0.0,391.0,421.2,330.4,82.0,83.5,0.0,0.0,0.0,0.0,0.0,0.0,0.0,0.0,0.0,0.0,5,Harrison Reed,Midfielder,Fulham
270,2023/24,47,1317,0,2,6,23,0,0,0,6,0,0,0,205,213.8,212.6,45.0,47.2,0.29,1.49,1.78,107.0,2868.0,3.0,4.0,9.0,44.0,1.0,0.0,0.0,5.0,0.0,0.0,9.0,409.0,484.4,507.3,266.0,125.8,1.95,2.04,3.99,1.0,0.0,0.0,30.5,0.5,0.0,0.0,6,Harrison Reed,Midfielder,Fulham
270,2024/25,10,100,0,0,0,3,0,0,0,2,0,0,0,36,18.6,20.6,33.0,7.1,0.23,0.09,0.32,47.0,1317.0,0.0,2.0,6.0,23.0,0.0,0.0,0.0,6.0,0.0,0.0,0.0,205.0,213.8,212.6,45.0,47.2,0.29,1.49,1.78,9.5,0.5,0.0,140.0,0.5,0.0,2.0,7,Harrison Reed,Midfielder,Fulham
270,2025/26,15,89,1,0,0,4,0,0,0,0,0,0,2,48,42.0,44.4,11.0,9.7,0.13,0.45,0.58,10.0,100.0,0.0,0.0,0.0,3.0,0.0,0.0,0.0,2.0,0.0,0.0,0.0,36.0,18.6,20.6,33.0,7.1,0.23,0.09,0.32,17.0,1.0,0.0,219.0,0.0,0.0,4.0,8,Harrison Reed,Midfielder,Fulham
271,2022/23,0,0,0,0,0,0,0,0,0,0,0,0,0,0,0.0,0.0,0.0,0.0,0.0,0.0,0.0,,,,,,,,,,,,,,,,,,,,,,160.0,0.0,1.0,3240.0,13.0,97.0,33.0,0,Rodrigo Muniz Carvalho,Forward,Fulham
271,2023/24,97,1589,9,2,6,27,0,0,0,1,0,0,12,299,409.0,213.1,875.0,148.2,8.76,0.94,9.7,0.0,0.0,0.0,0.0,0.0,0.0,0.0,0.0,0.0,0.0,0.0,0.0,0.0,0.0,0.0,0.0,0.0,0.0,0.0,0.0,0.0,102.0,0.0,0.5,2182.5,8.5,68.5,22.5,1,Rodrigo Muniz Carvalho,Forward,Fulham
271,2024/25,86,943,8,1,2,17,0,0,0,1,0,0,14,349,352.4,95.3,508.0,95.4,5.91,0.2,6.11,97.0,1589.0,9.0,2.0,6.0,27.0,0.0,0.0,0.0,1.0,0.0,0.0,12.0,299.0,409.0,213.1,875.0,148.2,8.76,0.94,9.7,22.0,0.0,0.0,562.5,2.0,20.0,6.0,2,Rodrigo Muniz Carvalho,Forward,Fulham
271,2025/26,36,987,1,1,3,13,1,0,0,2,0,0,3,94,113.2,93.2,287.0,47.3,3.3,0.15,3.45,86.0,943.0,8.0,1.0,2.0,17.0,0.0,0.0,0.0,1.0,0.0,0.0,14.0,349.0,352.4,95.3,508.0,95.4,5.91,0.2,6.11,41.0,0.0,0.0,810.0,3.0,27.0,15.5,3,Rodrigo Muniz Carvalho,Forward,Fulham
272,2025/26,6,49,0,0,0,2,0,0,0,1,0,0,0,19,3.2,12.0,8.0,2.3,0.0,0.07,0.07,,,,,,,,,,,,,,,,,,,,,,65.0,0.0,0.0,1620.0,5.0,56.0,30.5,0,Jonah Kusi-Asare,Forward,Fulham
274,2013/14,5,225,0,0,0,7,0,0,0,0,0,12,0,9,0.0,0.0,0.0,0.0,0.0,0.0,0.0,,,,,,,,,,,,,,,,,,,,,,91.5,0.0,0.0,2520.0,7.5,81.0,40.5,0,Jack Butland,Goalkeeper,Hull City
274,2014/15,15,270,0,0,2,2,0,0,0,0,0,11,0,63,0.0,0.0,0.0,0.0,0.0,0.0,0.0,5.0,225.0,0.0,0.0,0.0,7.0,0.0,0.0,0.0,0.0,0.0,12.0,0.0,9.0,0.0,0.0,0.0,0.0,0.0,0.0,0.0,135.0,0.0,0.0,3420.0,11.0,104.0,51.0,1,Jack Butland,Goalkeeper,Hull City
274,2015/16,132,2790,0,1,10,37,0,0,0,0,0,102,14,620,0.0,0.0,0.0,0.0,0.0,0.0,0.0,15.0,270.0,0.0,0.0,2.0,2.0,0.0,0.0,0.0,0.0,0.0,11.0,0.0,63.0,0.0,0.0,0.0,0.0,0.0,0.0,0.0,,,,,,,,2,Jack Butland,Goalkeeper,Hull City
274,2016/17,20,450,0,0,2,8,0,0,0,0,0,17,2,104,121.8,0.0,0.0,12.2,0.0,0.0,0.0,132.0,2790.0,0.0,1.0,10.0,37.0,0.0,0.0,0.0,0.0,0.0,102.0,14.0,620.0,0.0,0.0,0.0,0.0,0.0,0.0,0.0,114.0,1.0,2.0,3116.0,11.0,0.0,45.0,3,Jack Butland,Goalkeeper,Hull City
274,2017/18,125,3150,0,0,6,61,1,0,0,0,0,145,16,687,1013.4,10.0,0.0,102.5,0.0,0.0,0.0,20.0,450.0,0.0,0.0,2.0,8.0,0.0,0.0,0.0,0.0,0.0,17.0,2.0,104.0,121.8,0.0,0.0,12.2,0.0,0.0,0.0,114.0,1.0,2.0,3116.0,11.0,0.0,45.0,4,Jack Butland,Goalkeeper,Hull City
274,2020/21,2,90,0,0,0,2,0,0,0,0,0,3,0,14,16.6,0.0,0.0,1.7,0.0,0.0,0.0,125.0,3150.0,0.0,0.0,6.0,61.0,1.0,0.0,0.0,0.0,0.0,145.0,16.0,687.0,1013.4,10.0,0.0,102.5,0.0,0.0,0.0,56.0,0.0,4.0,1440.0,5.0,0.0,22.0,5,Jack Butland,Goalkeeper,Hull City
274,2021/22,30,765,0,0,1,13,0,1,0,0,0,17,3,132,155.0,0.0,0.0,15.7,0.0,0.0,0.0,2.0,90.0,0.0,0.0,0.0,2.0,0.0,0.0,0.0,0.0,0.0,3.0,0.0,14.0,16.6,0.0,0.0,1.7,0.0,0.0,0.0,99.0,2.0,5.0,2334.5,8.0,0.0,34.0,6,Jack Butland,Goalkeeper,Hull City
274,2022/23,0,0,0,0,0,0,0,0,0,0,0,0,0,0,0.0,0.0,0.0,0.0,0.0,0.0,0.0,30.0,765.0,0.0,0.0,1.0,13.0,0.0,1.0,0.0,0.0,0.0,17.0,3.0,132.0,155.0,0.0,0.0,15.7,0.0,0.0,0.0,142.0,4.0,6.0,3229.0,11.0,0.0,46.0,7,Jack Butland,Goalkeeper,Hull City
277,2011/12,0,0,0,0,0,0,0,0,0,0,0,0,0,0,0.0,0.0,0.0,0.0,0.0,0.0,0.0,,,,,,,,,,,,,,,,,,,,,,13.0,0.0,0.0,443.0,1.0,0.0,11.0,0,John Egan,Defender,Hull City
277,2019/20,133,3187,2,1,13,33,0,0,0,3,1,0,9,592,641.4,25.4,587.0,125.4,0.0,0.0,0.0,0.0,0.0,0.0,0.0,0.0,0.0,0.0,0.0,0.0,0.0,0.0,0.0,0.0,0.0,0.0,0.0,0.0,0.0,0.0,0.0,0.0,37.5,0.5,0.5,1267.0,2.5,0.0,24.5,1,John Egan,Defender,Hull City
277,2020/21,57,2628,0,1,4,48,0,0,0,7,1,0,4,410,544.6,50.9,150.0,74.5,0.0,0.0,0.0,133.0,3187.0,2.0,1.0,13.0,33.0,0.0,0.0,0.0,3.0,1.0,0.0,9.0,592.0,641.4,25.4,587.0,125.4,0.0,0.0,0.0,65.0,1.0,1.0,2006.0,5.5,0.0,34.5,2,John Egan,Defender,Hull City
277,2023/24,1,482,0,0,0,17,0,0,0,2,0,0,0,54,91.2,1.4,38.0,13.1,0.17,0.0,0.17,57.0,2628.0,0.0,1.0,4.0,48.0,0.0,0.0,0.0,7.0,1.0,0.0,4.0,410.0,544.6,50.9,150.0,74.5,0.0,0.0,0.0,68.0,1.0,1.0,1921.0,7.0,0.0,31.0,3,John Egan,Defender,Hull City
279,2014/15,0,0,0,0,0,0,0,0,0,0,0,0,0,0,0.0,0.0,0.0,0.0,0.0,0.0,0.0,,,,,,,,,,,,,,,,,,,,,,,,,,,,,0,Semi Ajayi,Defender,Hull City
279,2020/21,51,2779,2,1,1,71,0,0,0,3,1,0,2,342,574.8,88.3,202.0,86.4,0.0,0.0,0.0,0.0,0.0,0.0,0.0,0.0,0.0,0.0,0.0,0.0,0.0,0.0,0.0,0.0,0.0,0.0,0.0,0.0,0.0,0.0,0.0,0.0,4.0,0.0,0.0,193.0,0.0,0.0,4.0,1,Semi Ajayi,Defender,Hull City
281,2020/21,0,0,0,0,0,0,0,0,0,0,0,0,0,0,0.0,0.0,0.0,0.0,0.0,0.0,0.0,,,,,,,,,,,,,,,,,,,,,,149.0,8.0,7.0,2708.0,10.0,0.0,39.0,0,Cody Drameh,Defender,Hull City
281,2021/22,0,126,0,0,0,6,0,0,0,1,0,0,0,14,20.0,16.5,4.0,4.0,0.0,0.0,0.0,0.0,0.0,0.0,0.0,0.0,0.0,0.0,0.0,0.0,0.0,0.0,0.0,0.0,0.0,0.0,0.0,0.0,0.0,0.0,0.0,0.0,122.0,8.0,5.0,2930.0,7.0,0.0,54.0,1,Cody Drameh,Defender,Hull City
281,2022/23,1,70,0,0,0,3,0,0,0,0,0,0,0,16,12.8,2.7,0.0,1.6,0.0,0.01,0.01,0.0,126.0,0.0,0.0,0.0,6.0,0.0,0.0,0.0,1.0,0.0,0.0,0.0,14.0,20.0,16.5,4.0,4.0,0.0,0.0,0.0,126.5,6.5,8.5,2623.5,6.0,0.0,48.0,2,Cody Drameh,Defender,Hull City
282,2018/19,0,0,0,0,0,0,0,0,0,0,0,0,0,0,0.0,0.0,0.0,0.0,0.0,0.0,0.0,,,,,,,,,,,,,,,,,,,,,,134.0,8.0,9.0,2244.0,3.5,0.0,40.0,0,Ryan Giles,Defender,Hull City
282,2019/20,0,0,0,0,0,0,0,0,0,0,0,0,0,0,0.0,0.0,0.0,0.0,0.0,0.0,0.0,0.0,0.0,0.0,0.0,0.0,0.0,0.0,0.0,0.0,0.0,0.0,0.0,0.0,0.0,0.0,0.0,0.0,0.0,0.0,0.0,0.0,137.0,11.0,6.0,2171.0,2.0,0.0,38.0,1,Ryan Giles,Defender,Hull City
282,2021/22,0,0,0,0,0,0,0,0,0,0,0,0,0,0,0.0,0.0,0.0,0.0,0.0,0.0,0.0,0.0,0.0,0.0,0.0,0.0,0.0,0.0,0.0,0.0,0.0,0.0,0.0,0.0,0.0,0.0,0.0,0.0,0.0,0.0,0.0,0.0,50.0,0.0,3.0,1296.0,7.0,0.0,16.0,2,Ryan Giles,Defender,Hull City
282,2023/24,11,498,0,0,0,14,0,0,0,0,0,0,0,81,83.2,108.7,38.0,23.1,0.12,0.56,0.68,0.0,0.0,0.0,0.0,0.0,0.0,0.0,0.0,0.0,0.0,0.0,0.0,0.0,0.0,0.0,0.0,0.0,0.0,0.0,0.0,0.0,46.0,0.0,2.5,1305.0,5.5,0.0,18.5,3,Ryan Giles,Defender,Hull City
285,2014/15,34,1028,0,0,2,14,0,0,0,2,0,0,3,205,0.0,0.0,0.0,0.0,0.0,0.0,0.0,,,,,,,,,,,,,,,,,,,,,,42.0,0.0,2.0,1314.0,4.0,0.0,21.0,0,Paddy McNair,Defender,Hull City
285,2015/16,9,315,0,0,0,6,0,0,0,0,0,0,0,56,0.0,0.0,0.0,0.0,0.0,0.0,0.0,34.0,1028.0,0.0,0.0,2.0,14.0,0.0,0.0,0.0,2.0,0.0,0.0,3.0,205.0,0.0,0.0,0.0,0.0,0.0,0.0,0.0,,,,,,,,1,Paddy McNair,Defender,Hull City
285,2016/17,12,353,0,0,1,9,1,0,0,0,0,0,0,58,30.6,51.1,28.0,10.7,0.0,0.0,0.0,9.0,315.0,0.0,0.0,0.0,6.0,0.0,0.0,0.0,0.0,0.0,0.0,0.0,56.0,0.0,0.0,0.0,0.0,0.0,0.0,0.0,53.0,2.0,3.0,987.0,4.0,0.0,16.0,2,Paddy McNair,Defender,Hull City
288,2015/16,4,72,0,0,1,0,0,0,0,0,0,0,0,8,0.0,0.0,0.0,0.0,0.0,0.0,0.0,,,,,,,,,,,,,,,,,,,,,,70.0,2.0,3.5,1703.0,5.5,0.0,27.5,0,Kieran Dowell,Midfielder,Hull City
288,2018/19,0,0,0,0,0,0,0,0,0,0,0,0,0,0,0.0,0.0,0.0,0.0,0.0,0.0,0.0,4.0,72.0,0.0,0.0,1.0,0.0,0.0,0.0,0.0,0.0,0.0,0.0,0.0,8.0,0.0,0.0,0.0,0.0,0.0,0.0,0.0,74.5,1.5,2.5,2334.0,6.0,0.0,42.5,1,Kieran Dowell,Midfielder,Hull City
288,2021/22,41,905,1,1,2,24,0,0,0,0,0,0,1,122,133.8,246.2,80.0,45.7,0.0,0.0,0.0,0.0,0.0,0.0,0.0,0.0,0.0,0.0,0.0,0.0,0.0,0.0,0.0,0.0,0.0,0.0,0.0,0.0,0.0,0.0,0.0,0.0,48.0,0.5,1.5,1649.5,4.5,0.0,31.0,2,Kieran Dowell,Midfielder,Hull City
293,2021/22,0,0,0,0,0,0,0,0,0,0,0,0,0,0,0.0,0.0,0.0,0.0,0.0,0.0,0.0,,,,,,,,,,,,,,,,,,,,,,51.0,0.5,1.5,1354.0,4.5,0.0,24.5,0,Abu Kamara,Midfielder,Hull City
295,2016/17,5,82,0,0,0,5,0,0,0,0,0,0,0,17,8.0,33.0,39.0,8.0,0.0,0.0,0.0,,,,,,,,,,,,,,,,,,,,,,64.0,0.0,3.0,1993.0,9.0,0.0,34.5,0,Oli McBurnie,Forward,Hull City
295,2017/18,16,267,0,1,0,5,0,0,0,0,0,0,0,45,38.4,30.4,105.0,17.4,0.0,0.0,0.0,5.0,82.0,0.0,0.0,0.0,5.0,0.0,0.0,0.0,0.0,0.0,0.0,0.0,17.0,8.0,33.0,39.0,8.0,0.0,0.0,0.0,67.0,0.0,4.0,2100.0,10.0,0.0,31.0,1,Oli McBurnie,Forward,Hull City
295,2019/20,86,2105,6,1,9,25,0,0,0,4,0,0,6,300,424.4,186.9,830.0,143.7,0.0,0.0,0.0,16.0,267.0,0.0,1.0,0.0,5.0,0.0,0.0,0.0,0.0,0.0,0.0,0.0,45.0,38.4,30.4,105.0,17.4,0.0,0.0,0.0,75.0,2.0,2.0,2505.0,9.0,0.0,49.0,2,Oli McBurnie,Forward,Hull City
295,2020/21,44,1316,1,2,0,27,0,0,0,2,0,0,2,101,182.6,207.8,444.0,83.1,0.0,0.0,0.0,86.0,2105.0,6.0,1.0,9.0,25.0,0.0,0.0,0.0,4.0,0.0,0.0,6.0,300.0,424.4,186.9,830.0,143.7,0.0,0.0,0.0,70.0,1.5,2.0,2603.5,6.5,0.0,49.0,3,Oli McBurnie,Forward,Hull City
295,2023/24,66,1279,6,3,1,43,0,0,0,3,2,0,9,225,377.4,195.9,501.0,107.5,6.91,1.98,8.88,44.0,1316.0,1.0,2.0,0.0,27.0,0.0,0.0,0.0,2.0,0.0,0.0,2.0,101.0,182.6,207.8,444.0,83.1,0.0,0.0,0.0,83.0,3.0,1.0,2977.0,5.5,0.0,58.0,4,Oli McBurnie,Forward,Hull City
297,2022/23,1,7,0,0,0,0,0,0,0,0,0,0,0,7,4.4,0.5,20.0,2.5,0.06,0.0,0.06,,,,,,,,,,,,,,,,,,,,,,82.5,3.0,0.5,2825.5,6.0,0.0,56.5,0,Darko Gyabi,Midfielder,Hull City
297,2025/26,0,0,0,0,0,0,0,0,0,0,0,0,0,0,0.0,0.0,0.0,0.0,0.0,0.0,0.0,1.0,7.0,0.0,0.0,0.0,0.0,0.0,0.0,0.0,0.0,0.0,0.0,0.0,7.0,4.4,0.5,20.0,2.5,0.06,0.0,0.06,61.0,0.5,1.0,2334.5,5.5,0.0,41.0,1,Darko Gyabi,Midfielder,Hull City
299,2023/24,2,8,0,0,0,1,0,0,0,0,0,0,0,6,0.4,0.6,2.0,0.3,0.0,0.0,0.0,,,,,,,,,,,,,,,,,,,,,,58.0,0.0,1.0,2270.0,6.0,0.0,36.0,0,Mason Burstow,Forward,Hull City
300,2020/21,0,0,0,0,0,0,0,0,0,0,0,0,0,0,0.0,0.0,0.0,0.0,0.0,0.0,0.0,,,,,,,,,,,,,,,,,,,,,,19.0,0.0,1.0,443.0,1.0,0.0,6.0,0,Christian Walton,Goalkeeper,Ipswich Town
300,2024/25,16,630,0,0,1,19,0,0,0,0,0,20,2,42,163.2,10.0,0.0,17.3,0.0,0.0,0.0,0.0,0.0,0.0,0.0,0.0,0.0,0.0,0.0,0.0,0.0,0.0,0.0,0.0,0.0,0.0,0.0,0.0,0.0,0.0,0.0,0.0,0.0,0.0,0.0,0.0,0.0,0.0,0.0,1,Christian Walton,Goalkeeper,Ipswich Town
301,2014/15,0,0,0,0,0,0,0,0,0,0,0,0,0,0,0.0,0.0,0.0,0.0,0.0,0.0,0.0,,,,,,,,,,,,,,,,,,,,,,2.0,0.0,0.0,39.5,0.5,0.0,0.0,0,Alex Palmer,Goalkeeper,Ipswich Town
301,2015/16,0,0,0,0,0,0,0,0,0,0,0,0,0,0,0.0,0.0,0.0,0.0,0.0,0.0,0.0,0.0,0.0,0.0,0.0,0.0,0.0,0.0,0.0,0.0,0.0,0.0,0.0,0.0,0.0,0.0,0.0,0.0,0.0,0.0,0.0,0.0,2.0,0.0,0.0,39.5,0.5,0.0,0.0,1,Alex Palmer,Goalkeeper,Ipswich Town
301,2016/17,0,0,0,0,0,0,0,0,0,0,0,0,0,0,0.0,0.0,0.0,0.0,0.0,0.0,0.0,0.0,0.0,0.0,0.0,0.0,0.0,0.0,0.0,0.0,0.0,0.0,0.0,0.0,0.0,0.0,0.0,0.0,0.0,0.0,0.0,0.0,4.0,0.0,0.0,66.0,0.5,0.0,1.5,2,Alex Palmer,Goalkeeper,Ipswich Town
301,2017/18,0,0,0,0,0,0,0,0,0,0,0,0,0,0,0.0,0.0,0.0,0.0,0.0,0.0,0.0,0.0,0.0,0.0,0.0,0.0,0.0,0.0,0.0,0.0,0.0,0.0,0.0,0.0,0.0,0.0,0.0,0.0,0.0,0.0,0.0,0.0,4.0,0.0,0.0,66.0,0.5,0.0,1.5,3,Alex Palmer,Goalkeeper,Ipswich Town
301,2024/25,22,1170,0,0,0,30,0,0,0,2,0,45,0,94,356.8,10.0,0.0,36.6,0.0,0.0,0.0,0.0,0.0,0.0,0.0,0.0,0.0,0.0,0.0,0.0,0.0,0.0,0.0,0.0,0.0,0.0,0.0,0.0,0.0,0.0,0.0,0.0,0.0,0.0,0.0,0.0,0.0,0.0,0.0,4,Alex Palmer,Goalkeeper,Ipswich Town
302,2009/10,0,0,0,0,0,0,0,0,0,0,0,0,0,0,0.0,0.0,0.0,0.0,0.0,0.0,0.0,,,,,,,,,,,,,,,,,,,,,,,,,,,,,0,David Button,Goalkeeper,Ipswich Town
302,2018/19,15,360,0,0,1,5,0,0,0,0,0,14,2,76,89.2,0.0,0.0,8.9,0.0,0.0,0.0,0.0,0.0,0.0,0.0,0.0,0.0,0.0,0.0,0.0,0.0,0.0,0.0,0.0,0.0,0.0,0.0,0.0,0.0,0.0,0.0,0.0,,,,,,,,1,David Button,Goalkeeper,Ipswich Town
302,2019/20,0,0,0,0,0,0,0,0,0,0,0,0,0,0,0.0,0.0,0.0,0.0,0.0,0.0,0.0,15.0,360.0,0.0,0.0,1.0,5.0,0.0,0.0,0.0,0.0,0.0,14.0,2.0,76.0,89.2,0.0,0.0,8.9,0.0,0.0,0.0,145.0,14.0,4.0,2587.0,7.0,0.0,52.0,2,David Button,Goalkeeper,Ipswich Town
302,2020/21,2,90,0,0,0,2,0,0,0,0,0,4,0,18,23.4,0.0,0.0,2.3,0.0,0.0,0.0,0.0,0.0,0.0,0.0,0.0,0.0,0.0,0.0,0.0,0.0,0.0,0.0,0.0,0.0,0.0,0.0,0.0,0.0,0.0,0.0,0.0,145.0,14.0,4.0,2587.0,7.0,0.0,52.0,3,David Button,Goalkeeper,Ipswich Town
303,2020/21,0,0,0,0,0,0,0,0,0,0,0,0,0,0,0.0,0.0,0.0,0.0,0.0,0.0,0.0,,,,,,,,,,,,,,,,,,,,,,15.0,1.0,0.0,215.0,0.0,0.0,4.0,0,Cédric Kipré,Defender,Ipswich Town
304,2020/21,41,2099,0,0,3,51,0,0,0,3,0,0,1,288,439.8,71.2,44.0,55.8,0.0,0.0,0.0,,,,,,,,,,,,,,,,,,,,,,38.0,3.0,0.5,676.5,2.5,0.0,9.0,0,Dara O'Shea,Defender,Ipswich Town
304,2023/24,69,2892,3,4,2,71,1,0,0,5,1,0,2,478,772.0,189.7,213.0,117.7,0.74,0.9,1.64,41.0,2099.0,0.0,0.0,3.0,51.0,0.0,0.0,0.0,3.0,0.0,0.0,1.0,288.0,439.8,71.2,44.0,55.8,0.0,0.0,0.0,51.0,3.5,0.5,943.0,4.0,0.0,12.0,1,Dara O'Shea,Defender,Ipswich Town
304,2024/25,49,3122,0,2,2,75,0,0,0,6,0,0,1,231,862.8,59.9,195.0,111.6,1.29,0.67,1.96,69.0,2892.0,3.0,4.0,2.0,71.0,1.0,0.0,0.0,5.0,1.0,0.0,2.0,478.0,772.0,189.7,213.0,117.7,0.74,0.9,1.64,103.0,9.0,3.5,1511.0,5.5,0.0,27.0,2,Dara O'Shea,Defender,Ipswich Town
305,2020/21,2,31,0,0,0,0,0,0,0,0,0,0,0,5,2.8,0.6,0.0,0.3,0.0,0.0,0.0,,,,,,,,,,,,,,,,,,,,,,157.5,15.0,4.5,2458.0,8.5,0.0,40.5,0,Leif Davis,Defender,Ipswich Town
305,2024/25,52,2742,1,2,2,71,0,0,0,5,1,0,5,174,486.8,865.4,145.0,149.6,0.98,4.74,5.72,2.0,31.0,0.0,0.0,0.0,0.0,0.0,0.0,0.0,0.0,0.0,0.0,0.0,5.0,2.8,0.6,0.0,0.3,0.0,0.0,0.0,150.0,14.0,2.0,2642.0,9.0,0.0,37.0,1,Leif Davis,Defender,Ipswich Town
306,2024/25,37,2205,1,0,2,53,0,0,0,5,0,0,0,171,592.8,77.2,157.0,82.7,1.31,0.21,1.52,,,,,,,,,,,,,,,,,,,,,,3.0,0.0,0.0,17.0,0.0,0.0,1.0,0,Jacob Greaves,Defender,Ipswich Town
307,2017/18,0,0,0,0,0,0,0,0,0,0,0,0,0,0,0.0,0.0,0.0,0.0,0.0,0.0,0.0,,,,,,,,,,,,,,,,,,,,,,6.5,0.5,0.0,40.0,0.0,0.0,2.0,0,Ben Johnson,Defender,Ipswich Town
307,2018/19,2,62,0,0,0,1,0,0,0,0,0,0,0,6,7.8,0.4,0.0,0.8,0.0,0.0,0.0,0.0,0.0,0.0,0.0,0.0,0.0,0.0,0.0,0.0,0.0,0.0,0.0,0.0,0.0,0.0,0.0,0.0,0.0,0.0,0.0,0.0,17.5,1.5,0.0,345.5,1.5,0.0,6.0,1,Ben Johnson,Defender,Ipswich Town
307,2019/20,6,270,0,0,0,3,0,0,0,0,0,0,0,32,48.0,25.2,1.0,7.4,0.0,0.0,0.0,2.0,62.0,0.0,0.0,0.0,1.0,0.0,0.0,0.0,0.0,0.0,0.0,0.0,6.0,7.8,0.4,0.0,0.8,0.0,0.0,0.0,30.5,2.0,0.5,519.5,2.0,0.0,7.5,2,Ben Johnson,Defender,Ipswich Town
307,2020/21,25,516,1,0,1,10,0,0,0,1,0,0,0,104,98.0,63.7,28.0,18.9,0.0,0.0,0.0,6.0,270.0,0.0,0.0,0.0,3.0,0.0,0.0,0.0,0.0,0.0,0.0,0.0,32.0,48.0,25.2,1.0,7.4,0.0,0.0,0.0,45.5,3.5,1.0,617.0,0.5,0.0,12.0,3,Ben Johnson,Defender,Ipswich Town
307,2021/22,48,1397,1,0,3,18,0,0,0,1,0,0,1,235,307.2,176.4,39.0,52.3,0.0,0.0,0.0,25.0,516.0,1.0,0.0,1.0,10.0,0.0,0.0,0.0,1.0,0.0,0.0,0.0,104.0,98.0,63.7,28.0,18.9,0.0,0.0,0.0,59.0,4.5,1.5,947.0,1.0,0.0,17.0,4,Ben Johnson,Defender,Ipswich Town
307,2022/23,29,860,0,0,2,13,0,0,0,0,0,0,1,164,161.6,76.8,20.0,25.9,0.06,0.4,0.46,48.0,1397.0,1.0,0.0,3.0,18.0,0.0,0.0,0.0,1.0,0.0,0.0,1.0,235.0,307.2,176.4,39.0,52.3,0.0,0.0,0.0,67.0,4.5,3.0,1068.0,4.0,0.0,13.0,5,Ben Johnson,Defender,Ipswich Town
307,2023/24,17,538,0,0,1,16,0,0,0,1,0,0,0,90,84.6,22.5,38.0,14.7,0.25,0.11,0.36,29.0,860.0,0.0,0.0,2.0,13.0,0.0,0.0,0.0,0.0,0.0,0.0,1.0,164.0,161.6,76.8,20.0,25.9,0.06,0.4,0.46,62.0,4.0,3.0,1041.5,4.0,0.0,13.5,6,Ben Johnson,Defender,Ipswich Town
307,2024/25,30,1346,1,2,0,39,0,0,0,3,1,0,2,23,276.6,177.2,92.0,54.6,1.06,0.83,1.89,17.0,538.0,0.0,0.0,1.0,16.0,0.0,0.0,0.0,1.0,0.0,0.0,0.0,90.0,84.6,22.5,38.0,14.7,0.25,0.11,0.36,53.0,3.0,2.0,1018.0,2.0,0.0,17.0,7,Ben Johnson,Defender,Ipswich Town
308,2014/15,1,225,0,0,0,7,0,0,0,1,0,0,0,26,0.0,0.0,0.0,0.0,0.0,0.0,0.0,,,,,,,,,,,,,,,,,,,,,,,,,,,,,0,Darnell Furlong,Defender,Ipswich Town
308,2020/21,79,2931,1,3,6,63,1,0,0,5,0,0,2,393,474.4,275.0,276.0,102.7,0.0,0.0,0.0,1.0,225.0,0.0,0.0,0.0,7.0,0.0,0.0,0.0,1.0,0.0,0.0,0.0,26.0,0.0,0.0,0.0,0.0,0.0,0.0,0.0,0.0,0.0,0.0,0.0,0.0,0.0,0.0,1,Darnell Furlong,Defender,Ipswich Town
311,2024/25,30,922,0,1,1,23,0,0,0,1,0,0,0,144,111.6,148.5,66.0,31.8,0.5,1.17,1.67,,,,,,,,,,,,,,,,,,,,,,115.0,0.0,0.0,2946.0,8.5,103.0,48.5,0,Wes Burns,Midfielder,Ipswich Town
312,2024/25,38,837,1,0,0,21,0,0,0,4,0,0,1,144,142.0,100.5,84.0,32.4,0.75,0.77,1.52,,,,,,,,,,,,,,,,,,,,,,120.0,0.0,0.5,3240.0,7.5,120.5,57.5,0,Jack Taylor,Midfielder,Ipswich Town
313,2024/25,53,1161,0,4,1,31,0,0,0,2,0,0,0,221,230.8,341.7,151.0,72.2,1.17,1.11,2.28,,,,,,,,,,,,,,,,,,,,,,138.5,0.0,0.5,3375.0,10.5,122.5,54.0,0,Jack Clarke,Midfielder,Ipswich Town
314,2023/24,84,1987,4,4,2,47,0,0,0,1,0,0,7,387,412.6,378.3,486.0,127.7,4.47,3.5,7.97,,,,,,,,,,,,,,,,,,,,,,155.5,0.0,0.5,3420.0,12.5,121.5,47.5,0,Chiedozie Ogbene,Midfielder,Ipswich Town
314,2024/25,7,237,0,0,0,3,0,0,0,0,0,0,0,29,22.8,30.2,12.0,6.4,0.0,0.05,0.05,84.0,1987.0,4.0,4.0,2.0,47.0,0.0,0.0,0.0,1.0,0.0,0.0,7.0,387.0,412.6,378.3,486.0,127.7,4.47,3.5,7.97,158.0,0.0,1.0,3420.0,12.0,122.0,44.0,1,Chiedozie Ogbene,Midfielder,Ipswich Town
315,2024/25,26,576,0,2,0,14,0,0,0,0,0,0,3,125,147.6,104.3,148.0,40.1,0.41,1.42,1.83,,,,,,,,,,,,,,,,,,,,,,9.0,0.0,0.0,180.0,1.0,9.0,5.0,0,Abdul Fatawu,Midfielder,Ipswich Town
317,2019/20,2,9,0,0,0,1,0,0,0,0,0,0,0,3,3.2,0.6,25.0,2.6,0.0,0.0,0.0,,,,,,,,,,,,,,,,,,,,,,5.0,0.0,0.0,135.0,0.5,5.5,4.0,0,George Hirst,Forward,Ipswich Town
317,2024/25,46,645,3,1,0,16,0,0,0,3,0,0,3,157,146.4,64.5,207.0,41.2,2.14,0.24,2.38,2.0,9.0,0.0,0.0,0.0,1.0,0.0,0.0,0.0,0.0,0.0,0.0,0.0,3.0,3.2,0.6,25.0,2.6,0.0,0.0,0.0,14.5,0.0,0.0,562.5,1.0,19.0,17.5,1,George Hirst,Forward,Ipswich Town
318,2020/21,1,1,0,0,0,0,0,0,0,0,0,0,0,2,0.0,0.5,0.0,0.1,0.0,0.0,0.0,,,,,,,,,,,,,,,,,,,,,,23.5,0.0,0.0,697.5,2.0,24.5,18.5,0,Jaden Philogene,Midfielder,Ipswich Town
318,2021/22,1,4,0,0,0,0,0,0,0,0,0,0,0,0,0.0,0.0,0.0,0.0,0.0,0.0,0.0,1.0,1.0,0.0,0.0,0.0,0.0,0.0,0.0,0.0,0.0,0.0,0.0,0.0,2.0,0.0,0.5,0.0,0.1,0.0,0.0,0.0,19.0,0.0,0.0,405.0,1.5,16.5,5.0,1,Jaden Philogene,Midfielder,Ipswich Town
318,2022/23,0,0,0,0,0,0,0,0,0,0,0,0,0,0,0.0,0.0,0.0,0.0,0.0,0.0,0.0,1.0,4.0,0.0,0.0,0.0,0.0,0.0,0.0,0.0,0.0,0.0,0.0,0.0,0.0,0.0,0.0,0.0,0.0,0.0,0.0,0.0,19.0,0.0,0.0,450.0,1.0,20.0,5.0,2,Jaden Philogene,Midfielder,Ipswich Town
318,2023/24,1,3,0,0,0,1,0,0,0,0,0,0,0,3,0.4,0.3,2.0,0.3,0.0,0.0,0.0,0.0,0.0,0.0,0.0,0.0,0.0,0.0,0.0,0.0,0.0,0.0,0.0,0.0,0.0,0.0,0.0,0.0,0.0,0.0,0.0,0.0,0.0,0.0,0.0,0.0,0.0,0.0,0.0,3,Jaden Philogene,Midfielder,Ipswich Town
318,2024/25,37,796,2,0,2,22,0,0,0,3,1,0,3,116,159.0,98.2,190.0,43.9,2.43,0.34,2.77,1.0,3.0,0.0,0.0,0.0,1.0,0.0,0.0,0.0,0.0,0.0,0.0,0.0,3.0,0.4,0.3,2.0,0.3,0.0,0.0,0.0,0.5,0.0,0.0,0.5,0.0,0.0,0.0,4,Jaden Philogene,Midfielder,Ipswich Town
319,2024/25,54,988,4,0,2,18,0,0,0,2,0,0,2,167,216.0,93.0,263.0,56.7,3.44,0.45,3.89,,,,,,,,,,,,,,,,,,,,,,1.0,0.0,0.0,1.0,0.0,0.0,0.0,0,Sam Szmodics,Midfielder,Ipswich Town
320,2013/14,1,1,0,0,0,0,0,0,0,0,0,0,0,1,0.0,0.0,0.0,0.0,0.0,0.0,0.0,,,,,,,,,,,,,,,,,,,,,,94.5,1.0,1.5,3263.0,8.0,0.0,54.0,0,Chuba Akpom,Forward,Ipswich Town
320,2014/15,6,30,0,1,0,0,0,0,0,0,0,0,0,16,0.0,0.0,0.0,0.0,0.0,0.0,0.0,1.0,1.0,0.0,0.0,0.0,0.0,0.0,0.0,0.0,0.0,0.0,0.0,0.0,1.0,0.0,0.0,0.0,0.0,0.0,0.0,0.0,111.5,1.0,1.0,3420.0,11.0,0.0,54.0,1,Chuba Akpom,Forward,Ipswich Town
320,2015/16,0,0,0,0,0,0,0,0,0,0,0,0,0,0,0.0,0.0,0.0,0.0,0.0,0.0,0.0,6.0,30.0,0.0,1.0,0.0,0.0,0.0,0.0,0.0,0.0,0.0,0.0,0.0,16.0,0.0,0.0,0.0,0.0,0.0,0.0,0.0,111.0,1.0,1.0,3171.0,11.5,0.0,44.5,2,Chuba Akpom,Forward,Ipswich Town
320,2016/17,0,0,0,0,0,0,0,0,0,0,0,0,0,0,0.0,0.0,0.0,0.0,0.0,0.0,0.0,0.0,0.0,0.0,0.0,0.0,0.0,0.0,0.0,0.0,0.0,0.0,0.0,0.0,0.0,0.0,0.0,0.0,0.0,0.0,0.0,0.0,105.0,1.0,1.0,2922.0,10.0,0.0,38.0,3,Chuba Akpom,Forward,Ipswich Town
322,2024/25,8,125,0,0,0,5,0,0,0,3,0,0,0,15,5.6,25.7,32.0,6.0,0.35,0.04,0.39,,,,,,,,,,,,,,,,,,,,,,11.0,0.0,0.0,299.0,1.0,0.0,6.0,0,Ali Al-Hamadi,Forward,Ipswich Town
323,2021/22,1,2,0,0,0,0,0,0,0,0,0,0,0,3,0.0,0.0,0.0,0.0,0.0,0.0,0.0,,,,,,,,,,,,,,,,,,,,,,5.5,0.0,0.0,149.5,0.5,0.0,3.0,0,Kasey McAteer,Midfielder,Ipswich Town
323,2022/23,0,0,0,0,0,0,0,0,0,0,0,0,0,0,0.0,0.0,0.0,0.0,0.0,0.0,0.0,1.0,2.0,0.0,0.0,0.0,0.0,0.0,0.0,0.0,0.0,0.0,0.0,0.0,3.0,0.0,0.0,0.0,0.0,0.0,0.0,0.0,3.5,0.5,0.0,193.5,0.0,0.0,8.5,1,Kasey McAteer,Midfielder,Ipswich Town
323,2024/25,35,846,1,1,3,16,0,0,0,3,0,0,0,125,147.2,132.5,184.0,46.3,0.99,0.63,1.62,0.0,0.0,0.0,0.0,0.0,0.0,0.0,0.0,0.0,0.0,0.0,0.0,0.0,0.0,0.0,0.0,0.0,0.0,0.0,0.0,0.0,3.5,0.5,0.0,193.5,0.0,0.0,8.5,2,Kasey McAteer,Midfielder,Ipswich Town
325,2015/16,41,810,0,0,3,11,0,1,0,0,0,23,3,179,0.0,0.0,0.0,0.0,0.0,0.0,0.0,,,,,,,,,,,,,,,,,,,,,,62.0,1.5,0.5,1558.0,6.0,0.0,22.0,0,Karl Darlow,Goalkeeper,Man Utd
325,2017/18,33,900,0,0,2,15,1,0,0,0,0,35,2,172,258.8,0.0,0.0,25.9,0.0,0.0,0.0,41.0,810.0,0.0,0.0,3.0,11.0,0.0,1.0,0.0,0.0,0.0,23.0,3.0,179.0,0.0,0.0,0.0,0.0,0.0,0.0,0.0,106.0,1.5,1.0,2812.5,10.5,0.0,36.0,1,Karl Darlow,Goalkeeper,Man Utd
325,2018/19,0,0,0,0,0,0,0,0,0,0,0,0,0,0,0.0,0.0,0.0,0.0,0.0,0.0,0.0,33.0,900.0,0.0,0.0,2.0,15.0,1.0,0.0,0.0,0.0,0.0,35.0,2.0,172.0,258.8,0.0,0.0,25.9,0.0,0.0,0.0,88.0,0.0,1.0,2509.0,9.0,0.0,28.0,2,Karl Darlow,Goalkeeper,Man Utd
325,2019/20,0,0,0,0,0,0,0,0,0,0,0,0,0,0,0.0,0.0,0.0,0.0,0.0,0.0,0.0,0.0,0.0,0.0,0.0,0.0,0.0,0.0,0.0,0.0,0.0,0.0,0.0,0.0,0.0,0.0,0.0,0.0,0.0,0.0,0.0,0.0,0.0,0.0,0.0,0.0,0.0,0.0,0.0,3,Karl Darlow,Goalkeeper,Man Utd
325,2020/21,80,2250,0,0,4,43,0,1,0,3,0,88,6,450,682.4,0.0,0.0,68.3,0.0,0.0,0.0,0.0,0.0,0.0,0.0,0.0,0.0,0.0,0.0,0.0,0.0,0.0,0.0,0.0,0.0,0.0,0.0,0.0,0.0,0.0,0.0,0.0,0.0,0.0,0.0,0.0,0.0,0.0,0.0,4,Karl Darlow,Goalkeeper,Man Utd
325,2021/22,20,720,0,0,0,15,0,0,0,1,0,24,3,110,157.0,0.0,0.0,15.8,0.0,0.0,0.0,80.0,2250.0,0.0,0.0,4.0,43.0,0.0,1.0,0.0,3.0,0.0,88.0,6.0,450.0,682.4,0.0,0.0,68.3,0.0,0.0,0.0,20.0,0.0,0.5,822.5,1.0,0.0,13.5,5,Karl Darlow,Goalkeeper,Man Utd
325,2022/23,0,0,0,0,0,0,0,0,0,0,0,0,0,0,0.0,0.0,0.0,0.0,0.0,0.0,0.0,20.0,720.0,0.0,0.0,0.0,15.0,0.0,0.0,0.0,1.0,0.0,24.0,3.0,110.0,157.0,0.0,0.0,15.8,0.0,0.0,0.0,76.5,1.0,1.0,2397.5,6.0,0.0,38.0,6,Karl Darlow,Goalkeeper,Man Utd
325,2023/24,0,0,0,0,0,0,0,0,0,0,0,0,0,0,0.0,0.0,0.0,0.0,0.0,0.0,0.0,0.0,0.0,0.0,0.0,0.0,0.0,0.0,0.0,0.0,0.0,0.0,0.0,0.0,0.0,0.0,0.0,0.0,0.0,0.0,0.0,0.0,97.0,1.0,1.0,2854.5,8.5,0.0,47.5,7,Karl Darlow,Goalkeeper,Man Utd
325,2025/26,71,1980,0,0,5,27,0,0,0,1,0,63,3,334,531.4,0.0,0.0,53.4,0.0,0.05,0.05,0.0,0.0,0.0,0.0,0.0,0.0,0.0,0.0,0.0,0.0,0.0,0.0,0.0,0.0,0.0,0.0,0.0,0.0,0.0,0.0,0.0,105.0,0.5,1.5,2764.5,10.0,0.0,42.5,8,Karl Darlow,Goalkeeper,Man Utd
326,2018/19,0,0,0,0,0,0,0,0,0,0,0,0,0,0,0.0,0.0,0.0,0.0,0.0,0.0,0.0,,,,,,,,,,,,,,,,,,,,,,109.5,1.5,1.0,2763.0,10.0,0.0,40.5,0,Lucas Estella Perri,Goalkeeper,Leeds
326,2025/26,43,1440,0,0,3,29,0,0,0,2,0,38,3,153,322.4,0.0,0.0,32.2,0.0,0.0,0.0,0.0,0.0,0.0,0.0,0.0,0.0,0.0,0.0,0.0,0.0,0.0,0.0,0.0,0.0,0.0,0.0,0.0,0.0,0.0,0.0,0.0,108.5,2.5,0.5,2772.5,9.0,0.0,42.5,1,Lucas Estella Perri,Goalkeeper,Leeds
327,2025/26,99,1888,1,3,5,26,0,0,0,4,0,0,6,323,531.8,84.5,243.0,86.0,0.9,0.75,1.65,,,,,,,,,,,,,,,,,,,,,,114.5,3.0,1.5,2890.0,9.5,0.0,48.5,0,Jaka Bijol,Defender,Leeds
328,2020/21,71,2072,1,0,7,32,0,0,0,3,0,0,2,402,513.0,66.3,222.0,80.1,0.0,0.0,0.0,,,,,,,,,,,,,,,,,,,,,,70.5,2.0,2.0,1887.0,5.0,0.0,38.0,0,Pascal Struijk,Defender,Brighton
328,2021/22,35,2050,1,1,1,53,0,0,0,6,1,0,0,339,481.0,134.8,191.0,80.8,0.0,0.0,0.0,71.0,2072.0,1.0,0.0,7.0,32.0,0.0,0.0,0.0,3.0,0.0,0.0,2.0,402.0,513.0,66.3,222.0,80.1,0.0,0.0,0.0,28.5,1.0,1.0,710.0,1.5,0.0,17.5,1,Pascal Struijk,Defender,Brighton
328,2022/23,66,2198,2,2,4,52,0,0,0,5,0,0,4,423,544.4,218.6,266.0,102.9,1.35,1.2,2.55,35.0,2050.0,1.0,1.0,1.0,53.0,0.0,0.0,0.0,6.0,1.0,0.0,0.0,339.0,481.0,134.8,191.0,80.8,0.0,0.0,0.0,33.0,2.0,0.0,741.5,2.0,0.0,16.5,2,Pascal Struijk,Defender,Brighton
328,2025/26,108,2935,0,1,7,48,0,0,0,5,0,0,4,412,697.4,161.5,272.0,113.1,3.06,0.76,3.82,66.0,2198.0,2.0,2.0,4.0,52.0,0.0,0.0,0.0,5.0,0.0,0.0,4.0,423.0,544.4,218.6,266.0,102.9,1.35,1.2,2.55,48.0,3.0,0.0,1046.0,3.0,0.0,20.0,3,Pascal Struijk,Defender,Brighton
329,2017/18,0,0,0,0,0,0,0,0,0,0,0,0,0,0,0.0,0.0,0.0,0.0,0.0,0.0,0.0,,,,,,,,,,,,,,,,,,,,,,0.0,0.0,0.0,0.0,0.0,0.0,0.0,0,Joe Rodon,Defender,Leeds
329,2020/21,27,732,0,0,2,12,0,0,0,0,0,0,3,169,166.2,3.6,6.0,17.7,0.0,0.0,0.0,0.0,0.0,0.0,0.0,0.0,0.0,0.0,0.0,0.0,0.0,0.0,0.0,0.0,0.0,0.0,0.0,0.0,0.0,0.0,0.0,0.0,32.5,1.0,0.0,784.0,2.5,0.0,8.5,1,Joe Rodon,Defender,Leeds
329,2021/22,3,87,0,0,0,3,0,0,0,0,0,0,0,17,19.6,0.7,0.0,2.0,0.0,0.0,0.0,27.0,732.0,0.0,0.0,2.0,12.0,0.0,0.0,0.0,0.0,0.0,0.0,3.0,169.0,166.2,3.6,6.0,17.7,0.0,0.0,0.0,65.0,2.0,0.0,1568.0,5.0,0.0,17.0,2,Joe Rodon,Defender,Leeds
329,2022/23,0,0,0,0,0,0,0,0,0,0,0,0,0,0,0.0,0.0,0.0,0.0,0.0,0.0,0.0,3.0,87.0,0.0,0.0,0.0,3.0,0.0,0.0,0.0,0.0,0.0,0.0,0.0,17.0,19.6,0.7,0.0,2.0,0.0,0.0,0.0,42.0,1.0,1.0,1054.0,3.0,0.0,17.0,3,Joe Rodon,Defender,Leeds
329,2023/24,0,0,0,0,0,0,0,0,0,0,0,0,0,0,0.0,0.0,0.0,0.0,0.0,0.0,0.0,0.0,0.0,0.0,0.0,0.0,0.0,0.0,0.0,0.0,0.0,0.0,0.0,0.0,0.0,0.0,0.0,0.0,0.0,0.0,0.0,0.0,58.5,0.5,1.0,1853.5,5.0,0.0,31.5,4,Joe Rodon,Defender,Leeds
329,2025/26,109,2952,2,0,6,53,0,0,0,3,0,0,5,373,707.2,137.3,242.0,109.1,1.4,0.56,1.96,0.0,0.0,0.0,0.0,0.0,0.0,0.0,0.0,0.0,0.0,0.0,0.0,0.0,0.0,0.0,0.0,0.0,0.0,0.0,0.0,0.0,88.0,1.0,1.0,2561.0,8.0,0.0,41.5,5,Joe Rodon,Defender,Leeds
330,2020/21,39,1107,2,0,2,20,0,0,0,2,0,0,0,151,217.6,72.7,278.0,57.0,0.0,0.0,0.0,,,,,,,,,,,,,,,,,,,,,,18.0,0.0,1.0,257.0,0.0,0.0,3.0,0,Jayden Bogle,Defender,Leeds
330,2023/24,63,2787,3,3,3,79,1,0,0,9,0,0,0,354,514.4,183.5,339.0,103.7,2.36,1.14,3.5,39.0,1107.0,2.0,0.0,2.0,20.0,0.0,0.0,0.0,2.0,0.0,0.0,0.0,151.0,217.6,72.7,278.0,57.0,0.0,0.0,0.0,1.0,0.0,0.0,11.0,0.0,0.0,1.0,1,Jayden Bogle,Defender,Leeds
330,2025/26,96,2795,1,5,6,44,0,0,0,6,0,0,1,311,436.0,346.1,218.0,100.3,2.08,3.11,5.19,63.0,2787.0,3.0,3.0,3.0,79.0,1.0,0.0,0.0,9.0,0.0,0.0,0.0,354.0,514.4,183.5,339.0,103.7,2.36,1.14,3.5,0.5,0.0,0.0,5.5,0.0,0.0,0.5,2,Jayden Bogle,Defender,Leeds
331,2025/26,68,2637,0,0,5,45,1,0,0,4,1,0,8,286,442.6,363.7,158.0,96.4,1.1,2.89,3.98,,,,,,,,,,,,,,,,,,,,,,57.0,4.5,0.0,1213.0,7.5,0.0,12.0,0,Gabriel Gudmundsson,Defender,Leeds
332,2019/20,35,1010,0,1,4,14,1,0,0,1,0,0,0,196,240.6,195.0,61.0,49.6,0.0,0.0,0.0,,,,,,,,,,,,,,,,,,,,,,114.0,9.0,0.0,2426.0,15.0,0.0,24.0,0,James Justin,Defender,Leeds
332,2020/21,101,2070,2,2,9,25,0,0,0,4,0,0,13,447,472.2,290.7,195.0,96.0,0.0,0.0,0.0,35.0,1010.0,0.0,1.0,4.0,14.0,1.0,0.0,0.0,1.0,0.0,0.0,0.0,196.0,240.6,195.0,61.0,49.6,0.0,0.0,0.0,0.0,0.0,0.0,0.0,0.0,0.0,0.0,1,James Justin,Defender,Leeds
332,2021/22,29,996,0,0,2,13,0,0,0,0,0,0,1,167,190.0,136.2,97.0,42.5,0.0,0.0,0.0,101.0,2070.0,2.0,2.0,9.0,25.0,0.0,0.0,0.0,4.0,0.0,0.0,13.0,447.0,472.2,290.7,195.0,96.0,0.0,0.0,0.0,0.0,0.0,0.0,0.0,0.0,0.0,0.0,2,James Justin,Defender,Leeds
332,2022/23,45,1252,0,2,5,25,0,0,0,0,0,0,2,263,208.4,138.8,40.0,38.7,0.31,0.49,0.8,29.0,996.0,0.0,0.0,2.0,13.0,0.0,0.0,0.0,0.0,0.0,0.0,1.0,167.0,190.0,136.2,97.0,42.5,0.0,0.0,0.0,0.5,0.0,0.0,1.5,0.0,0.0,1.0,3,James Justin,Defender,Leeds
332,2024/25,70,2912,2,2,3,68,0,0,0,6,0,0,6,218,615.2,258.5,202.0,107.8,1.47,0.8,2.27,45.0,1252.0,0.0,2.0,5.0,25.0,0.0,0.0,0.0,0.0,0.0,0.0,2.0,263.0,208.4,138.8,40.0,38.7,0.31,0.49,0.8,16.0,0.0,0.5,412.5,1.0,0.0,10.0,4,James Justin,Defender,Leeds
332,2025/26,94,1893,2,1,6,26,0,0,0,4,0,0,9,338,469.8,190.9,220.0,88.3,1.83,1.16,2.99,70.0,2912.0,2.0,2.0,3.0,68.0,0.0,0.0,0.0,6.0,0.0,0.0,6.0,218.0,615.2,258.5,202.0,107.8,1.47,0.8,2.27,29.5,0.5,0.5,827.5,1.0,0.0,22.0,5,James Justin,Defender,Leeds
333,2025/26,25,429,0,0,2,5,0,0,0,1,0,0,0,73,98.6,6.3,19.0,12.2,0.2,0.01,0.21,,,,,,,,,,,,,,,,,,,,,,88.5,4.5,3.5,2033.0,3.5,0.0,44.5,0,Sebastiaan Bornauw,Defender,Leeds
335,2025/26,137,2369,5,6,7,36,0,0,0,3,0,0,14,550,650.0,921.4,315.0,188.8,2.88,4.47,7.35,,,,,,,,,,,,,,,,,,,,,,142.0,7.0,9.5,2708.0,9.5,0.0,45.5,0,Anton Stach,Midfielder,Leeds
336,2025/26,109,1553,8,3,6,26,0,0,0,3,0,0,11,354,438.8,275.0,435.0,115.0,5.25,1.32,6.57,,,,,,,,,,,,,,,,,,,,,,110.5,4.5,7.5,2046.5,13.5,0.0,18.0,0,Noah Okafor,Midfielder,Leeds
337,2022/23,83,2365,1,4,5,58,0,0,0,2,0,0,0,232,306.4,664.2,445.0,141.9,3.98,2.51,6.49,,,,,,,,,,,,,,,,,,,,,,103.5,4.0,6.5,1980.5,12.5,0.0,12.0,0,Brenden Aaronson,Midfielder,Leeds
337,2025/26,126,2449,4,8,9,32,0,0,0,3,0,0,5,446,482.8,486.7,498.0,146.7,4.53,3.6,8.13,83.0,2365.0,1.0,4.0,5.0,58.0,0.0,0.0,0.0,2.0,0.0,0.0,0.0,232.0,306.4,664.2,445.0,141.9,3.98,2.51,6.49,85.5,4.0,5.5,1524.5,6.5,0.0,14.5,1,Brenden Aaronson,Midfielder,Leeds
338,2017/18,1,10,0,0,0,1,0,0,0,0,0,0,0,6,7.4,0.0,0.0,0.7,0.0,0.0,0.0,,,,,,,,,,,,,,,,,,,,,,44.0,2.0,1.0,854.0,2.5,0.0,11.5,0,Ethan Ampadu,Midfielder,Leeds
338,2018/19,0,0,0,0,0,0,0,0,0,0,0,0,0,0,0.0,0.0,0.0,0.0,0.0,0.0,0.0,1.0,10.0,0.0,0.0,0.0,1.0,0.0,0.0,0.0,0.0,0.0,0.0,0.0,6.0,7.4,0.0,0.0,0.7,0.0,0.0,0.0,38.0,1.0,1.0,710.0,2.0,0.0,10.0,1,Ethan Ampadu,Midfielder,Leeds
338,2019/20,0,0,0,0,0,0,0,0,0,0,0,0,0,0,0.0,0.0,0.0,0.0,0.0,0.0,0.0,0.0,0.0,0.0,0.0,0.0,0.0,0.0,0.0,0.0,0.0,0.0,0.0,0.0,0.0,0.0,0.0,0.0,0.0,0.0,0.0,0.0,1.0,0.0,0.0,1.0,0.0,0.0,0.0,2,Ethan Ampadu,Midfielder,Leeds
338,2020/21,44,2087,0,0,2,41,1,0,0,3,0,0,4,341,458.0,189.6,51.0,70.1,0.0,0.0,0.0,0.0,0.0,0.0,0.0,0.0,0.0,0.0,0.0,0.0,0.0,0.0,0.0,0.0,0.0,0.0,0.0,0.0,0.0,0.0,0.0,0.0,1.0,0.0,0.0,4.5,0.0,0.0,0.5,3,Ethan Ampadu,Midfielder,Leeds
338,2021/22,0,0,0,0,0,0,0,0,0,0,0,0,0,0,0.0,0.0,0.0,0.0,0.0,0.0,0.0,44.0,2087.0,0.0,0.0,2.0,41.0,1.0,0.0,0.0,3.0,0.0,0.0,4.0,341.0,458.0,189.6,51.0,70.1,0.0,0.0,0.0,0.5,0.0,0.0,4.0,0.0,0.0,0.5,4,Ethan Ampadu,Midfielder,Leeds
338,2022/23,0,0,0,0,0,0,0,0,0,0,0,0,0,0,0.0,0.0,0.0,0.0,0.0,0.0,0.0,0.0,0.0,0.0,0.0,0.0,0.0,0.0,0.0,0.0,0.0,0.0,0.0,0.0,0.0,0.0,0.0,0.0,0.0,0.0,0.0,0.0,12.5,0.0,0.5,398.0,1.0,0.0,6.5,5,Ethan Ampadu,Midfielder,Leeds
338,2023/24,0,0,0,0,0,0,0,0,0,0,0,0,0,0,0.0,0.0,0.0,0.0,0.0,0.0,0.0,0.0,0.0,0.0,0.0,0.0,0.0,0.0,0.0,0.0,0.0,0.0,0.0,0.0,0.0,0.0,0.0,0.0,0.0,0.0,0.0,0.0,56.0,0.5,1.5,1898.5,6.5,0.0,30.0,6,Ethan Ampadu,Midfielder,Leeds
338,2025/26,134,3119,1,4,8,49,0,0,0,10,0,0,11,586,592.2,384.8,166.0,114.7,2.47,2.2,4.67,0.0,0.0,0.0,0.0,0.0,0.0,0.0,0.0,0.0,0.0,0.0,0.0,0.0,0.0,0.0,0.0,0.0,0.0,0.0,0.0,0.0,64.5,0.5,1.5,2295.5,8.0,0.0,33.0,7,Ethan Ampadu,Midfielder,Leeds
339,2018/19,26,686,1,1,3,9,0,0,0,2,0,0,1,117,130.4,71.8,106.0,30.9,0.0,0.0,0.0,,,,,,,,,,,,,,,,,,,,,,42.0,0.0,1.0,1590.0,5.0,0.0,19.0,0,Sean Longstaff,Midfielder,Leeds
339,2019/20,44,1370,1,2,2,26,0,0,0,2,1,0,0,181,235.8,217.1,155.0,60.8,0.0,0.0,0.0,26.0,686.0,1.0,1.0,3.0,9.0,0.0,0.0,0.0,2.0,0.0,0.0,1.0,117.0,130.4,71.8,106.0,30.9,0.0,0.0,0.0,0.0,0.0,0.0,0.0,0.0,0.0,0.0,1,Sean Longstaff,Midfielder,Leeds
339,2020/21,41,1405,0,1,2,26,0,0,0,2,0,0,1,168,179.2,182.8,148.0,50.8,0.0,0.0,0.0,44.0,1370.0,1.0,2.0,2.0,26.0,0.0,0.0,0.0,2.0,1.0,0.0,0.0,181.0,235.8,217.1,155.0,60.8,0.0,0.0,0.0,2.0,0.0,0.0,45.0,0.5,0.0,0.0,2,Sean Longstaff,Midfielder,Leeds
339,2021/22,48,1458,1,1,2,29,0,0,0,1,0,0,1,206,246.0,116.6,93.0,45.7,0.0,0.0,0.0,41.0,1405.0,0.0,1.0,2.0,26.0,0.0,0.0,0.0,2.0,0.0,0.0,1.0,168.0,179.2,182.8,148.0,50.8,0.0,0.0,0.0,2.0,0.0,0.0,45.0,0.5,0.0,0.0,3,Sean Longstaff,Midfielder,Leeds
339,2022/23,93,2514,1,5,13,18,0,0,0,2,0,0,2,347,385.2,372.0,408.0,116.8,3.3,2.57,5.87,48.0,1458.0,1.0,1.0,2.0,29.0,0.0,0.0,0.0,1.0,0.0,0.0,1.0,206.0,246.0,116.6,93.0,45.7,0.0,0.0,0.0,5.0,0.0,0.0,78.5,0.0,0.0,3.5,4,Sean Longstaff,Midfielder,Leeds
339,2023/24,110,2742,6,3,10,50,0,0,0,7,0,0,3,418,550.0,357.1,479.0,138.8,6.76,2.8,9.56,93.0,2514.0,1.0,5.0,13.0,18.0,0.0,0.0,0.0,2.0,0.0,0.0,2.0,347.0,385.2,372.0,408.0,116.8,3.3,2.57,5.87,16.0,0.0,0.5,359.5,0.0,0.0,11.5,5,Sean Longstaff,Midfielder,Leeds
339,2024/25,34,783,0,1,2,11,0,0,0,2,0,0,0,131,117.2,78.4,76.0,27.3,0.6,0.22,0.82,110.0,2742.0,6.0,3.0,10.0,50.0,0.0,0.0,0.0,7.0,0.0,0.0,3.0,418.0,550.0,357.1,479.0,138.8,6.76,2.8,9.56,22.0,0.0,1.0,562.0,0.0,0.0,16.0,6,Sean Longstaff,Midfielder,Leeds
339,2025/26,56,1003,2,2,1,20,0,0,0,2,0,0,5,273,291.8,403.7,116.0,81.2,1.23,1.87,3.1,34.0,783.0,0.0,1.0,2.0,11.0,0.0,0.0,0.0,2.0,0.0,0.0,0.0,131.0,117.2,78.4,76.0,27.3,0.6,0.22,0.82,1.0,0.0,0.0,1.0,0.0,0.0,0.0,7,Sean Longstaff,Midfielder,Leeds
340,2020/21,0,0,0,0,0,0,0,0,0,0,0,0,0,0,0.0,0.0,0.0,0.0,0.0,0.0,0.0,,,,,,,,,,,,,,,,,,,,,,98.5,1.0,3.0,3086.0,10.0,0.0,49.5,0,Joe Gelhardt,Midfielder,Hull City
340,2021/22,43,733,2,4,1,25,0,0,0,4,0,0,3,129,148.0,117.0,412.0,67.2,0.0,0.0,0.0,0.0,0.0,0.0,0.0,0.0,0.0,0.0,0.0,0.0,0.0,0.0,0.0,0.0,0.0,0.0,0.0,0.0,0.0,0.0,0.0,0.0,105.0,3.5,3.0,2797.0,7.0,0.0,47.5,1,Joe Gelhardt,Midfielder,Hull City
340,2022/23,20,201,0,2,0,3,0,0,0,1,0,0,0,44,49.4,32.1,114.0,19.4,0.84,0.4,1.24,43.0,733.0,2.0,4.0,1.0,25.0,0.0,0.0,0.0,4.0,0.0,0.0,3.0,129.0,148.0,117.0,412.0,67.2,0.0,0.0,0.0,125.0,5.0,6.5,2690.5,8.5,0.0,42.5,2,Joe Gelhardt,Midfielder,Hull City
340,2025/26,0,0,0,0,0,0,0,0,0,0,0,0,0,0,0.0,0.0,0.0,0.0,0.0,0.0,0.0,20.0,201.0,0.0,2.0,0.0,3.0,0.0,0.0,0.0,1.0,0.0,0.0,0.0,44.0,49.4,32.1,114.0,19.4,0.84,0.4,1.24,108.5,3.5,8.0,2128.5,8.5,0.0,31.5,3,Joe Gelhardt,Midfielder,Hull City
341,2022/23,55,1346,2,4,4,28,0,0,0,7,0,0,6,183,266.8,327.6,253.0,84.9,1.79,2.12,3.91,,,,,,,,,,,,,,,,,,,,,,93.0,4.0,8.0,1366.0,5.0,0.0,24.0,0,Wilfried Gnonto,Midfielder,Leeds
341,2025/26,32,521,0,3,1,14,0,0,0,3,0,0,0,134,85.2,129.3,61.0,27.5,0.4,0.77,1.17,55.0,1346.0,2.0,4.0,4.0,28.0,0.0,0.0,0.0,7.0,0.0,0.0,6.0,183.0,266.8,327.6,253.0,84.9,1.79,2.12,3.91,0.0,0.0,0.0,0.0,0.0,0.0,0.0,1,Wilfried Gnonto,Midfielder,Leeds
342,2020/21,160,2846,8,10,11,45,0,0,0,2,0,0,15,542,759.2,821.7,666.0,225.2,0.0,0.0,0.0,,,,,,,,,,,,,,,,,,,,,,8.5,0.5,0.5,88.5,0.5,0.0,0.0,0,Jack Harrison,Midfielder,Leeds
342,2021/22,117,2638,8,1,3,68,0,0,0,3,0,0,12,408,614.6,591.8,687.0,188.5,0.0,0.0,0.0,160.0,2846.0,8.0,10.0,11.0,45.0,0.0,0.0,0.0,2.0,0.0,0.0,15.0,542.0,759.2,821.7,666.0,225.2,0.0,0.0,0.0,17.0,1.0,1.0,177.0,1.0,0.0,0.0,1,Jack Harrison,Midfielder,Leeds
342,2022/23,134,2707,5,8,6,55,1,0,0,2,0,0,15,403,600.2,834.8,487.0,192.0,5.44,5.06,10.5,117.0,2638.0,8.0,1.0,3.0,68.0,0.0,0.0,0.0,3.0,0.0,0.0,12.0,408.0,614.6,591.8,687.0,188.5,0.0,0.0,0.0,55.0,4.0,2.0,1024.0,0.0,0.0,25.0,2,Jack Harrison,Midfielder,Leeds
342,2023/24,92,2212,3,3,11,26,0,0,0,1,0,0,5,292,397.4,405.7,339.0,114.3,3.68,3.02,6.7,134.0,2707.0,5.0,8.0,6.0,55.0,1.0,0.0,0.0,2.0,0.0,0.0,15.0,403.0,600.2,834.8,487.0,192.0,5.44,5.06,10.5,49.5,3.0,2.5,895.0,0.5,0.0,17.0,3,Jack Harrison,Midfielder,Leeds
342,2024/25,81,2068,1,3,7,27,0,0,0,0,0,0,4,291,277.0,527.7,288.0,108.6,3.54,3.12,6.66,92.0,2212.0,3.0,3.0,11.0,26.0,0.0,0.0,0.0,1.0,0.0,0.0,5.0,292.0,397.4,405.7,339.0,114.3,3.68,3.02,6.7,44.0,2.0,3.0,766.0,1.0,0.0,9.0,4,Jack Harrison,Midfielder,Leeds
342,2025/26,12,262,0,0,0,5,0,0,0,0,0,0,0,51,30.0,49.4,35.0,11.5,0.28,0.23,0.51,81.0,2068.0,1.0,3.0,7.0,27.0,0.0,0.0,0.0,0.0,0.0,0.0,4.0,291.0,277.0,527.7,288.0,108.6,3.54,3.12,6.66,2.0,0.0,0.0,47.0,0.0,0.0,1.0,5,Jack Harrison,Midfielder,Leeds
343,2016/17,0,0,0,0,0,0,0,0,0,0,0,0,0,0,0.0,0.0,0.0,0.0,0.0,0.0,0.0,,,,,,,,,,,,,,,,,,,,,,2.0,0.0,0.0,47.0,0.0,0.0,1.0,0,Daniel James,Midfielder,Leeds
343,2019/20,95,2281,3,6,7,29,0,0,0,4,0,0,2,308,415.2,428.1,622.0,146.0,0.0,0.0,0.0,0.0,0.0,0.0,0.0,0.0,0.0,0.0,0.0,0.0,0.0,0.0,0.0,0.0,0.0,0.0,0.0,0.0,0.0,0.0,0.0,0.0,0.0,0.0,0.0,0.0,0.0,0.0,0.0,1,Daniel James,Midfielder,Leeds
343,2020/21,43,907,3,1,4,7,0,0,0,3,0,0,1,145,186.0,145.7,285.0,61.5,0.0,0.0,0.0,95.0,2281.0,3.0,6.0,7.0,29.0,0.0,0.0,0.0,4.0,0.0,0.0,2.0,308.0,415.2,428.1,622.0,146.0,0.0,0.0,0.0,34.0,1.0,1.0,931.5,1.5,0.0,25.0,2,Daniel James,Midfielder,Leeds
343,2021/22,91,2489,4,5,5,51,0,0,0,7,1,0,2,221,336.4,348.1,810.0,148.1,0.0,0.0,0.0,43.0,907.0,3.0,1.0,4.0,7.0,0.0,0.0,0.0,3.0,0.0,0.0,1.0,145.0,186.0,145.7,285.0,61.5,0.0,0.0,0.0,68.0,2.0,2.0,1863.0,3.0,0.0,50.0,3,Daniel James,Midfielder,Leeds
343,2022/23,45,802,2,1,1,18,0,0,0,0,0,0,2,152,149.6,129.7,220.0,49.6,2.02,0.75,2.77,91.0,2489.0,4.0,5.0,5.0,51.0,0.0,0.0,0.0,7.0,1.0,0.0,2.0,221.0,336.4,348.1,810.0,148.1,0.0,0.0,0.0,,,,,,,,4,Daniel James,Midfielder,Leeds
343,2025/26,23,547,0,0,1,16,0,0,0,0,0,0,0,93,70.8,133.1,133.0,33.9,0.91,0.71,1.62,45.0,802.0,2.0,1.0,1.0,18.0,0.0,0.0,0.0,0.0,0.0,0.0,2.0,152.0,149.6,129.7,220.0,49.6,2.02,0.75,2.77,50.0,3.0,0.0,943.0,2.0,0.0,20.0,5,Daniel James,Midfielder,Leeds
344,2025/26,56,1318,0,4,5,23,0,0,0,3,0,0,3,245,199.4,171.0,64.0,43.2,0.49,0.86,1.35,,,,,,,,,,,,,,,,,,,,,,68.5,5.5,0.0,1232.0,3.0,0.0,22.0,0,Ilia Gruev,Midfielder,Leeds
345,2025/26,67,1307,2,1,3,22,0,0,0,1,0,0,4,288,224.2,307.6,104.0,63.6,1.44,1.39,2.83,,,,,,,,,,,,,,,,,,,,,,87.0,8.0,0.0,1521.0,4.0,0.0,24.0,0,Tanaka Ao,Midfielder,Leeds
346,2016/17,17,347,1,0,0,7,0,0,0,1,0,0,1,46,53.2,10.0,82.0,14.1,0.0,0.0,0.0,,,,,,,,,,,,,,,,,,,,,,,,,,,,,0,Dominic Calvert-Lewin,Forward,Leeds
346,2017/18,88,1871,4,8,6,28,0,0,0,4,0,0,3,255,354.0,322.6,630.0,130.2,0.0,0.0,0.0,17.0,347.0,1.0,0.0,0.0,7.0,0.0,0.0,0.0,1.0,0.0,0.0,1.0,46.0,53.2,10.0,82.0,14.1,0.0,0.0,0.0,106.0,0.0,0.0,2835.0,6.0,105.0,42.0,1,Dominic Calvert-Lewin,Forward,Leeds
346,2018/19,92,1769,6,5,8,26,0,0,0,3,0,0,3,267,321.8,185.7,618.0,111.5,0.0,0.0,0.0,88.0,1871.0,4.0,8.0,6.0,28.0,0.0,0.0,0.0,4.0,0.0,0.0,3.0,255.0,354.0,322.6,630.0,130.2,0.0,0.0,0.0,110.0,0.0,0.0,2742.0,6.5,109.0,40.5,2,Dominic Calvert-Lewin,Forward,Leeds
346,2019/20,126,2621,13,1,8,43,0,0,0,9,0,0,15,385,562.8,241.4,1272.0,206.3,0.0,0.0,0.0,92.0,1769.0,6.0,5.0,8.0,26.0,0.0,0.0,0.0,3.0,0.0,0.0,3.0,267.0,321.8,185.7,618.0,111.5,0.0,0.0,0.0,122.5,0.0,0.0,2890.0,9.0,99.5,38.0,3,Dominic Calvert-Lewin,Forward,Leeds
346,2020/21,165,2871,16,6,11,39,0,0,0,3,0,0,21,528,745.8,308.0,1439.0,249.0,0.0,0.0,0.0,126.0,2621.0,13.0,1.0,8.0,43.0,0.0,0.0,0.0,9.0,0.0,0.0,15.0,385.0,562.8,241.4,1272.0,206.3,0.0,0.0,0.0,70.5,0.0,0.0,1745.5,6.0,48.0,23.0,4,Dominic Calvert-Lewin,Forward,Leeds
346,2021/22,64,1281,5,2,3,31,0,0,1,2,0,0,10,207,255.8,144.7,448.0,84.7,0.0,0.0,0.0,165.0,2871.0,16.0,6.0,11.0,39.0,0.0,0.0,0.0,3.0,0.0,0.0,21.0,528.0,745.8,308.0,1439.0,249.0,0.0,0.0,0.0,76.0,0.0,0.0,1800.0,4.5,77.0,30.0,5,Dominic Calvert-Lewin,Forward,Leeds
346,2022/23,40,1166,2,1,4,22,0,0,0,3,0,0,2,89,138.4,122.4,409.0,66.4,5.9,0.72,6.62,64.0,1281.0,5.0,2.0,3.0,31.0,0.0,0.0,1.0,2.0,0.0,0.0,10.0,207.0,255.8,144.7,448.0,84.7,0.0,0.0,0.0,137.5,0.0,0.0,3330.0,9.0,139.0,56.0,6,Dominic Calvert-Lewin,Forward,Leeds
346,2023/24,101,2166,7,3,13,27,0,0,0,2,0,0,9,259,403.0,255.6,901.0,154.8,12.86,1.58,14.43,40.0,1166.0,2.0,1.0,4.0,22.0,0.0,0.0,0.0,3.0,0.0,0.0,2.0,89.0,138.4,122.4,409.0,66.4,5.9,0.72,6.62,124.0,0.0,1.0,3420.0,7.5,122.0,57.5,7,Dominic Calvert-Lewin,Forward,Leeds
346,2024/25,63,1602,3,2,8,18,0,0,0,2,0,0,3,157,200.2,126.1,573.0,89.2,6.53,0.63,7.16,101.0,2166.0,7.0,3.0,13.0,27.0,0.0,0.0,0.0,2.0,0.0,0.0,9.0,259.0,403.0,255.6,901.0,154.8,12.86,1.58,14.43,115.0,0.0,2.0,3420.0,5.0,110.0,54.0,8,Dominic Calvert-Lewin,Forward,Leeds
346,2025/26,142,2721,14,2,8,34,0,0,1,3,0,0,20,472,619.6,311.1,1026.0,194.7,15.57,1.06,16.62,63.0,1602.0,3.0,2.0,8.0,18.0,0.0,0.0,0.0,2.0,0.0,0.0,3.0,157.0,200.2,126.1,573.0,89.2,6.53,0.63,7.16,,,,,,,,9,Dominic Calvert-Lewin,Forward,Leeds
347,2017/18,2,14,0,0,0,0,0,0,0,0,0,0,0,4,0.0,3.1,0.0,0.3,0.0,0.0,0.0,,,,,,,,,,,,,,,,,,,,,,,,,,,,,0,Lukas Nmecha,Forward,Leeds
347,2025/26,73,1065,6,1,3,23,0,0,1,0,0,0,8,268,290.4,153.5,434.0,87.8,7.25,1.58,8.83,2.0,14.0,0.0,0.0,0.0,0.0,0.0,0.0,0.0,0.0,0.0,0.0,0.0,4.0,0.0,3.1,0.0,0.3,0.0,0.0,0.0,93.0,1.0,1.0,2729.0,9.0,0.0,36.0,1,Lukas Nmecha,Forward,Leeds
348,2025/26,17,244,0,0,1,9,0,0,0,0,0,0,0,42,13.6,38.1,120.0,16.5,0.9,0.13,1.03,,,,,,,,,,,,,,,,,,,,,,108.5,0.5,2.5,2821.5,10.5,0.0,36.5,0,Joël Piroe,Forward,Leeds
349,2022/23,3,24,0,0,0,0,0,0,0,0,0,0,0,5,3.0,0.2,19.0,2.2,0.06,0.0,0.06,,,,,,,,,,,,,,,,,,,,,,102.0,0.5,2.0,2848.0,10.0,0.0,37.0,0,Mateo Joseph Fernández-Regatillo,Forward,Leeds
349,2025/26,0,0,0,0,0,0,0,0,0,0,0,0,0,0,0.0,0.0,0.0,0.0,0.0,0.0,0.0,3.0,24.0,0.0,0.0,0.0,0.0,0.0,0.0,0.0,0.0,0.0,0.0,0.0,5.0,3.0,0.2,19.0,2.2,0.06,0.0,0.06,100.5,1.5,1.5,3099.0,9.0,0.0,47.5,1,Mateo Joseph Fernández-Regatillo,Forward,Leeds
350,2018/19,176,3420,0,0,21,22,0,0,0,1,0,76,9,771,677.0,0.1,0.0,67.6,0.0,0.0,0.0,,,,,,,,,,,,,,,,,,,,,,98.5,0.0,4.0,3177.0,9.0,0.0,52.0,0,Alisson Becker,Goalkeeper,Liverpool
350,2019/20,122,2543,0,1,13,24,0,0,0,0,1,58,11,558,503.0,10.0,0.0,51.5,0.0,0.0,0.0,176.0,3420.0,0.0,0.0,21.0,22.0,0.0,0.0,0.0,1.0,0.0,76.0,9.0,771.0,677.0,0.1,0.0,67.6,0.0,0.0,0.0,105.0,0.0,8.0,3216.0,7.0,0.0,54.5,1,Alisson Becker,Goalkeeper,Liverpool
350,2020/21,140,2970,1,0,10,32,0,1,0,1,0,84,13,660,776.4,0.1,17.0,79.4,0.0,0.0,0.0,122.0,2543.0,0.0,1.0,13.0,24.0,0.0,0.0,0.0,0.0,1.0,58.0,11.0,558.0,503.0,10.0,0.0,51.5,0.0,0.0,0.0,106.0,0.0,10.0,3166.0,5.0,0.0,49.0,2,Alisson Becker,Goalkeeper,Liverpool
350,2021/22,176,3240,0,1,20,24,1,0,0,0,0,75,15,782,721.4,10.0,0.0,73.1,0.0,0.0,0.0,140.0,2970.0,1.0,0.0,10.0,32.0,0.0,1.0,0.0,1.0,0.0,84.0,13.0,660.0,776.4,0.1,17.0,79.4,0.0,0.0,0.0,9.0,0.0,0.0,349.0,0.0,0.0,8.0,3,Alisson Becker,Goalkeeper,Liverpool
350,2022/23,162,3330,0,1,14,43,0,1,0,1,0,107,15,824,966.4,10.1,0.0,97.6,0.0,0.02,0.02,176.0,3240.0,0.0,1.0,20.0,24.0,1.0,0.0,0.0,0.0,0.0,75.0,15.0,782.0,721.4,10.0,0.0,73.1,0.0,0.0,0.0,9.0,0.0,0.0,349.0,0.0,0.0,8.0,4,Alisson Becker,Goalkeeper,Liverpool
350,2023/24,107,2520,0,0,8,30,0,0,0,1,0,83,9,575,671.2,10.4,0.0,68.1,0.0,0.0,0.0,162.0,3330.0,0.0,1.0,14.0,43.0,0.0,1.0,0.0,1.0,0.0,107.0,15.0,824.0,966.4,10.1,0.0,97.6,0.0,0.02,0.02,50.0,0.0,1.0,1477.0,5.0,0.0,27.0,5,Alisson Becker,Goalkeeper,Liverpool
350,2024/25,112,2508,0,0,10,29,0,0,0,0,0,78,9,451,628.8,13.0,0.0,64.0,0.0,0.2,0.2,107.0,2520.0,0.0,0.0,8.0,30.0,0.0,0.0,0.0,1.0,0.0,83.0,9.0,575.0,671.2,10.4,0.0,68.1,0.0,0.0,0.0,70.0,0.5,3.0,2023.0,6.0,0.0,31.5,6,Alisson Becker,Goalkeeper,Liverpool
350,2025/26,91,2340,0,0,8,31,0,0,0,1,0,57,8,389,479.8,0.1,0.0,47.8,0.0,0.03,0.03,112.0,2508.0,0.0,0.0,10.0,29.0,0.0,0.0,0.0,0.0,0.0,78.0,9.0,451.0,628.8,13.0,0.0,64.0,0.0,0.2,0.2,58.5,1.0,2.5,1716.0,4.5,0.0,28.5,7,Alisson Becker,Goalkeeper,Liverpool
351,2025/26,34,867,0,0,2,18,0,1,0,0,0,34,2,139,275.6,0.0,0.0,27.5,0.0,0.0,0.0,,,,,,,,,,,,,,,,,,,,,,38.0,0.5,1.0,1318.0,2.5,0.0,23.5,0,Giorgi Mamardashvili,Goalkeeper,Liverpool
352,2014/15,0,0,0,0,0,0,0,0,0,0,0,0,0,0,0.0,0.0,0.0,0.0,0.0,0.0,0.0,,,,,,,,,,,,,,,,,,,,,,49.0,0.0,2.0,1773.0,3.0,0.0,26.0,0,Freddie Woodman,Goalkeeper,Liverpool
352,2015/16,0,0,0,0,0,0,0,0,0,0,0,0,0,0,0.0,0.0,0.0,0.0,0.0,0.0,0.0,0.0,0.0,0.0,0.0,0.0,0.0,0.0,0.0,0.0,0.0,0.0,0.0,0.0,0.0,0.0,0.0,0.0,0.0,0.0,0.0,0.0,66.0,1.0,0.0,2299.0,6.0,0.0,42.0,1,Freddie Woodman,Goalkeeper,Liverpool
352,2017/18,0,0,0,0,0,0,0,0,0,0,0,0,0,0,0.0,0.0,0.0,0.0,0.0,0.0,0.0,0.0,0.0,0.0,0.0,0.0,0.0,0.0,0.0,0.0,0.0,0.0,0.0,0.0,0.0,0.0,0.0,0.0,0.0,0.0,0.0,0.0,70.5,1.0,0.0,2686.5,5.5,0.0,44.5,2,Freddie Woodman,Goalkeeper,Liverpool
352,2018/19,0,0,0,0,0,0,0,0,0,0,0,0,0,0,0.0,0.0,0.0,0.0,0.0,0.0,0.0,0.0,0.0,0.0,0.0,0.0,0.0,0.0,0.0,0.0,0.0,0.0,0.0,0.0,0.0,0.0,0.0,0.0,0.0,0.0,0.0,0.0,75.0,1.0,0.0,3074.0,5.0,0.0,47.0,3,Freddie Woodman,Goalkeeper,Liverpool
352,2019/20,0,0,0,0,0,0,0,0,0,0,0,0,0,0,0.0,0.0,0.0,0.0,0.0,0.0,0.0,0.0,0.0,0.0,0.0,0.0,0.0,0.0,0.0,0.0,0.0,0.0,0.0,0.0,0.0,0.0,0.0,0.0,0.0,0.0,0.0,0.0,94.0,2.0,4.0,2345.0,6.0,0.0,37.0,4,Freddie Woodman,Goalkeeper,Liverpool
352,2021/22,9,360,0,0,0,12,0,1,0,0,0,10,0,64,89.4,0.0,0.0,9.0,0.0,0.0,0.0,0.0,0.0,0.0,0.0,0.0,0.0,0.0,0.0,0.0,0.0,0.0,0.0,0.0,0.0,0.0,0.0,0.0,0.0,0.0,0.0,0.0,84.5,1.5,2.0,2234.5,6.0,0.0,33.5,5,Freddie Woodman,Goalkeeper,Liverpool
352,2025/26,6,212,0,0,0,4,0,0,0,0,0,9,0,34,83.8,0.0,0.0,8.4,0.0,0.0,0.0,9.0,360.0,0.0,0.0,0.0,12.0,0.0,1.0,0.0,0.0,0.0,10.0,0.0,64.0,89.4,0.0,0.0,9.0,0.0,0.0,0.0,94.5,1.5,2.0,2689.5,7.0,0.0,46.5,6,Freddie Woodman,Goalkeeper,Liverpool
353,2025/26,0,0,0,0,0,0,0,0,0,0,0,0,0,0,0.0,0.0,0.0,0.0,0.0,0.0,0.0,,,,,,,,,,,,,,,,,,,,,,109.5,1.5,3.5,2942.5,8.5,0.0,51.5,0,Armin Pecsi,Goalkeeper,Liverpool
354,2024/25,1,11,0,0,0,0,0,0,0,0,0,1,0,6,8.8,0.0,0.0,0.9,0.0,0.0,0.0,,,,,,,,,,,,,,,,,,,,,,75.5,0.5,2.0,2136.0,6.0,0.0,34.0,0,Vitezslav Jaros,Goalkeeper,Liverpool
355,2022/23,0,0,0,0,0,0,0,0,0,0,0,0,0,0,0.0,0.0,0.0,0.0,0.0,0.0,0.0,,,,,,,,,,,,,,,,,,,,,,46.0,0.0,1.0,1642.0,3.0,0.0,28.0,0,Harvey Davies,Goalkeeper,Liverpool
355,2024/25,0,0,0,0,0,0,0,0,0,0,0,0,0,0,0.0,0.0,0.0,0.0,0.0,0.0,0.0,0.0,0.0,0.0,0.0,0.0,0.0,0.0,0.0,0.0,0.0,0.0,0.0,0.0,0.0,0.0,0.0,0.0,0.0,0.0,0.0,0.0,87.0,1.0,0.0,2970.0,7.0,0.0,43.0,1,Harvey Davies,Goalkeeper,Liverpool
356,2015/16,130,3060,3,0,10,36,0,0,0,2,0,0,16,713,0.0,0.0,0.0,0.0,0.0,0.0,0.0,,,,,,,,,,,,,,,,,,,,,,81.5,2.0,0.5,2867.5,5.5,0.0,48.5,0,Virgil van Dijk,Defender,Liverpool
356,2016/17,75,1852,1,0,7,23,0,0,0,3,1,0,14,435,546.2,81.1,232.0,86.0,0.0,0.0,0.0,130.0,3060.0,3.0,0.0,10.0,36.0,0.0,0.0,0.0,2.0,0.0,0.0,16.0,713.0,0.0,0.0,0.0,0.0,0.0,0.0,0.0,59.0,2.5,0.5,2072.0,3.0,0.0,38.0,1,Virgil van Dijk,Defender,Liverpool
356,2017/18,78,2253,0,0,8,28,0,0,0,1,0,0,5,481,601.0,122.6,277.0,100.2,0.0,0.0,0.0,75.0,1852.0,1.0,0.0,7.0,23.0,0.0,0.0,0.0,3.0,1.0,0.0,14.0,435.0,546.2,81.1,232.0,86.0,0.0,0.0,0.0,36.0,1.0,0.5,1170.0,2.0,0.0,20.5,2,Virgil van Dijk,Defender,Liverpool
356,2018/19,208,3384,4,4,20,22,0,0,0,1,0,0,22,932,993.6,111.1,455.0,156.1,0.0,0.0,0.0,78.0,2253.0,0.0,0.0,8.0,28.0,0.0,0.0,0.0,1.0,0.0,0.0,5.0,481.0,601.0,122.6,277.0,100.2,0.0,0.0,0.0,54.5,0.5,0.5,1484.5,4.5,0.0,22.5,3,Virgil van Dijk,Defender,Liverpool
356,2019/20,178,3420,5,2,15,33,0,0,0,1,0,0,14,804,930.2,152.4,467.0,154.8,0.0,0.0,0.0,208.0,3384.0,4.0,4.0,20.0,22.0,0.0,0.0,0.0,1.0,0.0,0.0,22.0,932.0,993.6,111.1,455.0,156.1,0.0,0.0,0.0,61.0,0.5,0.0,1715.5,6.0,0.0,26.0,4,Virgil van Dijk,Defender,Liverpool
356,2020/21,15,370,1,0,1,11,0,0,0,1,0,0,1,73,82.4,4.8,66.0,15.3,0.0,0.0,0.0,178.0,3420.0,5.0,2.0,15.0,33.0,0.0,0.0,0.0,1.0,0.0,0.0,14.0,804.0,930.2,152.4,467.0,154.8,0.0,0.0,0.0,37.0,0.0,0.0,1378.5,3.0,0.0,22.5,5,Virgil van Dijk,Defender,Liverpool
356,2021/22,183,3060,3,3,21,21,0,0,0,3,0,0,13,803,726.4,150.3,455.0,133.1,0.0,0.0,0.0,15.0,370.0,1.0,0.0,1.0,11.0,0.0,0.0,0.0,1.0,0.0,0.0,1.0,73.0,82.4,4.8,66.0,15.3,0.0,0.0,0.0,31.0,0.0,0.0,1334.0,1.0,0.0,19.0,6,Virgil van Dijk,Defender,Liverpool
356,2022/23,127,2835,3,1,11,36,0,0,0,3,0,0,13,636,743.2,121.0,389.0,125.4,2.5,1.09,3.59,183.0,3060.0,3.0,3.0,21.0,21.0,0.0,0.0,0.0,3.0,0.0,0.0,13.0,803.0,726.4,150.3,455.0,133.1,0.0,0.0,0.0,0.0,0.0,0.0,0.0,0.0,0.0,0.0,7,Virgil van Dijk,Defender,Liverpool
356,2023/24,117,3177,2,2,9,40,0,0,0,3,1,0,8,662,911.2,176.3,449.0,153.8,2.88,1.04,3.92,127.0,2835.0,3.0,1.0,11.0,36.0,0.0,0.0,0.0,3.0,0.0,0.0,13.0,636.0,743.2,121.0,389.0,125.4,2.5,1.09,3.59,45.5,3.5,0.5,818.5,1.0,0.0,16.0,8,Virgil van Dijk,Defender,Liverpool
356,2024/25,143,3330,3,1,14,38,0,0,0,5,0,0,8,631,932.6,206.6,299.0,143.7,2.22,0.98,3.2,117.0,3177.0,2.0,2.0,9.0,40.0,0.0,0.0,0.0,3.0,1.0,0.0,8.0,662.0,911.2,176.3,449.0,153.8,2.88,1.04,3.92,45.5,3.5,0.5,818.5,1.0,0.0,16.0,9,Virgil van Dijk,Defender,Liverpool
356,2025/26,175,3420,6,1,10,53,0,0,0,4,0,0,10,593,1169.4,215.9,490.0,187.6,3.77,1.44,5.21,143.0,3330.0,3.0,1.0,14.0,38.0,0.0,0.0,0.0,5.0,0.0,0.0,8.0,631.0,932.6,206.6,299.0,143.7,2.22,0.98,3.2,34.0,1.0,2.5,542.5,1.0,0.0,7.5,10,Virgil van Dijk,Defender,Liverpool
357,2025/26,63,1032,0,5,5,13,0,0,0,1,0,0,1,237,133.2,244.6,186.0,56.5,0.5,1.55,2.05,,,,,,,,,,,,,,,,,,,,,,81.0,3.0,6.0,1344.0,3.5,0.0,22.5,0,Jeremie Frimpong,Defender,Liverpool
358,2023/24,59,1966,0,2,6,37,1,0,0,4,1,0,1,290,310.0,216.5,150.0,67.7,1.32,1.06,2.38,,,,,,,,,,,,,,,,,,,,,,86.0,5.0,4.5,1375.5,3.5,0.0,25.5,0,Milos Kerkez,Defender,Liverpool
358,2024/25,134,3336,2,6,9,45,0,0,0,4,0,0,10,550,694.0,642.0,238.0,157.3,0.6,2.57,3.17,59.0,1966.0,0.0,2.0,6.0,37.0,1.0,0.0,0.0,4.0,1.0,0.0,1.0,290.0,310.0,216.5,150.0,67.7,1.32,1.06,2.38,78.0,6.0,2.0,1148.0,2.0,0.0,21.0,1,Milos Kerkez,Defender,Liverpool
358,2025/26,85,2251,2,1,6,37,0,0,0,4,0,0,4,357,434.6,415.8,141.0,99.4,1.5,0.69,2.19,134.0,3336.0,2.0,6.0,9.0,45.0,0.0,0.0,0.0,4.0,0.0,0.0,10.0,550.0,694.0,642.0,238.0,157.3,0.6,2.57,3.17,42.0,2.0,2.0,628.0,5.0,0.0,6.0,2,Milos Kerkez,Defender,Liverpool
359,2015/16,23,437,0,1,3,5,0,0,0,3,0,0,3,98,0.0,0.0,0.0,0.0,0.0,0.0,0.0,,,,,,,,,,,,,,,,,,,,,,65.5,2.5,3.5,1042.0,7.0,0.0,13.0,0,Joe Gomez,Defender,Liverpool
359,2016/17,0,0,0,0,0,0,0,0,0,0,0,0,0,0,0.0,0.0,0.0,0.0,0.0,0.0,0.0,23.0,437.0,0.0,1.0,3.0,5.0,0.0,0.0,0.0,3.0,0.0,0.0,3.0,98.0,0.0,0.0,0.0,0.0,0.0,0.0,0.0,89.0,3.0,5.0,1641.5,9.0,0.0,23.0,1,Joe Gomez,Defender,Liverpool
359,2017/18,86,1901,0,2,9,22,0,0,0,3,0,0,9,480,437.4,285.6,46.0,76.9,0.0,0.0,0.0,0.0,0.0,0.0,0.0,0.0,0.0,0.0,0.0,0.0,0.0,0.0,0.0,0.0,0.0,0.0,0.0,0.0,0.0,0.0,0.0,0.0,94.0,3.0,6.5,1894.0,6.5,0.0,29.0,2,Joe Gomez,Defender,Liverpool
359,2018/19,55,1059,0,0,7,4,0,0,0,2,0,0,2,268,209.8,92.1,44.0,34.7,0.0,0.0,0.0,86.0,1901.0,0.0,2.0,9.0,22.0,0.0,0.0,0.0,3.0,0.0,0.0,9.0,480.0,437.4,285.6,46.0,76.9,0.0,0.0,0.0,75.5,2.0,4.0,1776.0,4.0,0.0,31.0,3,Joe Gomez,Defender,Liverpool
359,2019/20,93,1999,0,0,12,16,0,0,0,7,0,0,7,461,390.6,105.7,12.0,50.9,0.0,0.0,0.0,55.0,1059.0,0.0,0.0,7.0,4.0,0.0,0.0,0.0,2.0,0.0,0.0,2.0,268.0,209.8,92.1,44.0,34.7,0.0,0.0,0.0,58.5,1.0,1.5,1560.5,4.5,0.0,25.5,4,Joe Gomez,Defender,Liverpool
359,2020/21,10,589,0,0,0,14,0,0,0,0,0,0,0,94,106.8,18.1,0.0,12.5,0.0,0.0,0.0,93.0,1999.0,0.0,0.0,12.0,16.0,0.0,0.0,0.0,7.0,0.0,0.0,7.0,461.0,390.6,105.7,12.0,50.9,0.0,0.0,0.0,71.5,1.5,2.5,1779.5,5.5,0.0,29.5,5,Joe Gomez,Defender,Liverpool
359,2021/22,22,330,0,1,2,3,0,0,0,2,0,0,2,92,76.6,64.0,13.0,15.4,0.0,0.0,0.0,10.0,589.0,0.0,0.0,0.0,14.0,0.0,0.0,0.0,0.0,0.0,0.0,0.0,94.0,106.8,18.1,0.0,12.5,0.0,0.0,0.0,102.0,2.0,5.0,2704.0,7.5,0.0,47.0,6,Joe Gomez,Defender,Liverpool
359,2022/23,68,1461,0,0,8,16,0,0,0,3,0,0,8,337,312.4,46.1,38.0,39.7,0.2,0.67,0.87,22.0,330.0,0.0,1.0,2.0,3.0,0.0,0.0,0.0,2.0,0.0,0.0,2.0,92.0,76.6,64.0,13.0,15.4,0.0,0.0,0.0,114.0,3.5,5.0,2855.0,8.0,0.0,48.5,7,Joe Gomez,Defender,Liverpool
359,2023/24,76,1772,0,2,7,19,0,0,0,5,0,0,2,390,316.0,338.3,119.0,77.7,1.02,1.07,2.09,68.0,1461.0,0.0,0.0,8.0,16.0,0.0,0.0,0.0,3.0,0.0,0.0,8.0,337.0,312.4,46.1,38.0,39.7,0.2,0.67,0.87,129.0,7.0,4.0,2656.0,6.5,0.0,43.0,8,Joe Gomez,Defender,Liverpool
359,2024/25,14,517,0,0,1,8,0,0,0,1,0,0,0,83,130.4,38.5,58.0,22.8,0.33,0.09,0.42,76.0,1772.0,0.0,2.0,7.0,19.0,0.0,0.0,0.0,5.0,0.0,0.0,2.0,390.0,316.0,338.3,119.0,77.7,1.02,1.07,2.09,156.0,9.0,6.0,2981.0,6.0,0.0,45.0,9,Joe Gomez,Defender,Liverpool
359,2025/26,33,594,0,2,2,14,0,0,0,4,0,0,2,94,122.8,77.8,31.0,23.2,0.28,0.64,0.92,14.0,517.0,0.0,0.0,1.0,8.0,0.0,0.0,0.0,1.0,0.0,0.0,0.0,83.0,130.4,38.5,58.0,22.8,0.33,0.09,0.42,0.0,0.0,0.0,0.0,0.0,0.0,0.0,10,Joe Gomez,Defender,Liverpool
360,2021/22,0,0,0,0,0,0,0,0,0,0,0,0,0,0,0.0,0.0,0.0,0.0,0.0,0.0,0.0,,,,,,,,,,,,,,,,,,,,,,71.5,5.0,2.0,1035.0,4.0,0.0,16.5,0,Conor Bradley,Defender,Liverpool
360,2023/24,50,752,1,3,3,7,1,0,0,2,0,0,7,211,230.4,215.8,160.0,60.6,0.91,1.24,2.15,0.0,0.0,0.0,0.0,0.0,0.0,0.0,0.0,0.0,0.0,0.0,0.0,0.0,0.0,0.0,0.0,0.0,0.0,0.0,0.0,0.0,21.5,0.0,2.0,252.0,1.5,0.0,4.0,1,Conor Bradley,Defender,Liverpool
360,2024/25,41,744,0,2,3,10,0,0,0,4,0,0,3,160,156.2,110.5,162.0,42.8,0.7,1.43,2.13,50.0,752.0,1.0,3.0,3.0,7.0,1.0,0.0,0.0,2.0,0.0,0.0,7.0,211.0,230.4,215.8,160.0,60.6,0.91,1.24,2.15,69.5,3.0,2.5,1189.5,5.0,0.0,15.5,2,Conor Bradley,Defender,Liverpool
360,2025/26,42,928,0,2,4,13,0,0,0,5,0,0,2,157,157.4,105.2,62.0,32.3,0.18,0.84,1.02,41.0,744.0,0.0,2.0,3.0,10.0,0.0,0.0,0.0,4.0,0.0,0.0,3.0,160.0,156.2,110.5,162.0,42.8,0.7,1.43,2.13,114.0,6.0,3.0,2036.0,7.0,0.0,28.0,3,Conor Bradley,Defender,Liverpool
361,2025/26,0,0,0,0,0,0,0,0,0,0,0,0,0,0,0.0,0.0,0.0,0.0,0.0,0.0,0.0,,,,,,,,,,,,,,,,,,,,,,,,,,,,,0,Wellity Lucky,Defender,Liverpool
363,2025/26,0,0,0,0,0,0,0,0,0,0,0,0,0,0,0.0,0.0,0.0,0.0,0.0,0.0,0.0,,,,,,,,,,,,,,,,,,,,,,30.0,1.0,2.0,294.0,1.0,0.0,5.0,0,Giovanni Leoni,Defender,Liverpool
364,2020/21,2,6,0,0,0,0,0,0,0,0,0,0,0,5,0.0,0.1,0.0,0.0,0.0,0.0,0.0,,,,,,,,,,,,,,,,,,,,,,16.5,0.5,1.0,154.0,0.5,0.0,3.0,0,Kostas Tsimikas,Defender,Liverpool
364,2021/22,42,874,0,2,4,6,0,0,0,3,0,0,2,202,214.4,401.1,141.0,75.8,0.0,0.0,0.0,2.0,6.0,0.0,0.0,0.0,0.0,0.0,0.0,0.0,0.0,0.0,0.0,0.0,5.0,0.0,0.1,0.0,0.0,0.0,0.0,0.0,3.0,0.0,0.0,14.0,0.0,0.0,1.0,1,Kostas Tsimikas,Defender,Liverpool
364,2022/23,48,762,0,4,4,11,0,0,0,3,0,0,2,216,183.2,298.3,124.0,60.7,0.68,1.3,1.98,42.0,874.0,0.0,2.0,4.0,6.0,0.0,0.0,0.0,3.0,0.0,0.0,2.0,202.0,214.4,401.1,141.0,75.8,0.0,0.0,0.0,40.0,1.0,1.0,943.0,4.0,0.0,11.0,2,Kostas Tsimikas,Defender,Liverpool
364,2023/24,48,675,0,3,4,7,0,0,0,0,0,0,4,201,158.8,267.5,35.0,46.2,0.09,1.26,1.35,48.0,762.0,0.0,4.0,4.0,11.0,0.0,0.0,0.0,3.0,0.0,0.0,2.0,216.0,183.2,298.3,124.0,60.7,0.68,1.3,1.98,35.5,1.0,1.0,1031.0,2.0,0.0,17.0,3,Kostas Tsimikas,Defender,Liverpool
364,2024/25,43,829,0,1,4,8,0,0,0,2,0,0,3,217,202.0,260.7,60.0,52.5,0.39,2.32,2.71,48.0,675.0,0.0,3.0,4.0,7.0,0.0,0.0,0.0,0.0,0.0,0.0,4.0,201.0,158.8,267.5,35.0,46.2,0.09,1.26,1.35,52.5,1.0,1.5,2060.5,1.0,0.0,46.5,4,Kostas Tsimikas,Defender,Liverpool
364,2025/26,0,0,0,0,0,0,0,0,0,0,0,0,0,0,0.0,0.0,0.0,0.0,0.0,0.0,0.0,43.0,829.0,0.0,1.0,4.0,8.0,0.0,0.0,0.0,2.0,0.0,0.0,3.0,217.0,202.0,260.7,60.0,52.5,0.39,2.32,2.71,63.5,0.5,1.0,2611.5,3.0,0.0,52.5,5,Kostas Tsimikas,Defender,Liverpool
365,2022/23,0,0,0,0,0,0,0,0,0,0,0,0,0,0,0.0,0.0,0.0,0.0,0.0,0.0,0.0,,,,,,,,,,,,,,,,,,,,,,53.0,0.0,0.0,2221.0,4.0,0.0,35.0,0,Calvin Ramsay,Defender,Liverpool
365,2025/26,0,0,0,0,0,0,0,0,0,0,0,0,0,0,0.0,0.0,0.0,0.0,0.0,0.0,0.0,0.0,0.0,0.0,0.0,0.0,0.0,0.0,0.0,0.0,0.0,0.0,0.0,0.0,0.0,0.0,0.0,0.0,0.0,0.0,0.0,0.0,31.0,1.0,0.0,898.0,0.0,0.0,15.0,1,Calvin Ramsay,Defender,Liverpool
366,2025/26,125,2374,5,4,10,32,0,0,0,1,0,0,17,521,526.4,908.2,665.0,210.0,6.83,5.14,11.96,,,,,,,,,,,,,,,,,,,,,,51.0,1.0,0.5,1543.0,2.5,0.0,33.0,0,Florian Wirtz,Midfielder,Liverpool
367,2022/23,90,1455,7,3,6,19,0,0,0,0,0,0,4,256,375.6,292.4,460.0,112.3,6.43,1.87,8.3,,,,,,,,,,,,,,,,,,,,,,49.0,1.0,1.0,1473.0,3.0,0.0,33.0,0,Cody Gakpo,Midfielder,Liverpool
367,2023/24,106,1633,8,5,5,20,0,0,0,1,0,0,12,409,521.4,348.2,708.0,157.1,9.07,2.71,11.78,90.0,1455.0,7.0,3.0,6.0,19.0,0.0,0.0,0.0,0.0,0.0,0.0,4.0,256.0,375.6,292.4,460.0,112.3,6.43,1.87,8.3,40.0,1.5,1.0,863.0,1.0,0.0,14.0,1,Cody Gakpo,Midfielder,Liverpool
367,2024/25,127,1921,10,5,5,25,0,0,0,5,0,0,22,572,597.0,517.7,686.0,180.3,7.12,3.76,10.87,106.0,1633.0,8.0,5.0,5.0,20.0,0.0,0.0,0.0,1.0,0.0,0.0,12.0,409.0,521.4,348.2,708.0,157.1,9.07,2.71,11.78,61.5,1.5,3.5,1220.0,2.5,0.0,20.0,2,Cody Gakpo,Midfielder,Liverpool
367,2025/26,131,2736,7,5,10,39,0,0,0,3,0,0,5,449,540.4,714.7,831.0,208.4,8.35,4.67,13.02,127.0,1921.0,10.0,5.0,5.0,25.0,0.0,0.0,0.0,5.0,0.0,0.0,22.0,572.0,597.0,517.7,686.0,180.3,7.12,3.76,10.87,51.5,1.5,3.0,1041.0,2.5,0.0,19.5,3,Cody Gakpo,Midfielder,Liverpool
368,2023/24,99,2102,3,4,8,23,0,0,0,1,0,0,7,437,423.4,830.0,377.0,162.8,3.64,5.13,8.77,,,,,,,,,,,,,,,,,,,,,,33.0,2.0,0.0,610.0,1.0,0.0,12.0,0,Dominik Szoboszlai,Midfielder,Liverpool
368,2024/25,143,2485,6,10,12,29,0,0,0,6,0,0,14,605,589.8,794.8,601.0,198.1,6.94,6.06,13.0,99.0,2102.0,3.0,4.0,8.0,23.0,0.0,0.0,0.0,1.0,0.0,0.0,7.0,437.0,423.4,830.0,377.0,162.8,3.64,5.13,8.77,15.0,0.0,0.0,406.0,0.0,0.0,10.0,1,Dominik Szoboszlai,Midfielder,Liverpool
368,2025/26,160,3232,6,7,9,52,0,0,1,8,1,0,21,780,867.8,1324.6,417.0,260.9,4.76,6.83,11.59,143.0,2485.0,6.0,10.0,12.0,29.0,0.0,0.0,0.0,6.0,0.0,0.0,14.0,605.0,589.8,794.8,601.0,198.1,6.94,6.06,13.0,29.0,0.5,0.0,759.5,2.5,0.0,15.0,2,Dominik Szoboszlai,Midfielder,Liverpool
369,2025/26,43,547,2,1,2,12,0,0,0,0,0,0,4,188,176.0,222.8,203.0,60.1,1.34,2.01,3.35,,,,,,,,,,,,,,,,,,,,,,49.5,0.5,1.0,1730.5,4.5,0.0,28.5,0,Rio Ngumoha,Midfielder,Liverpool
370,2024/25,7,103,0,0,0,3,0,0,0,0,0,0,0,16,9.0,23.5,36.0,6.7,0.34,0.15,0.49,,,,,,,,,,,,,,,,,,,,,,17.5,1.0,0.5,402.5,0.5,0.0,7.5,0,Federico Chiesa,Midfielder,Liverpool
370,2025/26,37,317,2,1,0,9,0,0,0,3,0,0,0,135,122.0,47.5,182.0,34.9,1.45,0.61,2.06,7.0,103.0,0.0,0.0,0.0,3.0,0.0,0.0,0.0,0.0,0.0,0.0,0.0,16.0,9.0,23.5,36.0,6.7,0.34,0.15,0.49,28.5,2.0,1.0,287.0,0.5,0.0,5.0,1,Federico Chiesa,Midfielder,Liverpool
371,2023/24,45,1110,1,0,3,17,0,0,0,0,0,0,3,176,187.0,229.4,198.0,61.5,2.08,1.35,3.43,,,,,,,,,,,,,,,,,,,,,,57.0,4.0,2.0,574.0,1.0,0.0,10.0,0,Ryan Gravenberch,Midfielder,Liverpool
371,2024/25,92,3160,0,4,14,35,0,0,0,5,1,0,1,568,550.6,473.9,121.0,114.7,1.13,3.5,4.63,45.0,1110.0,1.0,0.0,3.0,17.0,0.0,0.0,0.0,0.0,0.0,0.0,3.0,176.0,187.0,229.4,198.0,61.5,2.08,1.35,3.43,4.0,0.0,0.0,12.0,0.0,0.0,0.0,1,Ryan Gravenberch,Midfielder,Liverpool
371,2025/26,144,2991,5,5,9,42,0,0,0,5,0,0,17,671,687.0,497.2,220.0,140.1,1.89,2.26,4.15,92.0,3160.0,0.0,4.0,14.0,35.0,0.0,0.0,0.0,5.0,1.0,0.0,1.0,568.0,550.6,473.9,121.0,114.7,1.13,3.5,4.63,10.5,0.0,0.0,236.0,1.5,0.0,1.5,2,Ryan Gravenberch,Midfielder,Liverpool
372,2019/20,12,348,0,0,0,6,0,0,0,0,0,0,0,35,28.4,73.8,66.0,16.9,0.0,0.0,0.0,,,,,,,,,,,,,,,,,,,,,,9.0,0.0,0.0,235.5,1.5,0.0,1.5,0,Alexis Mac Allister,Midfielder,Liverpool
372,2020/21,48,1108,1,1,5,14,0,0,0,1,0,0,3,148,170.6,210.6,235.0,61.5,0.0,0.0,0.0,12.0,348.0,0.0,0.0,0.0,6.0,0.0,0.0,0.0,0.0,0.0,0.0,0.0,35.0,28.4,73.8,66.0,16.9,0.0,0.0,0.0,2.0,0.0,0.0,37.5,0.0,0.0,0.5,1,Alexis Mac Allister,Midfielder,Liverpool
372,2021/22,93,2112,5,2,6,29,0,0,1,4,0,0,8,398,509.6,490.7,550.0,154.9,0.0,0.0,0.0,48.0,1108.0,1.0,1.0,5.0,14.0,0.0,0.0,0.0,1.0,0.0,0.0,3.0,148.0,170.6,210.6,235.0,61.5,0.0,0.0,0.0,36.0,0.0,1.5,1153.5,4.5,0.0,18.0,2,Alexis Mac Allister,Midfielder,Liverpool
372,2022/23,140,2882,10,2,10,45,1,0,0,8,0,0,18,567,750.8,746.4,714.0,221.3,12.05,4.27,16.32,93.0,2112.0,5.0,2.0,6.0,29.0,0.0,0.0,1.0,4.0,0.0,0.0,8.0,398.0,509.6,490.7,550.0,154.9,0.0,0.0,0.0,88.0,1.5,3.5,2555.5,9.0,0.0,39.5,3,Alexis Mac Allister,Midfielder,Liverpool
372,2023/24,109,2600,5,5,6,34,0,0,0,7,1,0,12,512,712.4,726.7,224.0,166.2,3.59,4.89,8.48,140.0,2882.0,10.0,2.0,10.0,45.0,1.0,0.0,0.0,8.0,0.0,0.0,18.0,567.0,750.8,746.4,714.0,221.3,12.05,4.27,16.32,77.0,1.5,3.0,2092.5,7.5,0.0,33.5,4,Alexis Mac Allister,Midfielder,Liverpool
372,2024/25,122,2597,5,6,14,24,0,0,0,6,0,0,8,578,653.4,731.3,357.0,174.1,2.89,5.57,8.46,109.0,2600.0,5.0,5.0,6.0,34.0,0.0,0.0,0.0,7.0,1.0,0.0,12.0,512.0,712.4,726.7,224.0,166.2,3.59,4.89,8.48,28.5,0.0,1.0,708.5,3.0,0.0,13.0,5,Alexis Mac Allister,Midfielder,Liverpool
372,2025/26,108,2654,2,5,7,41,0,0,0,7,0,0,9,490,475.4,562.2,365.0,139.9,3.89,1.69,5.58,122.0,2597.0,5.0,6.0,14.0,24.0,0.0,0.0,0.0,6.0,0.0,0.0,8.0,578.0,653.4,731.3,357.0,174.1,2.89,5.57,8.46,10.0,0.0,0.0,100.0,0.0,0.0,3.0,6,Alexis Mac Allister,Midfielder,Liverpool
373,2017/18,0,0,0,0,0,0,0,0,0,0,0,0,0,0,0.0,0.0,0.0,0.0,0.0,0.0,0.0,,,,,,,,,,,,,,,,,,,,,,0.0,0.0,0.0,0.0,0.0,0.0,0.0,0,Curtis Jones,Midfielder,Liverpool
373,2018/19,0,0,0,0,0,0,0,0,0,0,0,0,0,0,0.0,0.0,0.0,0.0,0.0,0.0,0.0,0.0,0.0,0.0,0.0,0.0,0.0,0.0,0.0,0.0,0.0,0.0,0.0,0.0,0.0,0.0,0.0,0.0,0.0,0.0,0.0,0.0,48.5,4.5,1.0,794.5,3.0,0.0,13.5,1,Curtis Jones,Midfielder,Liverpool
373,2019/20,13,121,1,0,1,1,0,0,0,0,0,0,0,46,49.4,15.6,65.0,12.9,0.0,0.0,0.0,0.0,0.0,0.0,0.0,0.0,0.0,0.0,0.0,0.0,0.0,0.0,0.0,0.0,0.0,0.0,0.0,0.0,0.0,0.0,0.0,0.0,91.5,8.5,1.5,1266.0,4.0,0.0,22.0,2,Curtis Jones,Midfielder,Liverpool
373,2020/21,50,1169,1,2,5,14,0,0,0,2,0,0,0,226,224.6,233.4,289.0,74.8,0.0,0.0,0.0,13.0,121.0,1.0,0.0,1.0,1.0,0.0,0.0,0.0,0.0,0.0,0.0,0.0,46.0,49.4,15.6,65.0,12.9,0.0,0.0,0.0,86.0,8.0,1.0,943.0,2.0,0.0,17.0,3,Curtis Jones,Midfielder,Liverpool
373,2021/22,40,849,1,1,4,9,0,0,0,0,0,0,3,177,156.4,179.7,171.0,50.8,0.0,0.0,0.0,50.0,1169.0,1.0,2.0,5.0,14.0,0.0,0.0,0.0,2.0,0.0,0.0,0.0,226.0,224.6,233.4,289.0,74.8,0.0,0.0,0.0,,,,,,,,4,Curtis Jones,Midfielder,Liverpool
373,2022/23,52,1029,3,1,4,15,0,0,0,2,0,0,4,206,272.8,238.1,240.0,75.0,1.15,1.36,2.51,40.0,849.0,1.0,1.0,4.0,9.0,0.0,0.0,0.0,0.0,0.0,0.0,3.0,177.0,156.4,179.7,171.0,50.8,0.0,0.0,0.0,5.0,0.0,0.0,225.0,0.0,12.0,7.0,5,Curtis Jones,Midfielder,Liverpool
373,2023/24,40,1156,1,1,2,19,0,0,0,3,1,0,2,171,174.0,203.2,195.0,57.0,2.74,1.04,3.78,52.0,1029.0,3.0,1.0,4.0,15.0,0.0,0.0,0.0,2.0,0.0,0.0,4.0,206.0,272.8,238.1,240.0,75.0,1.15,1.36,2.51,10.0,0.0,0.0,247.5,1.0,11.5,4.5,6,Curtis Jones,Midfielder,Liverpool
373,2024/25,87,1702,3,5,6,27,0,0,0,1,1,0,4,396,397.2,343.7,400.0,113.6,4.34,1.46,5.8,40.0,1156.0,1.0,1.0,2.0,19.0,0.0,0.0,0.0,3.0,1.0,0.0,2.0,171.0,174.0,203.2,195.0,57.0,2.74,1.04,3.78,73.5,0.0,0.5,1530.0,6.0,56.5,19.5,7,Curtis Jones,Midfielder,Liverpool
373,2025/26,81,1923,1,3,3,37,0,0,0,2,0,0,6,447,407.4,412.1,227.0,104.6,2.21,2.77,4.98,87.0,1702.0,3.0,5.0,6.0,27.0,0.0,0.0,0.0,1.0,1.0,0.0,4.0,396.0,397.2,343.7,400.0,113.6,4.34,1.46,5.8,76.0,0.0,0.5,1620.0,6.0,59.5,22.5,8,Curtis Jones,Midfielder,Liverpool
374,2023/24,47,1714,1,0,6,16,0,0,0,10,0,0,0,250,281.6,269.5,53.0,60.1,0.51,1.53,2.04,,,,,,,,,,,,,,,,,,,,,,72.5,0.0,0.0,1800.0,4.0,81.0,34.5,0,Endo Wataru,Midfielder,Liverpool
374,2024/25,21,259,0,0,0,5,0,0,0,0,0,0,0,82,57.6,38.2,6.0,10.0,0.0,0.09,0.09,47.0,1714.0,1.0,0.0,6.0,16.0,0.0,0.0,0.0,10.0,0.0,0.0,0.0,250.0,281.6,269.5,53.0,60.1,0.51,1.53,2.04,63.5,0.0,0.0,1620.0,3.0,74.0,31.5,1,Endo Wataru,Midfielder,Liverpool
374,2025/26,12,170,0,1,1,5,0,0,0,1,0,0,0,49,56.0,18.1,6.0,8.0,0.04,0.05,0.09,21.0,259.0,0.0,0.0,0.0,5.0,0.0,0.0,0.0,0.0,0.0,0.0,0.0,82.0,57.6,38.2,6.0,10.0,0.0,0.09,0.09,16.0,0.0,0.0,427.5,0.5,10.0,7.5,2,Endo Wataru,Midfielder,Liverpool
375,2023/24,0,0,0,0,0,0,0,0,0,0,0,0,0,0,0.0,0.0,0.0,0.0,0.0,0.0,0.0,,,,,,,,,,,,,,,,,,,,,,30.0,0.0,0.0,765.0,1.0,17.0,13.0,0,Trey Nyoni,Midfielder,Liverpool
375,2024/25,0,0,0,0,0,0,0,0,0,0,0,0,0,0,0.0,0.0,0.0,0.0,0.0,0.0,0.0,0.0,0.0,0.0,0.0,0.0,0.0,0.0,0.0,0.0,0.0,0.0,0.0,0.0,0.0,0.0,0.0,0.0,0.0,0.0,0.0,0.0,0.0,0.0,0.0,0.0,0.0,0.0,0.0,1,Trey Nyoni,Midfielder,Liverpool
375,2025/26,6,21,0,0,0,1,0,0,0,0,0,0,0,11,4.2,13.4,4.0,2.1,0.37,0.02,0.39,0.0,0.0,0.0,0.0,0.0,0.0,0.0,0.0,0.0,0.0,0.0,0.0,0.0,0.0,0.0,0.0,0.0,0.0,0.0,0.0,0.0,66.5,1.0,0.5,1593.5,6.5,0.0,16.5,2,Trey Nyoni,Midfielder,Liverpool
376,2022/23,22,522,1,0,3,4,0,0,0,2,0,0,0,85,90.2,61.7,77.0,22.8,0.79,0.47,1.26,,,,,,,,,,,,,,,,,,,,,,95.0,1.0,1.0,2907.5,8.5,0.0,40.5,0,Stefan Bajčetić Maquieira,Midfielder,Liverpool
376,2023/24,1,25,0,0,0,2,0,0,0,0,0,0,0,3,7.8,0.3,0.0,0.8,0.0,0.0,0.0,22.0,522.0,1.0,0.0,3.0,4.0,0.0,0.0,0.0,2.0,0.0,0.0,0.0,85.0,90.2,61.7,77.0,22.8,0.79,0.47,1.26,57.0,0.0,1.0,2628.0,4.0,0.0,48.0,1,Stefan Bajčetić Maquieira,Midfielder,Liverpool
376,2024/25,0,0,0,0,0,0,0,0,0,0,0,0,0,0,0.0,0.0,0.0,0.0,0.0,0.0,0.0,1.0,25.0,0.0,0.0,0.0,2.0,0.0,0.0,0.0,0.0,0.0,0.0,0.0,3.0,7.8,0.3,0.0,0.8,0.0,0.0,0.0,0.0,0.0,0.0,0.0,0.0,0.0,0.0,2,Stefan Bajčetić Maquieira,Midfielder,Liverpool
376,2025/26,0,0,0,0,0,0,0,0,0,0,0,0,0,0,0.0,0.0,0.0,0.0,0.0,0.0,0.0,0.0,0.0,0.0,0.0,0.0,0.0,0.0,0.0,0.0,0.0,0.0,0.0,0.0,0.0,0.0,0.0,0.0,0.0,0.0,0.0,0.0,0.0,0.0,0.0,0.0,0.0,0.0,0.0,3,Stefan Bajčetić Maquieira,Midfielder,Liverpool
378,2023/24,3,3,0,0,0,0,0,0,0,0,0,0,0,8,1.0,0.4,0.0,0.1,0.0,0.0,0.0,,,,,,,,,,,,,,,,,,,,,,0.0,0.0,0.0,0.0,0.0,0.0,0.0,0,James McConnell,Midfielder,Liverpool
378,2024/25,0,0,0,0,0,0,0,0,0,0,0,0,0,0,0.0,0.0,0.0,0.0,0.0,0.0,0.0,3.0,3.0,0.0,0.0,0.0,0.0,0.0,0.0,0.0,0.0,0.0,0.0,0.0,8.0,1.0,0.4,0.0,0.1,0.0,0.0,0.0,0.0,0.0,0.0,63.0,0.0,0.0,3.0,1,James McConnell,Midfielder,Liverpool
378,2025/26,0,0,0,0,0,0,0,0,0,0,0,0,0,0,0.0,0.0,0.0,0.0,0.0,0.0,0.0,0.0,0.0,0.0,0.0,0.0,0.0,0.0,0.0,0.0,0.0,0.0,0.0,0.0,0.0,0.0,0.0,0.0,0.0,0.0,0.0,0.0,0.0,0.0,0.0,126.0,0.0,0.0,6.0,2,James McConnell,Midfielder,Liverpool
379,2022/23,100,1520,10,2,4,20,0,0,0,3,0,0,18,353,483.4,246.1,724.0,145.2,8.11,1.37,9.48,,,,,,,,,,,,,,,,,,,,,,0.0,0.0,0.0,0.0,0.0,0.0,0.0,0,Alexander Isak,Forward,Liverpool
379,2023/24,172,2253,21,4,7,41,0,0,1,1,0,0,23,645,877.4,362.5,1054.0,229.3,20.22,2.68,22.9,100.0,1520.0,10.0,2.0,4.0,20.0,0.0,0.0,0.0,3.0,0.0,0.0,18.0,353.0,483.4,246.1,724.0,145.2,8.11,1.37,9.48,0.0,0.0,0.0,0.0,0.0,0.0,0.0,1,Alexander Isak,Forward,Liverpool
379,2024/25,211,2758,23,6,12,41,0,0,0,1,0,0,36,848,1043.0,573.1,1320.0,292.7,20.33,3.59,23.92,172.0,2253.0,21.0,4.0,7.0,41.0,0.0,0.0,1.0,1.0,0.0,0.0,23.0,645.0,877.4,362.5,1054.0,229.3,20.22,2.68,22.9,0.0,0.0,0.0,0.0,0.0,0.0,0.0,2,Alexander Isak,Forward,Liverpool
379,2025/26,41,694,3,1,1,9,0,0,0,0,0,0,4,140,146.4,39.2,191.0,36.9,2.59,0.08,2.67,211.0,2758.0,23.0,6.0,12.0,41.0,0.0,0.0,0.0,1.0,0.0,0.0,36.0,848.0,1043.0,573.1,1320.0,292.7,20.33,3.59,23.92,0.0,0.0,0.0,0.0,0.0,0.0,0.0,3,Alexander Isak,Forward,Liverpool
380,2025/26,125,1797,11,4,7,25,0,0,0,0,0,0,22,433,525.8,307.2,739.0,156.2,10.1,2.45,12.55,,,,,,,,,,,,,,,,,,,,,,9.0,0.0,0.0,315.0,0.0,0.0,6.0,0,Hugo Ekitiké,Forward,Liverpool
381,2023/24,0,0,0,0,0,0,0,0,0,0,0,0,0,0,0.0,0.0,0.0,0.0,0.0,0.0,0.0,,,,,,,,,,,,,,,,,,,,,,4.0,0.0,0.0,72.0,1.0,0.0,0.0,0,Lewis Koumas,Midfielder,Liverpool
382,2023/24,1,7,0,0,0,0,0,0,0,1,0,0,0,1,0.0,3.7,0.0,0.2,0.0,0.01,0.01,,,,,,,,,,,,,,,,,,,,,,2.0,0.0,0.0,36.0,0.5,0.0,0.0,0,Jayden Danns,Forward,Liverpool
382,2024/25,1,10,0,0,0,1,0,0,0,0,0,0,0,2,0.0,0.3,0.0,0.0,0.0,0.01,0.01,1.0,7.0,0.0,0.0,0.0,0.0,0.0,0.0,0.0,1.0,0.0,0.0,0.0,1.0,0.0,3.7,0.0,0.2,0.0,0.01,0.01,0.0,0.0,0.0,0.0,0.0,0.0,0.0,1,Jayden Danns,Forward,Liverpool
382,2025/26,0,0,0,0,0,0,0,0,0,0,0,0,0,0,0.0,0.0,0.0,0.0,0.0,0.0,0.0,1.0,10.0,0.0,0.0,0.0,1.0,0.0,0.0,0.0,0.0,0.0,0.0,0.0,2.0,0.0,0.3,0.0,0.0,0.0,0.01,0.01,,,,,,,,2,Jayden Danns,Forward,Liverpool
383,2018/19,2,18,0,0,0,1,0,0,0,0,0,0,0,7,3.8,1.7,17.0,2.2,0.0,0.0,0.0,,,,,,,,,,,,,,,,,,,,,,5.0,0.0,0.0,82.0,0.0,0.0,5.0,0,Harvey Elliott,Midfielder,Liverpool
383,2019/20,2,7,0,0,0,0,0,0,0,0,0,0,0,6,1.8,1.7,0.0,0.4,0.0,0.0,0.0,2.0,18.0,0.0,0.0,0.0,1.0,0.0,0.0,0.0,0.0,0.0,0.0,0.0,7.0,3.8,1.7,17.0,2.2,0.0,0.0,0.0,10.5,0.0,0.5,174.5,0.0,0.0,5.0,1,Harvey Elliott,Midfielder,Liverpool
383,2020/21,0,0,0,0,0,0,0,0,0,0,0,0,0,0,0.0,0.0,0.0,0.0,0.0,0.0,0.0,2.0,7.0,0.0,0.0,0.0,0.0,0.0,0.0,0.0,0.0,0.0,0.0,0.0,6.0,1.8,1.7,0.0,0.4,0.0,0.0,0.0,51.0,3.0,1.0,1186.0,4.5,0.0,15.0,2,Harvey Elliott,Midfielder,Liverpool
383,2021/22,12,344,0,0,2,2,0,0,0,0,0,0,0,52,43.2,133.5,102.0,27.9,0.0,0.0,0.0,0.0,0.0,0.0,0.0,0.0,0.0,0.0,0.0,0.0,0.0,0.0,0.0,0.0,0.0,0.0,0.0,0.0,0.0,0.0,0.0,0.0,65.0,3.5,1.5,1710.5,4.5,0.0,26.0,3,Harvey Elliott,Midfielder,Liverpool
383,2022/23,62,1600,1,2,5,20,0,0,0,2,0,0,2,286,269.0,406.1,378.0,105.5,2.12,4.31,6.43,12.0,344.0,0.0,0.0,2.0,2.0,0.0,0.0,0.0,0.0,0.0,0.0,0.0,52.0,43.2,133.5,102.0,27.9,0.0,0.0,0.0,44.0,1.0,2.0,1316.0,0.0,0.0,27.0,4,Harvey Elliott,Midfielder,Liverpool
383,2023/24,96,1330,3,9,4,13,0,0,0,2,0,0,8,402,417.2,570.0,391.0,137.5,2.72,4.68,7.4,62.0,1600.0,1.0,2.0,5.0,20.0,0.0,0.0,0.0,2.0,0.0,0.0,2.0,286.0,269.0,406.1,378.0,105.5,2.12,4.31,6.43,1.0,0.0,0.0,7.0,0.0,0.0,0.0,5,Harvey Elliott,Midfielder,Liverpool
383,2024/25,33,359,1,2,0,6,0,0,0,1,0,0,3,120,118.6,145.8,143.0,40.4,1.78,0.64,2.42,96.0,1330.0,3.0,9.0,4.0,13.0,0.0,0.0,0.0,2.0,0.0,0.0,8.0,402.0,417.2,570.0,391.0,137.5,2.72,4.68,7.4,1.0,0.0,0.0,7.0,0.0,0.0,0.0,6,Harvey Elliott,Midfielder,Liverpool
383,2025/26,5,110,0,0,0,2,0,0,0,0,0,0,0,17,11.8,31.7,31.0,7.4,0.29,0.08,0.37,33.0,359.0,1.0,2.0,0.0,6.0,0.0,0.0,0.0,1.0,0.0,0.0,3.0,120.0,118.6,145.8,143.0,40.4,1.78,0.64,2.42,,,,,,,,7,Harvey Elliott,Midfielder,Liverpool
384,2025/26,135,3060,0,0,15,29,0,1,0,8,0,78,5,567,666.6,10.3,2.0,68.0,0.0,0.13,0.13,,,,,,,,,,,,,,,,,,,,,,0.0,0.0,0.0,0.0,0.0,0.0,0.0,0,Gianluigi Donnarumma,Goalkeeper,Man City
385,2020/21,0,0,0,0,0,0,0,0,0,0,0,0,0,0,0.0,0.0,0.0,0.0,0.0,0.0,0.0,,,,,,,,,,,,,,,,,,,,,,0.0,0.0,0.0,0.0,0.0,0.0,0.0,0,James Trafford,Goalkeeper,Leeds
385,2023/24,70,2520,0,0,2,62,0,0,0,2,0,106,5,533,903.6,3.3,0.0,90.7,0.0,0.04,0.04,0.0,0.0,0.0,0.0,0.0,0.0,0.0,0.0,0.0,0.0,0.0,0.0,0.0,0.0,0.0,0.0,0.0,0.0,0.0,0.0,0.0,0.0,0.0,0.0,0.0,0.0,0.0,0.0,1,James Trafford,Goalkeeper,Leeds
385,2025/26,13,360,0,0,1,6,0,0,0,0,0,14,0,67,118.0,0.0,0.0,11.9,0.0,0.0,0.0,70.0,2520.0,0.0,0.0,2.0,62.0,0.0,0.0,0.0,2.0,0.0,106.0,5.0,533.0,903.6,3.3,0.0,90.7,0.0,0.04,0.04,0.0,0.0,0.0,0.0,0.0,0.0,0.0,2,James Trafford,Goalkeeper,Leeds
386,2013/14,0,0,0,0,0,0,0,0,0,0,0,0,0,0,0.0,0.0,0.0,0.0,0.0,0.0,0.0,,,,,,,,,,,,,,,,,,,,,,0.0,0.0,0.0,0.0,0.0,0.0,0.0,0,Marcus Bettinelli,Goalkeeper,Man City
386,2018/19,15,630,0,0,0,20,0,1,0,1,0,20,0,114,195.0,0.0,0.0,19.4,0.0,0.0,0.0,0.0,0.0,0.0,0.0,0.0,0.0,0.0,0.0,0.0,0.0,0.0,0.0,0.0,0.0,0.0,0.0,0.0,0.0,0.0,0.0,0.0,0.0,0.0,0.0,0.0,0.0,0.0,0.0,1,Marcus Bettinelli,Goalkeeper,Man City
386,2020/21,0,0,0,0,0,0,0,0,0,0,0,0,0,0,0.0,0.0,0.0,0.0,0.0,0.0,0.0,15.0,630.0,0.0,0.0,0.0,20.0,0.0,1.0,0.0,1.0,0.0,20.0,0.0,114.0,195.0,0.0,0.0,19.4,0.0,0.0,0.0,0.0,0.0,0.0,0.0,0.0,0.0,0.0,2,Marcus Bettinelli,Goalkeeper,Man City
386,2021/22,0,0,0,0,0,0,0,0,0,0,0,0,0,0,0.0,0.0,0.0,0.0,0.0,0.0,0.0,0.0,0.0,0.0,0.0,0.0,0.0,0.0,0.0,0.0,0.0,0.0,0.0,0.0,0.0,0.0,0.0,0.0,0.0,0.0,0.0,0.0,0.0,0.0,0.0,0.0,0.0,0.0,0.0,3,Marcus Bettinelli,Goalkeeper,Man City
386,2022/23,0,0,0,0,0,0,0,0,0,0,0,0,0,0,0.0,0.0,0.0,0.0,0.0,0.0,0.0,0.0,0.0,0.0,0.0,0.0,0.0,0.0,0.0,0.0,0.0,0.0,0.0,0.0,0.0,0.0,0.0,0.0,0.0,0.0,0.0,0.0,7.5,0.0,0.0,180.0,0.5,7.0,2.5,4,Marcus Bettinelli,Goalkeeper,Man City
386,2023/24,-1,0,0,0,0,0,0,0,0,1,0,0,0,-3,0.0,0.0,0.0,0.0,0.0,0.0,0.0,0.0,0.0,0.0,0.0,0.0,0.0,0.0,0.0,0.0,0.0,0.0,0.0,0.0,0.0,0.0,0.0,0.0,0.0,0.0,0.0,0.0,7.5,0.0,0.0,180.0,0.5,7.0,2.5,5,Marcus Bettinelli,Goalkeeper,Man City
386,2024/25,0,0,0,0,0,0,0,0,0,0,0,0,0,0,0.0,0.0,0.0,0.0,0.0,0.0,0.0,-1.0,0.0,0.0,0.0,0.0,0.0,0.0,0.0,0.0,1.0,0.0,0.0,0.0,-3.0,0.0,0.0,0.0,0.0,0.0,0.0,0.0,0.0,0.0,0.0,0.0,0.0,0.0,0.0,6,Marcus Bettinelli,Goalkeeper,Man City
386,2025/26,0,0,0,0,0,0,0,0,0,0,0,0,0,0,0.0,0.0,0.0,0.0,0.0,0.0,0.0,0.0,0.0,0.0,0.0,0.0,0.0,0.0,0.0,0.0,0.0,0.0,0.0,0.0,0.0,0.0,0.0,0.0,0.0,0.0,0.0,0.0,,,,,,,,7,Marcus Bettinelli,Goalkeeper,Man City
387,2022/23,0,0,0,0,0,0,0,0,0,0,0,0,0,0,0.0,0.0,0.0,0.0,0.0,0.0,0.0,,,,,,,,,,,,,,,,,,,,,,41.0,0.0,0.0,2099.0,3.0,0.0,51.0,0,Nico O'Reilly,Defender,Man City
387,2024/25,31,525,2,0,3,3,0,0,0,0,0,0,4,118,133.4,76.2,112.0,32.2,1.28,0.68,1.96,0.0,0.0,0.0,0.0,0.0,0.0,0.0,0.0,0.0,0.0,0.0,0.0,0.0,0.0,0.0,0.0,0.0,0.0,0.0,0.0,0.0,55.0,1.5,2.0,2495.5,2.5,0.0,61.0,1,Nico O'Reilly,Defender,Man City
387,2025/26,160,2643,5,4,14,25,0,0,0,5,0,0,10,567,653.8,413.9,573.0,164.1,6.12,2.67,8.79,31.0,525.0,2.0,0.0,3.0,3.0,0.0,0.0,0.0,0.0,0.0,0.0,4.0,118.0,133.4,76.2,112.0,32.2,1.28,0.68,1.96,69.0,3.0,4.0,2892.0,2.0,0.0,71.0,2,Nico O'Reilly,Defender,Man City
388,2018/19,0,0,0,0,0,0,0,0,0,0,0,0,0,0,0.0,0.0,0.0,0.0,0.0,0.0,0.0,,,,,,,,,,,,,,,,,,,,,,2.0,0.0,0.0,31.0,0.0,0.0,0.0,0,Marc Guéhi,Defender,Man City
388,2019/20,0,0,0,0,0,0,0,0,0,0,0,0,0,0,0.0,0.0,0.0,0.0,0.0,0.0,0.0,0.0,0.0,0.0,0.0,0.0,0.0,0.0,0.0,0.0,0.0,0.0,0.0,0.0,0.0,0.0,0.0,0.0,0.0,0.0,0.0,0.0,2.0,0.0,0.0,31.0,0.0,0.0,0.0,1,Marc Guéhi,Defender,Man City
388,2021/22,123,3222,2,1,11,43,0,0,0,4,0,0,8,676,720.6,98.5,290.0,111.1,0.0,0.0,0.0,0.0,0.0,0.0,0.0,0.0,0.0,0.0,0.0,0.0,0.0,0.0,0.0,0.0,0.0,0.0,0.0,0.0,0.0,0.0,0.0,0.0,,,,,,,,2,Marc Guéhi,Defender,Man City
388,2022/23,95,3330,1,0,9,46,1,0,0,8,0,0,2,623,705.0,145.5,213.0,106.7,1.46,0.82,2.28,123.0,3222.0,2.0,1.0,11.0,43.0,0.0,0.0,0.0,4.0,0.0,0.0,8.0,676.0,720.6,98.5,290.0,111.1,0.0,0.0,0.0,0.0,0.0,0.0,0.0,0.0,0.0,0.0,3,Marc Guéhi,Defender,Man City
388,2023/24,66,2020,0,1,6,32,0,0,0,2,0,0,6,397,417.8,106.6,35.0,56.1,0.58,1.0,1.58,95.0,3330.0,1.0,0.0,9.0,46.0,1.0,0.0,0.0,8.0,0.0,0.0,2.0,623.0,705.0,145.5,213.0,106.7,1.46,0.82,2.28,1.0,0.0,0.0,31.0,0.0,0.0,0.5,4,Marc Guéhi,Defender,Man City
388,2024/25,116,3059,3,2,11,42,3,0,0,7,1,0,11,492,827.0,237.6,247.0,131.0,1.87,2.01,3.88,66.0,2020.0,0.0,1.0,6.0,32.0,0.0,0.0,0.0,2.0,0.0,0.0,6.0,397.0,417.8,106.6,35.0,56.1,0.58,1.0,1.58,4.0,0.0,0.0,166.0,0.0,0.0,2.0,5,Marc Guéhi,Defender,Man City
388,2025/26,179,3150,3,5,14,35,0,0,0,6,0,0,14,688,901.6,304.6,402.0,160.9,4.05,2.37,6.42,116.0,3059.0,3.0,2.0,11.0,42.0,3.0,0.0,0.0,7.0,1.0,0.0,11.0,492.0,827.0,237.6,247.0,131.0,1.87,2.01,3.88,15.5,0.5,0.0,393.0,0.5,0.0,6.5,6,Marc Guéhi,Defender,Man City
389,2022/23,80,2467,1,1,11,38,0,0,0,2,1,0,5,338,371.4,406.6,314.0,109.3,2.41,1.38,3.79,,,,,,,,,,,,,,,,,,,,,,36.5,1.0,0.0,956.5,2.0,0.0,14.0,0,Matheus Nunes,Defender,Man City
389,2023/24,32,831,0,2,2,13,0,0,0,0,1,0,1,118,146.0,221.3,150.0,51.8,0.89,1.71,2.6,80.0,2467.0,1.0,1.0,11.0,38.0,0.0,0.0,0.0,2.0,1.0,0.0,5.0,338.0,371.4,406.6,314.0,109.3,2.41,1.38,3.79,38.5,0.5,0.0,1128.5,2.5,0.0,15.5,1,Matheus Nunes,Defender,Man City
389,2024/25,81,1670,1,7,9,19,0,0,0,4,0,0,6,373,370.4,422.4,206.0,99.9,1.11,3.32,4.43,32.0,831.0,0.0,2.0,2.0,13.0,0.0,0.0,0.0,0.0,1.0,0.0,1.0,118.0,146.0,221.3,150.0,51.8,0.89,1.71,2.6,23.0,0.0,0.0,699.0,1.5,0.0,14.5,2,Matheus Nunes,Defender,Man City
389,2025/26,154,2861,1,8,12,28,0,0,0,5,0,0,16,676,696.0,545.0,131.0,137.6,0.34,2.23,2.57,81.0,1670.0,1.0,7.0,9.0,19.0,0.0,0.0,0.0,4.0,0.0,0.0,6.0,373.0,370.4,422.4,206.0,99.9,1.11,3.32,4.43,17.0,0.0,0.0,538.0,1.0,0.0,16.0,3,Matheus Nunes,Defender,Man City
390,2020/21,142,2843,1,1,17,21,1,0,0,4,0,0,12,656,651.6,91.0,218.0,96.3,0.0,0.0,0.0,,,,,,,,,,,,,,,,,,,,,,1.0,0.0,0.0,225.0,0.0,0.0,7.0,0,Rúben dos Santos Gato Alves Dias,Defender,Man City
390,2021/22,141,2401,2,5,14,18,0,0,0,5,0,0,12,622,581.2,225.2,268.0,107.6,0.0,0.0,0.0,142.0,2843.0,1.0,1.0,17.0,21.0,1.0,0.0,0.0,4.0,0.0,0.0,12.0,656.0,651.6,91.0,218.0,96.3,0.0,0.0,0.0,,,,,,,,1,Rúben dos Santos Gato Alves Dias,Defender,Man City
390,2022/23,80,1997,0,0,9,16,0,0,0,3,0,0,1,432,416.8,83.7,124.0,62.5,1.36,0.34,1.7,141.0,2401.0,2.0,5.0,14.0,18.0,0.0,0.0,0.0,5.0,0.0,0.0,12.0,622.0,581.2,225.2,268.0,107.6,0.0,0.0,0.0,,,,,,,,2,Rúben dos Santos Gato Alves Dias,Defender,Man City
390,2023/24,88,2557,0,0,9,28,1,0,0,0,0,0,3,513,578.4,208.5,225.0,101.5,1.38,1.93,3.31,80.0,1997.0,0.0,0.0,9.0,16.0,0.0,0.0,0.0,3.0,0.0,0.0,1.0,432.0,416.8,83.7,124.0,62.5,1.36,0.34,1.7,,,,,,,,3,Rúben dos Santos Gato Alves Dias,Defender,Man City
390,2024/25,90,2269,0,0,11,21,1,0,0,4,0,0,7,410,478.2,173.8,150.0,80.2,1.54,1.2,2.74,88.0,2557.0,0.0,0.0,9.0,28.0,1.0,0.0,0.0,0.0,0.0,0.0,3.0,513.0,578.4,208.5,225.0,101.5,1.38,1.93,3.31,84.0,4.0,4.0,1987.0,2.0,0.0,47.0,4,Rúben dos Santos Gato Alves Dias,Defender,Man City
390,2025/26,113,2139,2,0,12,22,0,0,0,3,0,0,4,453,560.8,152.2,96.0,81.0,0.57,0.65,1.22,90.0,2269.0,0.0,0.0,11.0,21.0,1.0,0.0,0.0,4.0,0.0,0.0,7.0,410.0,478.2,173.8,150.0,80.2,1.54,1.2,2.74,84.0,4.0,4.0,1987.0,2.0,0.0,47.0,5,Rúben dos Santos Gato Alves Dias,Defender,Man City
391,2023/24,123,2327,4,2,9,23,0,0,0,3,0,0,12,549,544.4,362.2,389.0,129.7,3.14,2.09,5.23,,,,,,,,,,,,,,,,,,,,,,,,,,,,,0,Joško Gvardiol,Defender,Man City
391,2024/25,153,3278,5,0,13,41,0,0,0,2,0,0,15,623,847.0,501.7,497.0,185.0,4.6,2.92,7.52,123.0,2327.0,4.0,2.0,9.0,23.0,0.0,0.0,0.0,3.0,0.0,0.0,12.0,549.0,544.4,362.2,389.0,129.7,3.14,2.09,5.23,2.0,0.0,0.0,9.0,0.0,0.0,1.0,1,Joško Gvardiol,Defender,Man City
391,2025/26,79,1370,2,2,6,13,0,0,0,2,0,0,5,303,369.0,109.5,218.0,69.8,2.25,0.7,2.95,153.0,3278.0,5.0,0.0,13.0,41.0,0.0,0.0,0.0,2.0,0.0,0.0,15.0,623.0,847.0,501.7,497.0,185.0,4.6,2.92,7.52,2.0,0.0,0.0,9.0,0.0,0.0,1.0,2,Joško Gvardiol,Defender,Man City
392,2020/21,54,1400,1,1,3,23,0,0,0,1,0,0,6,264,243.2,234.5,196.0,67.4,0.0,0.0,0.0,,,,,,,,,,,,,,,,,,,,,,1.0,0.0,0.0,1.0,0.0,0.0,0.0,0,Rayan Aït-Nouri,Defender,Man City
392,2021/22,87,1826,1,4,7,26,0,0,0,4,0,0,10,367,390.8,323.2,174.0,89.1,0.0,0.0,0.0,54.0,1400.0,1.0,1.0,3.0,23.0,0.0,0.0,0.0,1.0,0.0,0.0,6.0,264.0,243.2,234.5,196.0,67.4,0.0,0.0,0.0,1.0,0.0,0.0,2.5,0.0,0.0,0.0,1,Rayan Aït-Nouri,Defender,Man City
392,2022/23,41,1067,1,0,4,18,1,0,0,4,0,0,0,194,200.4,131.1,156.0,48.9,1.26,0.84,2.1,87.0,1826.0,1.0,4.0,7.0,26.0,0.0,0.0,0.0,4.0,0.0,0.0,10.0,367.0,390.8,323.2,174.0,89.1,0.0,0.0,0.0,0.5,0.0,0.0,2.0,0.0,0.0,0.0,2,Rayan Aït-Nouri,Defender,Man City
392,2023/24,77,2327,2,3,3,43,0,0,0,7,0,0,6,365,448.4,376.9,253.0,107.7,3.12,1.81,4.93,41.0,1067.0,1.0,0.0,4.0,18.0,1.0,0.0,0.0,4.0,0.0,0.0,0.0,194.0,200.4,131.1,156.0,48.9,1.26,0.84,2.1,0.5,0.0,0.0,1.5,0.0,0.0,0.5,3,Rayan Aït-Nouri,Defender,Man City
392,2024/25,125,3112,4,7,7,67,0,0,0,5,1,0,13,447,778.4,694.3,435.0,191.0,2.69,3.98,6.67,77.0,2327.0,2.0,3.0,3.0,43.0,0.0,0.0,0.0,7.0,0.0,0.0,6.0,365.0,448.4,376.9,253.0,107.7,3.12,1.81,4.93,1.0,0.0,0.0,3.0,0.0,0.0,1.0,4,Rayan Aït-Nouri,Defender,Man City
392,2025/26,60,971,0,2,5,8,0,0,0,2,0,0,9,237,195.6,216.4,90.0,50.2,0.53,2.01,2.54,125.0,3112.0,4.0,7.0,7.0,67.0,0.0,0.0,0.0,5.0,1.0,0.0,13.0,447.0,778.4,694.3,435.0,191.0,2.69,3.98,6.67,,,,,,,,5,Rayan Aït-Nouri,Defender,Man City
393,2024/25,14,503,0,0,2,6,1,0,0,1,0,0,0,78,102.0,33.9,4.0,14.1,0.02,0.09,0.11,,,,,,,,,,,,,,,,,,,,,,1.0,0.0,0.0,1.0,0.0,0.0,0.0,0,Abdukodir Khusanov,Defender,Man City
393,2025/26,67,1427,0,0,6,13,0,0,0,2,0,0,3,293,299.0,112.2,26.0,43.9,0.65,1.21,1.86,14.0,503.0,0.0,0.0,2.0,6.0,1.0,0.0,0.0,1.0,0.0,0.0,0.0,78.0,102.0,33.9,4.0,14.1,0.02,0.09,0.11,3.5,0.0,0.5,15.5,0.0,0.0,0.0,1,Abdukodir Khusanov,Defender,Man City
394,2024/25,0,0,0,0,0,0,0,0,0,0,0,0,0,0,0.0,0.0,0.0,0.0,0.0,0.0,0.0,,,,,,,,,,,,,,,,,,,,,,3.0,0.0,0.5,15.0,0.0,0.0,0.0,0,Max Alleyne,Defender,Man City
394,2025/26,5,135,0,0,0,1,0,0,0,0,0,0,0,27,34.0,14.8,26.0,7.5,0.26,0.06,0.32,0.0,0.0,0.0,0.0,0.0,0.0,0.0,0.0,0.0,0.0,0.0,0.0,0.0,0.0,0.0,0.0,0.0,0.0,0.0,0.0,0.0,0.0,0.0,0.0,0.0,0.0,0.0,0.0,1,Max Alleyne,Defender,Man City
395,2022/23,29,900,0,0,2,8,0,0,0,1,0,0,0,168,129.4,189.3,44.0,36.3,0.21,1.63,1.84,,,,,,,,,,,,,,,,,,,,,,,,,,,,,0,Rico Lewis,Defender,Man City
395,2023/24,52,804,2,0,4,9,0,0,0,1,0,0,2,215,148.0,195.9,114.0,45.8,0.63,1.25,1.88,29.0,900.0,0.0,0.0,2.0,8.0,0.0,0.0,0.0,1.0,0.0,0.0,0.0,168.0,129.4,189.3,44.0,36.3,0.21,1.63,1.84,1.0,0.0,0.0,2.0,0.0,0.0,0.0,1,Rico Lewis,Defender,Man City
395,2024/25,66,1888,1,2,5,27,0,0,0,3,1,0,1,285,293.8,218.6,139.0,65.0,1.32,1.01,2.33,52.0,804.0,2.0,0.0,4.0,9.0,0.0,0.0,0.0,1.0,0.0,0.0,2.0,215.0,148.0,195.9,114.0,45.8,0.63,1.25,1.88,0.5,0.0,0.0,1.0,0.0,0.0,0.0,2,Rico Lewis,Defender,Man City
395,2025/26,19,401,0,1,1,7,0,0,0,2,0,0,2,72,70.8,112.5,55.0,23.8,0.19,1.39,1.58,66.0,1888.0,1.0,2.0,5.0,27.0,0.0,0.0,0.0,3.0,1.0,0.0,1.0,285.0,293.8,218.6,139.0,65.0,1.32,1.01,2.33,0.0,0.0,0.0,0.0,0.0,0.0,0.0,3,Rico Lewis,Defender,Man City
396,2024/25,1,1,0,0,0,0,0,0,0,0,0,0,0,4,3.2,0.0,0.0,0.3,0.0,0.0,0.0,,,,,,,,,,,,,,,,,,,,,,41.0,0.0,0.0,810.0,3.0,23.0,11.0,0,Vitor de Oliveira Nunes dos Reis,Defender,Man City
396,2025/26,0,0,0,0,0,0,0,0,0,0,0,0,0,0,0.0,0.0,0.0,0.0,0.0,0.0,0.0,1.0,1.0,0.0,0.0,0.0,0.0,0.0,0.0,0.0,0.0,0.0,0.0,0.0,4.0,3.2,0.0,0.0,0.3,0.0,0.0,0.0,37.0,0.0,0.0,855.0,2.5,29.0,13.0,1,Vitor de Oliveira Nunes dos Reis,Defender,Man City
397,2022/23,18,250,1,0,0,6,0,0,0,0,0,0,1,56,50.0,26.5,32.0,10.7,0.36,0.02,0.38,,,,,,,,,,,,,,,,,,,,,,16.5,0.0,0.0,450.0,1.0,17.5,7.5,0,Antoine Semenyo,Midfielder,Man City
397,2023/24,107,2099,8,4,8,33,0,0,0,6,0,0,14,363,506.8,411.2,748.0,166.8,4.69,2.19,6.87,18.0,250.0,1.0,0.0,0.0,6.0,0.0,0.0,0.0,0.0,0.0,0.0,1.0,56.0,50.0,26.5,32.0,10.7,0.36,0.02,0.38,0.0,0.0,0.0,0.0,0.0,0.0,0.0,1,Antoine Semenyo,Midfielder,Man City
397,2024/25,165,3202,11,7,11,41,0,0,0,9,0,0,14,571,792.2,688.9,1204.0,267.8,9.51,4.43,13.94,107.0,2099.0,8.0,4.0,8.0,33.0,0.0,0.0,0.0,6.0,0.0,0.0,14.0,363.0,506.8,411.2,748.0,166.8,4.69,2.19,6.87,40.0,0.0,0.0,1125.0,2.0,44.0,21.5,2,Antoine Semenyo,Midfielder,Man City
397,2025/26,202,3200,17,6,12,52,0,0,1,7,0,0,18,678,923.2,607.4,1047.0,257.7,11.1,3.12,14.21,165.0,3202.0,11.0,7.0,11.0,41.0,0.0,0.0,0.0,9.0,0.0,0.0,14.0,571.0,792.2,688.9,1204.0,267.8,9.51,4.43,13.94,50.0,0.0,0.0,1485.0,2.0,56.0,29.0,3,Antoine Semenyo,Midfielder,Man City
398,2017/18,8,45,0,1,0,1,0,0,0,0,0,0,0,31,29.2,32.1,10.0,7.1,0.0,0.0,0.0,,,,,,,,,,,,,,,,,,,,,,10.0,0.0,0.0,360.0,0.0,12.0,7.5,0,Phil Foden,Midfielder,Man City
398,2018/19,25,328,1,0,2,0,0,0,0,0,0,0,3,93,85.0,133.8,208.0,42.6,0.0,0.0,0.0,8.0,45.0,0.0,1.0,0.0,1.0,0.0,0.0,0.0,0.0,0.0,0.0,0.0,31.0,29.2,32.1,10.0,7.1,0.0,0.0,0.0,0.0,0.0,0.0,0.0,0.0,0.0,0.0,1,Phil Foden,Midfielder,Man City
398,2019/20,69,888,5,2,4,7,0,0,0,0,0,0,4,261,312.2,301.6,466.0,108.1,0.0,0.0,0.0,25.0,328.0,1.0,0.0,2.0,0.0,0.0,0.0,0.0,0.0,0.0,0.0,3.0,93.0,85.0,133.8,208.0,42.6,0.0,0.0,0.0,0.0,0.0,0.0,0.0,0.0,0.0,0.0,2,Phil Foden,Midfielder,Man City
398,2020/21,135,1607,9,8,6,16,0,0,0,0,0,0,17,479,580.8,545.8,734.0,186.0,0.0,0.0,0.0,69.0,888.0,5.0,2.0,4.0,7.0,0.0,0.0,0.0,0.0,0.0,0.0,4.0,261.0,312.2,301.6,466.0,108.1,0.0,0.0,0.0,0.0,0.0,0.0,0.0,0.0,0.0,0.0,3,Phil Foden,Midfielder,Man City
398,2021/22,137,2125,9,6,13,16,0,0,0,1,0,0,11,483,580.8,716.4,954.0,225.5,0.0,0.0,0.0,135.0,1607.0,9.0,8.0,6.0,16.0,0.0,0.0,0.0,0.0,0.0,0.0,17.0,479.0,580.8,545.8,734.0,186.0,0.0,0.0,0.0,0.0,0.0,0.0,0.0,0.0,0.0,0.0,4,Phil Foden,Midfielder,Man City
398,2022/23,142,1832,11,7,5,16,0,0,0,1,0,0,15,517,684.8,707.4,717.0,210.9,5.75,4.73,10.48,137.0,2125.0,9.0,6.0,13.0,16.0,0.0,0.0,0.0,1.0,0.0,0.0,11.0,483.0,580.8,716.4,954.0,225.5,0.0,0.0,0.0,,,,,,,,5,Phil Foden,Midfielder,Man City
398,2023/24,230,2860,19,8,14,27,0,0,0,2,0,0,31,866,1154.8,1157.8,1172.0,348.8,10.17,6.95,17.12,142.0,1832.0,11.0,7.0,5.0,16.0,0.0,0.0,0.0,1.0,0.0,0.0,15.0,517.0,684.8,707.4,717.0,210.9,5.75,4.73,10.48,71.0,1.0,0.0,2072.0,7.0,0.0,32.0,6,Phil Foden,Midfielder,Man City
398,2024/25,105,1771,7,3,6,24,0,0,0,2,0,0,10,454,448.0,749.0,449.0,164.2,5.17,5.33,10.49,230.0,2860.0,19.0,8.0,14.0,27.0,0.0,0.0,0.0,2.0,0.0,0.0,31.0,866.0,1154.8,1157.8,1172.0,348.8,10.17,6.95,17.12,53.0,1.0,0.5,2061.0,4.0,0.0,42.5,7,Phil Foden,Midfielder,Man City
398,2025/26,131,2078,7,5,11,19,0,0,0,4,0,0,13,563,583.2,918.8,520.0,201.9,6.03,4.76,10.79,105.0,1771.0,7.0,3.0,6.0,24.0,0.0,0.0,0.0,2.0,0.0,0.0,10.0,454.0,448.0,749.0,449.0,164.2,5.17,5.33,10.49,50.5,1.5,1.5,2124.0,2.5,0.0,52.5,8,Phil Foden,Midfielder,Man City
399,2025/26,135,1772,4,13,8,18,0,0,0,1,0,0,16,580,604.2,996.6,579.0,218.1,4.28,8.87,13.14,,,,,,,,,,,,,,,,,,,,,,66.0,2.0,2.0,2198.0,4.0,0.0,52.0,0,Rayan Cherki,Midfielder,Man City
400,2023/24,98,1585,3,10,1,19,0,0,0,3,0,0,13,391,524.2,640.2,875.0,203.9,2.57,5.85,8.42,,,,,,,,,,,,,,,,,,,,,,,,,,,,,0,Jérémy Doku,Midfielder,Man City
400,2024/25,88,1506,3,6,8,14,0,0,0,1,0,0,3,425,453.8,515.9,528.0,150.0,1.32,3.81,5.13,98.0,1585.0,3.0,10.0,1.0,19.0,0.0,0.0,0.0,3.0,0.0,0.0,13.0,391.0,524.2,640.2,875.0,203.9,2.57,5.85,8.42,35.0,0.0,1.0,1010.0,4.0,0.0,14.0,1,Jérémy Doku,Midfielder,Man City
400,2025/26,120,1773,5,8,8,18,0,0,0,0,0,0,15,526,540.2,841.6,645.0,202.5,2.87,5.86,8.73,88.0,1506.0,3.0,6.0,8.0,14.0,0.0,0.0,0.0,1.0,0.0,0.0,3.0,425.0,453.8,515.9,528.0,150.0,1.32,3.81,5.13,68.0,1.0,1.5,1540.0,6.5,0.0,19.5,2,Jérémy Doku,Midfielder,Man City
401,2024/25,73,1174,7,1,8,12,0,0,0,0,0,0,12,326,318.0,246.7,410.0,97.3,5.41,1.71,7.12,,,,,,,,,,,,,,,,,,,,,,65.0,1.0,1.0,1533.0,5.5,0.0,19.0,0,Omar Marmoush,Forward,Man City
401,2025/26,56,691,3,3,4,5,0,0,0,3,0,0,5,182,203.2,159.8,284.0,64.4,2.78,0.77,3.55,73.0,1174.0,7.0,1.0,8.0,12.0,0.0,0.0,0.0,0.0,0.0,0.0,12.0,326.0,318.0,246.7,410.0,97.3,5.41,1.71,7.12,37.0,0.0,1.0,1124.0,3.5,0.0,19.0,1,Omar Marmoush,Forward,Man City
402,2019/20,92,2480,3,2,14,27,0,0,0,8,0,0,5,516,599.2,532.6,193.0,132.3,0.0,0.0,0.0,,,,,,,,,,,,,,,,,,,,,,57.5,1.0,2.0,2082.0,4.0,0.0,46.5,0,Rodrigo 'Rodri' Hernandez Cascante,Midfielder,Man City
402,2020/21,91,2747,2,2,13,27,0,0,0,6,0,0,5,531,640.6,546.3,335.0,152.4,0.0,0.0,0.0,92.0,2480.0,3.0,2.0,14.0,27.0,0.0,0.0,0.0,8.0,0.0,0.0,5.0,516.0,599.2,532.6,193.0,132.3,0.0,0.0,0.0,70.0,2.0,2.0,2912.0,3.0,0.0,68.0,1,Rodrigo 'Rodri' Hernandez Cascante,Midfielder,Man City
402,2021/22,127,2884,7,2,17,22,0,0,0,5,0,0,9,618,758.2,541.4,444.0,174.8,0.0,0.0,0.0,91.0,2747.0,2.0,2.0,13.0,27.0,0.0,0.0,0.0,6.0,0.0,0.0,5.0,531.0,640.6,546.3,335.0,152.4,0.0,0.0,0.0,,,,,,,,2,Rodrigo 'Rodri' Hernandez Cascante,Midfielder,Man City
402,2022/23,108,2911,2,6,11,26,0,0,0,5,0,0,7,606,716.0,555.9,493.0,176.9,4.53,3.49,8.02,127.0,2884.0,7.0,2.0,17.0,22.0,0.0,0.0,0.0,5.0,0.0,0.0,9.0,618.0,758.2,541.4,444.0,174.8,0.0,0.0,0.0,,,,,,,,3,Rodrigo 'Rodri' Hernandez Cascante,Midfielder,Man City
402,2023/24,159,2931,8,10,14,26,0,0,0,8,1,0,19,737,1043.8,894.8,484.0,242.3,3.99,6.15,10.14,108.0,2911.0,2.0,6.0,11.0,26.0,0.0,0.0,0.0,5.0,0.0,0.0,7.0,606.0,716.0,555.9,493.0,176.9,4.53,3.49,8.02,,,,,,,,4,Rodrigo 'Rodri' Hernandez Cascante,Midfielder,Man City
402,2024/25,3,72,0,0,0,1,0,0,0,0,0,0,0,21,12.2,17.5,0.0,3.0,0.0,0.09,0.09,159.0,2931.0,8.0,10.0,14.0,26.0,0.0,0.0,0.0,8.0,1.0,0.0,19.0,737.0,1043.8,894.8,484.0,242.3,3.99,6.15,10.14,83.0,1.0,4.0,2365.0,5.0,0.0,58.0,5,Rodrigo 'Rodri' Hernandez Cascante,Midfielder,Man City
402,2025/26,69,1510,1,1,5,15,0,0,0,3,0,0,6,350,358.0,421.5,122.0,90.3,1.15,2.45,3.6,3.0,72.0,0.0,0.0,0.0,1.0,0.0,0.0,0.0,0.0,0.0,0.0,0.0,21.0,12.2,17.5,0.0,3.0,0.0,0.09,0.09,83.0,1.0,4.0,2365.0,5.0,0.0,58.0,6,Rodrigo 'Rodri' Hernandez Cascante,Midfielder,Man City
403,2024/25,106,1760,1,11,8,25,0,0,0,3,0,0,15,442,415.2,682.9,671.0,177.3,5.02,6.1,11.12,,,,,,,,,,,,,,,,,,,,,,1.0,0.0,0.0,10.0,0.0,0.0,1.0,0,Sávio Moreira de Oliveira,Midfielder,Man City
403,2025/26,43,817,1,2,3,7,0,0,0,2,0,0,1,140,138.6,198.4,321.0,65.8,2.5,1.59,4.09,106.0,1760.0,1.0,11.0,8.0,25.0,0.0,0.0,0.0,3.0,0.0,0.0,15.0,442.0,415.2,682.9,671.0,177.3,5.02,6.1,11.12,0.5,0.0,0.0,5.0,0.0,0.0,0.5,1,Sávio Moreira de Oliveira,Midfielder,Man City
404,2025/26,92,1623,5,3,7,18,0,0,0,2,0,0,6,337,340.0,347.8,435.0,111.2,4.61,2.35,6.96,,,,,,,,,,,,,,,,,,,,,,0.0,0.0,0.0,0.0,0.0,0.0,0.0,0,Tijjani Reijnders,Midfielder,Man City
405,2024/25,31,760,1,1,6,7,0,0,0,3,0,0,0,123,137.2,78.7,62.0,27.5,0.45,0.48,0.93,,,,,,,,,,,,,,,,,,,,,,22.0,0.0,0.0,1043.5,1.0,0.0,20.5,0,Nico González Iglesias,Midfielder,Man City
405,2025/26,63,1561,1,0,7,18,0,0,0,6,0,0,1,337,309.8,234.1,72.0,61.5,0.68,1.12,1.8,31.0,760.0,1.0,1.0,6.0,7.0,0.0,0.0,0.0,3.0,0.0,0.0,0.0,123.0,137.2,78.7,62.0,27.5,0.45,0.48,0.93,22.0,0.0,0.0,1043.5,1.0,0.0,20.5,1,Nico González Iglesias,Midfielder,Man City
406,2018/19,64,1725,0,2,9,19,0,0,0,3,0,0,2,343,315.4,468.8,311.0,109.9,0.0,0.0,0.0,,,,,,,,,,,,,,,,,,,,,,0.0,0.0,0.0,0.0,0.0,0.0,0.0,0,Mateo Kovačić,Midfielder,Man City
406,2019/20,68,2065,1,3,4,37,0,0,0,8,0,0,6,461,497.0,458.5,186.0,114.0,0.0,0.0,0.0,64.0,1725.0,0.0,2.0,9.0,19.0,0.0,0.0,0.0,3.0,0.0,0.0,2.0,343.0,315.4,468.8,311.0,109.9,0.0,0.0,0.0,0.0,0.0,0.0,0.0,0.0,0.0,0.0,1,Mateo Kovačić,Midfielder,Man City
406,2020/21,54,1809,0,1,9,26,0,0,0,4,0,0,0,332,332.4,384.8,153.0,87.0,0.0,0.0,0.0,68.0,2065.0,1.0,3.0,4.0,37.0,0.0,0.0,0.0,8.0,0.0,0.0,6.0,461.0,497.0,458.5,186.0,114.0,0.0,0.0,0.0,0.0,0.0,0.0,0.0,0.0,0.0,0.0,2,Mateo Kovačić,Midfielder,Man City
406,2021/22,76,1552,2,5,8,11,0,0,0,4,0,0,7,348,409.6,407.4,198.0,101.5,0.0,0.0,0.0,54.0,1809.0,0.0,1.0,9.0,26.0,0.0,0.0,0.0,4.0,0.0,0.0,0.0,332.0,332.4,384.8,153.0,87.0,0.0,0.0,0.0,26.0,1.0,1.0,686.0,3.0,0.0,9.0,3,Mateo Kovačić,Midfielder,Man City
406,2022/23,53,1699,1,2,4,25,0,0,0,8,0,0,2,289,295.8,365.8,114.0,77.9,1.79,2.04,3.83,76.0,1552.0,2.0,5.0,8.0,11.0,0.0,0.0,0.0,4.0,0.0,0.0,7.0,348.0,409.6,407.4,198.0,101.5,0.0,0.0,0.0,35.0,1.0,1.5,1028.0,2.5,0.0,17.5,4,Mateo Kovačić,Midfielder,Man City
406,2023/24,59,1539,1,0,9,14,0,0,0,4,0,0,2,316,265.0,365.9,129.0,76.0,1.24,1.66,2.9,53.0,1699.0,1.0,2.0,4.0,25.0,0.0,0.0,0.0,8.0,0.0,0.0,2.0,289.0,295.8,365.8,114.0,77.9,1.79,2.04,3.83,42.5,0.5,1.5,1387.5,2.0,0.0,26.0,5,Mateo Kovačić,Midfielder,Man City
406,2024/25,109,2194,6,3,10,29,0,0,0,5,1,0,13,542,606.4,579.3,204.0,139.1,1.91,3.21,5.11,59.0,1539.0,1.0,0.0,9.0,14.0,0.0,0.0,0.0,4.0,0.0,0.0,2.0,316.0,265.0,365.9,129.0,76.0,1.24,1.66,2.9,44.5,0.5,1.0,1431.5,2.0,0.0,27.5,6,Mateo Kovačić,Midfielder,Man City
406,2025/26,9,125,0,1,0,3,0,0,0,0,0,0,0,41,46.0,65.5,3.0,11.5,0.13,0.42,0.55,109.0,2194.0,6.0,3.0,10.0,29.0,0.0,0.0,0.0,5.0,1.0,0.0,13.0,542.0,606.4,579.3,204.0,139.1,1.91,3.21,5.11,70.5,1.0,3.0,1986.0,7.5,0.0,23.5,7,Mateo Kovačić,Midfielder,Man City
407,2024/25,1,5,0,0,0,0,0,0,0,0,0,0,0,2,2.2,0.4,0.0,0.3,0.0,0.01,0.01,,,,,,,,,,,,,,,,,,,,,,101.5,3.5,4.0,2628.0,11.5,0.0,34.0,0,Claudio Echeverri,Midfielder,Man City
407,2025/26,0,0,0,0,0,0,0,0,0,0,0,0,0,0,0.0,0.0,0.0,0.0,0.0,0.0,0.0,1.0,5.0,0.0,0.0,0.0,0.0,0.0,0.0,0.0,0.0,0.0,0.0,0.0,2.0,2.2,0.4,0.0,0.3,0.0,0.01,0.01,72.0,3.0,2.0,1762.5,6.0,0.0,30.5,1,Claudio Echeverri,Midfielder,Man City
408,2020/21,67,2428,1,2,9,34,0,0,0,10,0,0,2,396,535.4,539.3,82.0,115.8,0.0,0.0,0.0,,,,,,,,,,,,,,,,,,,,,,34.0,0.0,1.0,783.0,2.0,0.0,11.0,0,Kalvin Phillips,Midfielder,Man City
408,2021/22,39,1594,0,1,3,25,0,0,0,4,0,0,1,209,270.8,151.0,99.0,52.4,0.0,0.0,0.0,67.0,2428.0,1.0,2.0,9.0,34.0,0.0,0.0,0.0,10.0,0.0,0.0,2.0,396.0,535.4,539.3,82.0,115.8,0.0,0.0,0.0,0.0,0.0,0.0,0.0,0.0,0.0,0.0,1,Kalvin Phillips,Midfielder,Man City
408,2022/23,14,291,0,0,1,3,0,0,0,1,0,0,0,68,50.0,54.4,22.0,12.7,0.28,0.11,0.39,39.0,1594.0,0.0,1.0,3.0,25.0,0.0,0.0,0.0,4.0,0.0,0.0,1.0,209.0,270.8,151.0,99.0,52.4,0.0,0.0,0.0,21.5,1.0,2.0,366.5,0.5,0.0,12.5,2,Kalvin Phillips,Midfielder,Man City
408,2023/24,10,394,0,0,0,13,0,0,0,1,1,0,0,27,35.6,23.3,31.0,9.1,0.22,0.11,0.33,14.0,291.0,0.0,0.0,1.0,3.0,0.0,0.0,0.0,1.0,0.0,0.0,0.0,68.0,50.0,54.4,22.0,12.7,0.28,0.11,0.39,31.5,1.0,3.0,467.0,0.5,0.0,14.0,3,Kalvin Phillips,Midfielder,Man City
408,2024/25,27,1231,0,0,1,30,0,0,0,4,1,0,0,167,181.8,116.2,41.0,33.8,0.45,0.46,0.91,10.0,394.0,0.0,0.0,0.0,13.0,0.0,0.0,0.0,1.0,1.0,0.0,0.0,27.0,35.6,23.3,31.0,9.1,0.22,0.11,0.33,20.0,0.0,2.0,201.0,0.0,0.0,3.0,4,Kalvin Phillips,Midfielder,Man City
408,2025/26,0,0,0,0,0,0,0,0,0,0,0,0,0,0,0.0,0.0,0.0,0.0,0.0,0.0,0.0,27.0,1231.0,0.0,0.0,1.0,30.0,0.0,0.0,0.0,4.0,1.0,0.0,0.0,167.0,181.8,116.2,41.0,33.8,0.45,0.46,0.91,55.0,2.0,4.0,1346.0,4.0,0.0,28.0,5,Kalvin Phillips,Midfielder,Man City
409,2025/26,2,25,0,0,0,0,0,0,0,0,0,0,0,5,4.2,28.3,4.0,3.7,0.0,0.21,0.21,,,,,,,,,,,,,,,,,,,,,,55.0,2.0,4.0,1346.0,4.0,0.0,28.0,0,Divine Mukasa,Midfielder,Man City
410,2024/25,7,105,0,0,0,3,0,0,0,0,0,0,0,29,20.6,12.6,19.0,5.1,0.17,0.02,0.19,,,,,,,,,,,,,,,,,,,,,,0.0,0.0,0.0,0.0,0.0,0.0,0.0,0,Jeremy Monga,Midfielder,Man City
411,2022/23,272,2767,36,9,13,26,0,0,0,5,0,0,40,1040,1390.0,371.0,1825.0,358.1,28.54,3.11,31.65,,,,,,,,,,,,,,,,,,,,,,47.5,1.5,3.0,1140.5,3.5,0.0,14.5,0,Erling Haaland,Forward,Man City
411,2023/24,217,2553,27,8,11,25,0,0,1,1,0,0,29,792,1094.6,367.2,1581.0,303.3,29.57,2.18,31.75,272.0,2767.0,36.0,9.0,13.0,26.0,0.0,0.0,0.0,5.0,0.0,0.0,40.0,1040.0,1390.0,371.0,1825.0,358.1,28.54,3.11,31.65,69.0,3.0,3.5,1594.0,5.5,0.0,18.0,1,Erling Haaland,Forward,Man City
411,2024/25,181,2736,22,3,10,38,0,0,1,2,0,0,26,795,946.0,359.4,1511.0,281.8,21.9,2.04,23.94,217.0,2553.0,27.0,8.0,11.0,25.0,0.0,0.0,1.0,1.0,0.0,0.0,29.0,792.0,1094.6,367.2,1581.0,303.3,29.57,2.18,31.75,67.0,3.5,3.0,1698.0,4.5,0.0,29.0,2,Erling Haaland,Forward,Man City
411,2025/26,239,2953,27,8,13,32,0,0,1,2,0,0,43,952,1180.4,320.1,1520.0,302.3,25.5,2.67,28.17,181.0,2736.0,22.0,3.0,10.0,38.0,0.0,0.0,1.0,2.0,0.0,0.0,26.0,795.0,946.0,359.4,1511.0,281.8,21.9,2.04,23.94,68.0,3.0,3.0,1645.5,3.0,0.0,34.5,3,Erling Haaland,Forward,Man City
412,2025/26,109,2880,0,0,8,39,0,0,0,0,0,79,11,413,635.6,0.0,2.0,63.7,0.0,0.0,0.0,,,,,,,,,,,,,,,,,,,,,,45.0,2.0,1.0,802.0,1.0,0.0,18.0,0,Senne Lammens,Goalkeeper,Man Utd
413,2023/24,0,0,0,0,0,0,0,0,0,0,0,0,0,0,0.0,0.0,0.0,0.0,0.0,0.0,0.0,,,,,,,,,,,,,,,,,,,,,,,,,,,,,0,Altay Bayındır,Goalkeeper,Man Utd
413,2024/25,8,360,0,0,1,10,0,0,0,0,0,8,0,22,80.0,0.0,0.0,7.9,0.0,0.0,0.0,0.0,0.0,0.0,0.0,0.0,0.0,0.0,0.0,0.0,0.0,0.0,0.0,0.0,0.0,0.0,0.0,0.0,0.0,0.0,0.0,0.0,,,,,,,,1,Altay Bayındır,Goalkeeper,Man Utd
413,2025/26,11,540,0,0,0,11,0,0,0,0,0,13,0,49,118.4,10.0,0.0,12.8,0.0,0.05,0.05,8.0,360.0,0.0,0.0,1.0,10.0,0.0,0.0,0.0,0.0,0.0,8.0,0.0,22.0,80.0,0.0,0.0,7.9,0.0,0.0,0.0,17.0,1.0,0.0,347.0,0.0,0.0,7.0,2,Altay Bayındır,Goalkeeper,Man Utd
414,2006/07,0,0,0,0,0,0,0,0,0,0,0,0,0,0,0.0,0.0,0.0,0.0,0.0,0.0,0.0,,,,,,,,,,,,,,,,,,,,,,52.5,2.5,4.0,1109.0,3.0,0.0,17.5,0,Tom Heaton,Goalkeeper,Man Utd
414,2007/08,0,0,0,0,0,0,0,0,0,0,0,0,0,0,0.0,0.0,0.0,0.0,0.0,0.0,0.0,0.0,0.0,0.0,0.0,0.0,0.0,0.0,0.0,0.0,0.0,0.0,0.0,0.0,0.0,0.0,0.0,0.0,0.0,0.0,0.0,0.0,90.0,5.0,6.5,1820.0,7.0,0.0,27.0,1,Tom Heaton,Goalkeeper,Man Utd
414,2014/15,150,3420,0,0,10,53,0,2,0,1,0,127,11,615,0.0,0.0,0.0,0.0,0.0,0.0,0.0,0.0,0.0,0.0,0.0,0.0,0.0,0.0,0.0,0.0,0.0,0.0,0.0,0.0,0.0,0.0,0.0,0.0,0.0,0.0,0.0,0.0,109.0,9.5,3.0,2195.0,8.0,0.0,34.5,2,Tom Heaton,Goalkeeper,Man Utd
414,2016/17,149,3150,0,0,10,48,0,1,0,1,0,142,21,741,1001.6,30.3,0.0,103.2,0.0,0.0,0.0,150.0,3420.0,0.0,0.0,10.0,53.0,0.0,2.0,0.0,1.0,0.0,127.0,11.0,615.0,0.0,0.0,0.0,0.0,0.0,0.0,0.0,145.5,14.5,3.5,2746.0,9.5,0.0,41.0,3,Tom Heaton,Goalkeeper,Man Utd
414,2017/18,8,305,0,0,0,4,0,0,0,0,0,8,0,48,53.4,0.0,0.0,5.3,0.0,0.0,0.0,149.0,3150.0,0.0,0.0,10.0,48.0,0.0,1.0,0.0,1.0,0.0,142.0,21.0,741.0,1001.6,30.3,0.0,103.2,0.0,0.0,0.0,114.5,10.5,4.0,2076.0,7.0,0.0,35.0,4,Tom Heaton,Goalkeeper,Man Utd
414,2018/19,58,1710,0,0,4,27,0,0,0,3,0,63,4,323,442.8,20.1,4.0,46.6,0.0,0.0,0.0,8.0,305.0,0.0,0.0,0.0,4.0,0.0,0.0,0.0,0.0,0.0,8.0,0.0,48.0,53.4,0.0,0.0,5.3,0.0,0.0,0.0,52.0,3.5,1.5,1223.5,3.5,0.0,26.5,5,Tom Heaton,Goalkeeper,Man Utd
414,2019/20,59,1794,0,0,4,35,1,0,0,0,0,67,3,346,507.4,0.3,0.0,50.7,0.0,0.0,0.0,58.0,1710.0,0.0,0.0,4.0,27.0,0.0,0.0,0.0,3.0,0.0,63.0,4.0,323.0,442.8,20.1,4.0,46.6,0.0,0.0,0.0,70.5,4.5,2.0,1666.0,8.5,0.0,24.5,6,Tom Heaton,Goalkeeper,Man Utd
414,2020/21,0,0,0,0,0,0,0,0,0,0,0,0,0,0,0.0,0.0,0.0,0.0,0.0,0.0,0.0,59.0,1794.0,0.0,0.0,4.0,35.0,1.0,0.0,0.0,0.0,0.0,67.0,3.0,346.0,507.4,0.3,0.0,50.7,0.0,0.0,0.0,82.0,5.0,2.5,1884.0,10.5,0.0,22.5,7,Tom Heaton,Goalkeeper,Man Utd
414,2021/22,0,0,0,0,0,0,0,0,0,0,0,0,0,0,0.0,0.0,0.0,0.0,0.0,0.0,0.0,0.0,0.0,0.0,0.0,0.0,0.0,0.0,0.0,0.0,0.0,0.0,0.0,0.0,0.0,0.0,0.0,0.0,0.0,0.0,0.0,0.0,63.0,3.0,2.0,1602.0,8.0,0.0,18.0,8,Tom Heaton,Goalkeeper,Man Utd
414,2022/23,0,0,0,0,0,0,0,0,0,0,0,0,0,0,0.0,0.0,0.0,0.0,0.0,0.0,0.0,0.0,0.0,0.0,0.0,0.0,0.0,0.0,0.0,0.0,0.0,0.0,0.0,0.0,0.0,0.0,0.0,0.0,0.0,0.0,0.0,0.0,2.0,0.0,0.0,14.0,0.0,0.0,0.0,9,Tom Heaton,Goalkeeper,Man Utd
414,2023/24,0,0,0,0,0,0,0,0,0,0,0,0,0,0,0.0,0.0,0.0,0.0,0.0,0.0,0.0,0.0,0.0,0.0,0.0,0.0,0.0,0.0,0.0,0.0,0.0,0.0,0.0,0.0,0.0,0.0,0.0,0.0,0.0,0.0,0.0,0.0,2.0,0.0,0.0,14.0,0.0,0.0,0.0,10,Tom Heaton,Goalkeeper,Man Utd
414,2024/25,0,0,0,0,0,0,0,0,0,0,0,0,0,0,0.0,0.0,0.0,0.0,0.0,0.0,0.0,0.0,0.0,0.0,0.0,0.0,0.0,0.0,0.0,0.0,0.0,0.0,0.0,0.0,0.0,0.0,0.0,0.0,0.0,0.0,0.0,0.0,,,,,,,,11,Tom Heaton,Goalkeeper,Man Utd
414,2025/26,0,0,0,0,0,0,0,0,0,0,0,0,0,0,0.0,0.0,0.0,0.0,0.0,0.0,0.0,0.0,0.0,0.0,0.0,0.0,0.0,0.0,0.0,0.0,0.0,0.0,0.0,0.0,0.0,0.0,0.0,0.0,0.0,0.0,0.0,0.0,3.0,0.0,0.0,24.0,0.0,0.0,0.0,12,Tom Heaton,Goalkeeper,Man Utd
415,2024/25,18,840,0,0,2,12,0,0,0,3,1,0,1,108,106.4,175.3,112.0,39.4,0.43,1.27,1.7,,,,,,,,,,,,,,,,,,,,,,3.0,0.0,0.0,24.0,0.0,0.0,0.0,0,Patrick Dorgu,Midfielder,Man Utd
415,2025/26,95,1440,4,4,4,20,0,0,0,5,0,0,11,321,469.0,394.2,341.0,120.3,2.39,1.84,4.23,18.0,840.0,0.0,0.0,2.0,12.0,0.0,0.0,0.0,3.0,1.0,0.0,1.0,108.0,106.4,175.3,112.0,39.4,0.43,1.27,1.7,176.0,0.0,0.0,3420.0,21.0,76.0,22.0,1,Patrick Dorgu,Midfielder,Man Utd
416,2024/25,68,2119,2,0,4,36,0,0,0,3,0,0,3,312,518.4,88.7,303.0,91.5,2.48,0.25,2.73,,,,,,,,,,,,,,,,,,,,,,149.0,0.0,0.5,2981.5,17.0,67.0,23.0,0,Matthijs de Ligt,Defender,Man Utd
416,2025/26,43,1170,1,0,1,20,0,0,0,0,0,0,5,169,276.6,60.2,122.0,45.7,1.38,0.83,2.21,68.0,2119.0,2.0,0.0,4.0,36.0,0.0,0.0,0.0,3.0,0.0,0.0,3.0,312.0,518.4,88.7,303.0,91.5,2.48,0.25,2.73,131.0,0.5,0.5,2756.5,11.5,71.0,28.0,1,Matthijs de Ligt,Defender,Man Utd
417,2018/19,27,1009,0,2,1,18,0,0,0,3,0,0,0,171,184.4,259.0,94.0,53.7,0.0,0.0,0.0,,,,,,,,,,,,,,,,,,,,,,158.0,0.5,0.5,3105.0,15.0,79.5,28.0,0,Diogo Dalot Teixeira,Defender,Man Utd
417,2019/20,4,65,0,0,0,1,0,0,0,0,0,0,0,10,10.4,4.3,6.0,1.9,0.0,0.0,0.0,27.0,1009.0,0.0,2.0,1.0,18.0,0.0,0.0,0.0,3.0,0.0,0.0,0.0,171.0,184.4,259.0,94.0,53.7,0.0,0.0,0.0,169.0,0.0,1.0,3285.0,17.0,91.0,33.5,1,Diogo Dalot Teixeira,Defender,Man Utd
417,2020/21,0,0,0,0,0,0,0,0,0,0,0,0,0,0,0.0,0.0,0.0,0.0,0.0,0.0,0.0,4.0,65.0,0.0,0.0,0.0,1.0,0.0,0.0,0.0,0.0,0.0,0.0,0.0,10.0,10.4,4.3,6.0,1.9,0.0,0.0,0.0,134.5,0.0,0.5,2925.0,11.0,95.0,36.5,2,Diogo Dalot Teixeira,Defender,Man Utd
417,2021/22,54,1797,0,0,5,29,0,0,0,4,0,0,5,382,411.0,286.1,126.0,82.2,0.0,0.0,0.0,0.0,0.0,0.0,0.0,0.0,0.0,0.0,0.0,0.0,0.0,0.0,0.0,0.0,0.0,0.0,0.0,0.0,0.0,0.0,0.0,0.0,109.5,0.0,0.0,2514.0,9.0,80.5,29.5,3,Diogo Dalot Teixeira,Defender,Man Utd
417,2022/23,102,2152,1,2,10,34,0,0,0,6,0,0,19,502,483.8,421.4,283.0,118.8,2.49,1.53,4.02,54.0,1797.0,0.0,0.0,5.0,29.0,0.0,0.0,0.0,4.0,0.0,0.0,5.0,382.0,411.0,286.1,126.0,82.2,0.0,0.0,0.0,112.0,0.0,0.0,2508.0,10.0,78.0,29.0,4,Diogo Dalot Teixeira,Defender,Man Utd
417,2023/24,111,3174,2,3,8,55,0,0,0,4,1,0,13,662,738.6,590.8,212.0,154.4,1.67,2.38,4.05,102.0,2152.0,1.0,2.0,10.0,34.0,0.0,0.0,0.0,6.0,0.0,0.0,19.0,502.0,483.8,421.4,283.0,118.8,2.49,1.53,4.02,,,,,,,,5,Diogo Dalot Teixeira,Defender,Man Utd
417,2024/25,95,2812,0,4,8,45,0,0,0,5,0,0,9,352,493.2,434.2,264.0,118.6,1.96,2.35,4.31,111.0,3174.0,2.0,3.0,8.0,55.0,0.0,0.0,0.0,4.0,1.0,0.0,13.0,662.0,738.6,590.8,212.0,154.4,1.67,2.38,4.05,0.0,0.0,0.0,0.0,0.0,0.0,0.0,6,Diogo Dalot Teixeira,Defender,Man Utd
417,2025/26,111,2609,1,6,7,40,0,0,0,5,0,0,9,414,535.8,458.5,202.0,119.6,1.93,2.57,4.5,95.0,2812.0,0.0,4.0,8.0,45.0,0.0,0.0,0.0,5.0,0.0,0.0,9.0,352.0,493.2,434.2,264.0,118.6,1.96,2.35,4.31,0.0,0.0,0.0,0.0,0.0,0.0,0.0,7,Diogo Dalot Teixeira,Defender,Man Utd
418,2014/15,1,94,0,0,0,3,0,0,0,1,0,0,0,20,0.0,0.0,0.0,0.0,0.0,0.0,0.0,,,,,,,,,,,,,,,,,,,,,,0.0,0.0,0.0,0.0,0.0,0.0,0.0,0,Harry Maguire,Defender,Man Utd
418,2016/17,71,2307,2,3,4,53,0,0,0,5,0,0,5,483,707.6,157.2,439.0,130.6,0.0,0.0,0.0,1.0,94.0,0.0,0.0,0.0,3.0,0.0,0.0,0.0,1.0,0.0,0.0,0.0,20.0,0.0,0.0,0.0,0.0,0.0,0.0,0.0,0.0,0.0,0.0,0.0,0.0,0.0,0.0,1,Harry Maguire,Defender,Man Utd
418,2017/18,117,3420,2,4,9,60,0,0,0,7,0,0,10,716,955.8,254.3,478.0,168.8,0.0,0.0,0.0,71.0,2307.0,2.0,3.0,4.0,53.0,0.0,0.0,0.0,5.0,0.0,0.0,5.0,483.0,707.6,157.2,439.0,130.6,0.0,0.0,0.0,0.0,0.0,0.0,0.0,0.0,0.0,0.0,2,Harry Maguire,Defender,Man Utd
418,2018/19,92,2596,3,1,6,41,0,0,0,6,1,0,10,533,715.8,165.3,462.0,134.3,0.0,0.0,0.0,117.0,3420.0,2.0,4.0,9.0,60.0,0.0,0.0,0.0,7.0,0.0,0.0,10.0,716.0,955.8,254.3,478.0,168.8,0.0,0.0,0.0,4.5,0.0,0.0,180.0,0.0,5.0,6.0,3,Harry Maguire,Defender,Man Utd
418,2019/20,123,3420,1,0,13,36,0,0,0,6,0,0,5,681,772.0,214.6,371.0,136.2,0.0,0.0,0.0,92.0,2596.0,3.0,1.0,6.0,41.0,0.0,0.0,0.0,6.0,1.0,0.0,10.0,533.0,715.8,165.3,462.0,134.3,0.0,0.0,0.0,9.0,0.0,0.0,360.0,0.0,10.0,12.0,4,Harry Maguire,Defender,Man Utd
418,2020/21,124,3047,2,2,13,36,0,0,0,11,0,0,8,632,701.4,133.6,428.0,126.3,0.0,0.0,0.0,123.0,3420.0,1.0,0.0,13.0,36.0,0.0,0.0,0.0,6.0,0.0,0.0,5.0,681.0,772.0,214.6,371.0,136.2,0.0,0.0,0.0,,,,,,,,5,Harry Maguire,Defender,Man Utd
418,2021/22,69,2513,1,0,7,43,1,0,0,7,1,0,4,451,571.0,77.2,316.0,96.5,0.0,0.0,0.0,124.0,3047.0,2.0,2.0,13.0,36.0,0.0,0.0,0.0,11.0,0.0,0.0,8.0,632.0,701.4,133.6,428.0,126.3,0.0,0.0,0.0,,,,,,,,6,Harry Maguire,Defender,Man Utd
418,2022/23,39,762,0,0,5,7,0,0,0,4,0,0,2,201,193.0,20.8,55.0,26.9,0.34,0.04,0.38,69.0,2513.0,1.0,0.0,7.0,43.0,1.0,0.0,0.0,7.0,1.0,0.0,4.0,451.0,571.0,77.2,316.0,96.5,0.0,0.0,0.0,0.0,0.0,0.0,0.0,0.0,0.0,0.0,7,Harry Maguire,Defender,Man Utd
418,2023/24,73,1650,2,4,4,29,0,0,0,3,0,0,6,351,493.4,90.9,192.0,77.7,1.94,0.97,2.91,39.0,762.0,0.0,0.0,5.0,7.0,0.0,0.0,0.0,4.0,0.0,0.0,2.0,201.0,193.0,20.8,55.0,26.9,0.34,0.04,0.38,0.0,0.0,0.0,0.0,0.0,0.0,0.0,8,Harry Maguire,Defender,Man Utd
418,2024/25,48,1751,1,0,3,27,0,0,0,7,0,0,3,217,411.4,111.5,237.0,76.1,1.82,0.25,2.07,73.0,1650.0,2.0,4.0,4.0,29.0,0.0,0.0,0.0,3.0,0.0,0.0,6.0,351.0,493.4,90.9,192.0,77.7,1.94,0.97,2.91,130.0,3.0,0.0,3060.0,10.0,0.0,36.0,9,Harry Maguire,Defender,Man Utd
418,2025/26,90,1649,1,2,7,20,0,0,0,3,1,0,5,315,381.6,62.5,184.0,63.0,1.12,0.5,1.62,48.0,1751.0,1.0,0.0,3.0,27.0,0.0,0.0,0.0,7.0,0.0,0.0,3.0,217.0,411.4,111.5,237.0,76.1,1.82,0.25,2.07,102.5,2.0,0.0,2456.0,8.5,0.0,29.5,10,Harry Maguire,Defender,Man Utd
419,2022/23,81,2113,1,0,9,33,0,0,0,6,0,0,6,481,571.8,110.4,82.0,76.7,0.46,1.02,1.48,,,,,,,,,,,,,,,,,,,,,,76.5,0.5,0.0,2052.5,7.5,0.0,25.5,0,Lisandro Martínez,Defender,Man Utd
419,2023/24,15,643,0,1,1,12,1,0,0,3,0,0,0,134,144.4,45.7,4.0,19.4,0.0,0.08,0.08,81.0,2113.0,1.0,0.0,9.0,33.0,0.0,0.0,0.0,6.0,0.0,0.0,6.0,481.0,571.8,110.4,82.0,76.7,0.46,1.02,1.48,143.0,2.0,2.0,2818.5,14.0,0.0,25.0,1,Lisandro Martínez,Defender,Man Utd
419,2024/25,68,1751,2,1,6,27,0,0,0,7,0,0,5,293,426.6,153.9,158.0,73.8,1.33,1.21,2.54,15.0,643.0,0.0,1.0,1.0,12.0,1.0,0.0,0.0,3.0,0.0,0.0,0.0,134.0,144.4,45.7,4.0,19.4,0.0,0.08,0.08,193.0,4.5,3.0,3402.0,17.5,0.0,27.5,2,Lisandro Martínez,Defender,Man Utd
419,2025/26,51,1229,0,0,5,15,1,0,0,0,1,0,3,241,302.8,94.9,19.0,42.0,0.15,0.6,0.75,68.0,1751.0,2.0,1.0,6.0,27.0,0.0,0.0,0.0,7.0,0.0,0.0,5.0,293.0,426.6,153.9,158.0,73.8,1.33,1.21,2.54,96.5,3.0,1.0,1895.0,8.0,0.0,22.0,3,Lisandro Martínez,Defender,Man Utd
420,2024/25,22,1160,0,0,1,24,0,0,0,5,0,0,0,90,207.4,55.8,54.0,31.8,0.7,0.15,0.85,,,,,,,,,,,,,,,,,,,,,,155.0,3.0,2.0,2947.5,16.0,0.0,28.5,0,Leny Yoro,Defender,Man Utd
420,2025/26,56,1730,0,1,2,33,0,0,0,1,0,0,1,191,327.0,83.1,124.0,53.2,1.34,0.59,1.93,22.0,1160.0,0.0,0.0,1.0,24.0,0.0,0.0,0.0,5.0,0.0,0.0,0.0,90.0,207.4,55.8,54.0,31.8,0.7,0.15,0.85,122.0,2.5,1.5,3006.0,10.0,0.0,38.0,1,Leny Yoro,Defender,Man Utd
421,2024/25,10,169,0,0,1,1,0,0,0,1,0,0,2,47,43.4,12.9,8.0,6.4,0.12,0.01,0.13,,,,,,,,,,,,,,,,,,,,,,130.0,2.5,1.5,3253.5,11.5,0.0,39.0,0,Ayden Heaven,Defender,Man Utd
421,2025/26,42,920,0,1,2,15,1,0,0,2,0,0,3,164,233.6,32.0,26.0,29.1,0.34,0.18,0.52,10.0,169.0,0.0,0.0,1.0,1.0,0.0,0.0,0.0,1.0,0.0,0.0,2.0,47.0,43.4,12.9,8.0,6.4,0.12,0.01,0.13,143.0,3.0,1.0,3330.0,14.0,0.0,38.0,1,Ayden Heaven,Defender,Man Utd
422,2024/25,88,2836,0,1,7,43,0,0,0,3,0,0,5,410,619.4,332.7,123.0,107.5,0.69,1.87,2.56,,,,,,,,,,,,,,,,,,,,,,,,,,,,,0,Noussair Mazraoui,Defender,Man Utd
422,2025/26,53,977,0,0,5,10,0,0,0,3,0,0,6,233,209.0,122.4,37.0,36.8,0.19,0.35,0.53,88.0,2836.0,0.0,1.0,7.0,43.0,0.0,0.0,0.0,3.0,0.0,0.0,5.0,410.0,619.4,332.7,123.0,107.5,0.69,1.87,2.56,59.0,0.0,2.0,1966.0,6.0,0.0,37.0,1,Noussair Mazraoui,Defender,Man Utd
423,2012/13,66,1949,0,0,6,21,0,0,0,2,0,0,2,0,0.0,0.0,0.0,0.0,0.0,0.0,0.0,,,,,,,,,,,,,,,,,,,,,,96.5,1.0,4.0,2651.0,7.5,0.0,41.0,0,Luke Shaw,Defender,Man Utd
423,2013/14,123,2990,0,2,14,38,0,0,0,4,0,0,10,173,0.0,0.0,0.0,0.0,0.0,0.0,0.0,66.0,1949.0,0.0,0.0,6.0,21.0,0.0,0.0,0.0,2.0,0.0,0.0,2.0,0.0,0.0,0.0,0.0,0.0,0.0,0.0,0.0,134.0,2.0,6.0,3336.0,9.0,0.0,45.0,1,Luke Shaw,Defender,Man Utd
423,2014/15,34,1121,0,0,2,14,0,0,0,1,1,0,4,217,0.0,0.0,0.0,0.0,0.0,0.0,0.0,123.0,2990.0,0.0,2.0,14.0,38.0,0.0,0.0,0.0,4.0,0.0,0.0,10.0,173.0,0.0,0.0,0.0,0.0,0.0,0.0,0.0,23.0,0.0,1.0,437.0,3.0,0.0,5.0,2,Luke Shaw,Defender,Man Utd
423,2015/16,27,450,0,1,3,3,0,0,0,1,0,0,4,135,0.0,0.0,0.0,0.0,0.0,0.0,0.0,34.0,1121.0,0.0,0.0,2.0,14.0,0.0,0.0,0.0,1.0,1.0,0.0,4.0,217.0,0.0,0.0,0.0,0.0,0.0,0.0,0.0,11.5,0.0,0.5,218.5,1.5,0.0,2.5,3,Luke Shaw,Defender,Man Utd
423,2016/17,45,688,0,3,4,6,0,0,0,1,0,0,4,202,139.2,160.5,64.0,36.5,0.0,0.0,0.0,27.0,450.0,0.0,1.0,3.0,3.0,0.0,0.0,0.0,1.0,0.0,0.0,4.0,135.0,0.0,0.0,0.0,0.0,0.0,0.0,0.0,43.0,0.0,1.0,950.5,4.5,0.0,11.0,4,Luke Shaw,Defender,Man Utd
423,2017/18,48,787,0,0,7,2,0,0,0,2,0,0,4,216,142.6,127.0,144.0,41.5,0.0,0.0,0.0,45.0,688.0,0.0,3.0,4.0,6.0,0.0,0.0,0.0,1.0,0.0,0.0,4.0,202.0,139.2,160.5,64.0,36.5,0.0,0.0,0.0,70.5,0.0,1.0,1480.0,8.0,0.0,13.0,5,Luke Shaw,Defender,Man Utd
423,2018/19,91,2591,1,5,6,39,0,0,0,11,0,0,11,489,586.2,505.6,287.0,138.1,0.0,0.0,0.0,48.0,787.0,0.0,0.0,7.0,2.0,0.0,0.0,0.0,2.0,0.0,0.0,4.0,216.0,142.6,127.0,144.0,41.5,0.0,0.0,0.0,74.0,0.0,0.0,1529.0,9.5,0.0,10.0,6,Luke Shaw,Defender,Man Utd
423,2019/20,67,1730,0,0,8,15,0,0,0,7,0,0,2,381,344.2,321.2,187.0,85.1,0.0,0.0,0.0,91.0,2591.0,1.0,5.0,6.0,39.0,0.0,0.0,0.0,11.0,0.0,0.0,11.0,489.0,586.2,505.6,287.0,138.1,0.0,0.0,0.0,51.5,0.0,0.0,1294.0,6.0,0.0,15.0,7,Luke Shaw,Defender,Man Utd
423,2020/21,124,2653,1,5,10,33,1,0,0,8,0,0,22,640,596.0,1085.9,243.0,192.8,0.0,0.0,0.0,67.0,1730.0,0.0,0.0,8.0,15.0,0.0,0.0,0.0,7.0,0.0,0.0,2.0,381.0,344.2,321.2,187.0,85.1,0.0,0.0,0.0,16.0,0.0,0.5,459.5,1.0,0.0,8.5,8,Luke Shaw,Defender,Man Utd
423,2021/22,46,1600,0,3,3,24,0,0,0,8,0,0,3,276,292.0,586.1,54.0,93.3,0.0,0.0,0.0,124.0,2653.0,1.0,5.0,10.0,33.0,1.0,0.0,0.0,8.0,0.0,0.0,22.0,640.0,596.0,1085.9,243.0,192.8,0.0,0.0,0.0,45.0,0.0,0.5,895.5,5.0,0.0,9.5,9,Luke Shaw,Defender,Man Utd
423,2022/23,124,2552,1,4,12,35,0,0,0,8,0,0,20,626,572.8,547.7,118.0,124.2,1.09,2.9,3.99,46.0,1600.0,0.0,3.0,3.0,24.0,0.0,0.0,0.0,8.0,0.0,0.0,3.0,276.0,292.0,586.1,54.0,93.3,0.0,0.0,0.0,72.0,0.0,1.0,1616.5,7.5,0.0,17.5,10,Luke Shaw,Defender,Man Utd
423,2023/24,31,960,0,1,4,13,0,0,0,6,0,0,0,195,197.2,199.3,29.0,42.6,0.05,0.89,0.94,124.0,2552.0,1.0,4.0,12.0,35.0,0.0,0.0,0.0,8.0,0.0,0.0,20.0,626.0,572.8,547.7,118.0,124.2,1.09,2.9,3.99,45.0,0.0,1.0,1144.5,4.0,0.0,13.5,11,Luke Shaw,Defender,Man Utd
423,2024/25,5,346,0,0,0,5,1,0,0,1,0,0,0,38,48.2,68.2,11.0,12.7,0.03,0.77,0.8,31.0,960.0,0.0,1.0,4.0,13.0,0.0,0.0,0.0,6.0,0.0,0.0,0.0,195.0,197.2,199.3,29.0,42.6,0.05,0.89,0.94,14.0,0.0,0.0,517.0,1.0,0.0,8.0,12,Luke Shaw,Defender,Man Utd
423,2025/26,113,3220,1,1,10,45,0,0,0,9,0,0,3,449,560.2,314.8,97.0,97.4,0.72,1.98,2.69,5.0,346.0,0.0,0.0,0.0,5.0,1.0,0.0,0.0,1.0,0.0,0.0,0.0,38.0,48.2,68.2,11.0,12.7,0.03,0.77,0.8,0.0,0.0,0.0,0.0,0.0,0.0,0.0,13,Luke Shaw,Defender,Man Utd
424,2023/24,0,0,0,0,0,0,0,0,0,0,0,0,0,0,0.0,0.0,0.0,0.0,0.0,0.0,0.0,,,,,,,,,,,,,,,,,,,,,,25.0,0.5,1.5,376.0,1.5,0.0,3.5,0,Harry Amass,Defender,Man Utd
424,2024/25,4,345,0,0,0,9,0,0,0,0,0,0,0,1,40.0,26.5,15.0,8.2,0.07,0.07,0.14,0.0,0.0,0.0,0.0,0.0,0.0,0.0,0.0,0.0,0.0,0.0,0.0,0.0,0.0,0.0,0.0,0.0,0.0,0.0,0.0,0.0,45.5,0.5,2.5,748.0,3.0,0.0,8.5,1,Harry Amass,Defender,Man Utd
424,2025/26,0,0,0,0,0,0,0,0,0,0,0,0,0,0,0.0,0.0,0.0,0.0,0.0,0.0,0.0,4.0,345.0,0.0,0.0,0.0,9.0,0.0,0.0,0.0,0.0,0.0,0.0,0.0,1.0,40.0,26.5,15.0,8.2,0.07,0.07,0.14,41.0,0.0,2.0,744.0,3.0,0.0,10.0,2,Harry Amass,Defender,Man Utd
425,2024/25,2,166,0,0,0,5,0,0,0,0,0,0,0,16,37.4,4.9,2.0,4.4,0.0,0.02,0.02,,,,,,,,,,,,,,,,,,,,,,,,,,,,,0,Tyler Fredricson,Defender,Man Utd
425,2025/26,1,2,0,0,0,0,0,0,0,0,0,0,0,4,4.0,0.0,0.0,0.4,0.0,0.0,0.0,2.0,166.0,0.0,0.0,0.0,5.0,0.0,0.0,0.0,0.0,0.0,0.0,0.0,16.0,37.4,4.9,2.0,4.4,0.0,0.02,0.02,,,,,,,,1,Tyler Fredricson,Defender,Man Utd
426,2019/20,117,1187,8,8,9,6,0,0,0,2,0,0,18,366,551.8,479.3,361.0,139.2,0.0,0.0,0.0,,,,,,,,,,,,,,,,,,,,,,2.0,0.0,0.0,6.0,0.0,0.0,0.0,0,Bruno Borges Fernandes,Midfielder,Man Utd
426,2020/21,244,3101,18,14,13,36,0,0,1,6,0,0,36,870,1292.6,1414.9,1253.0,396.2,0.0,0.0,0.0,117.0,1187.0,8.0,8.0,9.0,6.0,0.0,0.0,0.0,2.0,0.0,0.0,18.0,366.0,551.8,479.3,361.0,139.2,0.0,0.0,0.0,22.0,0.0,1.0,440.0,2.0,0.0,3.0,1,Bruno Borges Fernandes,Midfielder,Man Utd
426,2021/22,151,3110,10,7,8,54,0,0,2,10,0,0,15,626,906.6,1291.9,910.0,311.2,0.0,0.0,0.0,244.0,3101.0,18.0,14.0,13.0,36.0,0.0,0.0,1.0,6.0,0.0,0.0,36.0,870.0,1292.6,1414.9,1253.0,396.2,0.0,0.0,0.0,45.0,0.0,3.0,818.0,4.0,0.0,8.5,2,Bruno Borges Fernandes,Midfielder,Man Utd
426,2022/23,176,3317,8,9,18,39,0,0,0,6,0,0,23,748,1004.2,1603.7,982.0,359.3,9.33,10.7,20.03,151.0,3110.0,10.0,7.0,8.0,54.0,0.0,0.0,2.0,10.0,0.0,0.0,15.0,626.0,906.6,1291.9,910.0,311.2,0.0,0.0,0.0,48.0,0.0,3.5,718.5,4.0,0.0,9.0,3,Bruno Borges Fernandes,Midfielder,Man Utd
426,2023/24,166,3118,10,9,7,52,0,0,1,9,0,0,24,729,1101.6,1663.0,748.0,351.3,9.73,10.23,19.96,176.0,3317.0,8.0,9.0,18.0,39.0,0.0,0.0,0.0,6.0,0.0,0.0,23.0,748.0,1004.2,1603.7,982.0,359.3,9.33,10.7,20.03,45.5,0.0,2.0,752.0,4.0,0.0,7.5,4,Bruno Borges Fernandes,Midfielder,Man Utd
426,2024/25,174,3017,8,12,10,47,0,0,0,3,2,0,28,810,1017.8,1407.7,587.0,300.8,9.93,7.89,17.82,166.0,3118.0,10.0,9.0,7.0,52.0,0.0,0.0,1.0,9.0,0.0,0.0,24.0,729.0,1101.6,1663.0,748.0,351.3,9.73,10.23,19.96,43.0,0.0,1.0,829.0,4.0,0.0,8.0,5,Bruno Borges Fernandes,Midfielder,Man Utd
426,2025/26,235,3065,9,24,7,46,0,0,2,5,0,0,41,1008,1258.0,1938.5,614.0,381.4,10.79,12.28,23.07,174.0,3017.0,8.0,12.0,10.0,47.0,0.0,0.0,0.0,3.0,2.0,0.0,28.0,810.0,1017.8,1407.7,587.0,300.8,9.93,7.89,17.82,0.0,0.0,0.0,0.0,0.0,0.0,0.0,6,Bruno Borges Fernandes,Midfielder,Man Utd
427,2021/22,119,2905,4,7,9,47,0,0,0,4,0,0,6,310,459.8,520.6,967.0,193.7,0.0,0.0,0.0,,,,,,,,,,,,,,,,,,,,,,0.0,0.0,0.0,0.0,0.0,0.0,0.0,0,Bryan Mbeumo,Midfielder,Man Utd
427,2022/23,150,2905,9,9,10,39,0,0,0,5,0,0,19,556,692.6,808.6,895.0,239.5,9.48,5.53,15.01,119.0,2905.0,4.0,7.0,9.0,47.0,0.0,0.0,0.0,4.0,0.0,0.0,6.0,310.0,459.8,520.6,967.0,193.7,0.0,0.0,0.0,,,,,,,,1,Bryan Mbeumo,Midfielder,Man Utd
427,2023/24,127,1957,9,7,5,31,0,0,0,2,0,0,12,364,554.2,572.1,576.0,170.1,9.7,5.67,15.37,150.0,2905.0,9.0,9.0,10.0,39.0,0.0,0.0,0.0,5.0,0.0,0.0,19.0,556.0,692.6,808.6,895.0,239.5,9.48,5.53,15.01,90.0,7.0,3.0,1455.0,6.0,0.0,19.0,2,Bryan Mbeumo,Midfielder,Man Utd
427,2024/25,236,3415,20,9,9,55,0,0,1,3,0,0,29,948,1236.8,1107.5,1060.0,340.8,12.52,9.24,21.75,127.0,1957.0,9.0,7.0,5.0,31.0,0.0,0.0,0.0,2.0,0.0,0.0,12.0,364.0,554.2,572.1,576.0,170.1,9.7,5.67,15.37,98.0,7.5,4.0,1544.0,5.5,0.0,19.5,3,Bryan Mbeumo,Midfielder,Man Utd
427,2025/26,148,2611,11,3,8,37,0,0,0,4,0,0,16,528,628.8,803.1,882.0,231.4,11.98,4.99,16.97,236.0,3415.0,20.0,9.0,9.0,55.0,0.0,0.0,1.0,3.0,0.0,0.0,29.0,948.0,1236.8,1107.5,1060.0,340.8,12.52,9.24,21.75,116.5,9.0,5.0,1777.0,5.0,0.0,22.5,4,Bryan Mbeumo,Midfielder,Man Utd
428,2022/23,39,961,2,0,5,12,0,0,0,1,0,0,6,122,143.0,95.1,217.0,45.1,1.72,0.17,1.89,,,,,,,,,,,,,,,,,,,,,,127.0,10.0,5.0,1921.0,5.0,0.0,25.0,0,Matheus Santos Carneiro da Cunha,Midfielder,Man Utd
428,2023/24,135,2438,12,7,6,46,0,0,0,9,0,0,15,520,786.0,409.8,872.0,206.4,9.49,2.97,12.46,39.0,961.0,2.0,0.0,5.0,12.0,0.0,0.0,0.0,1.0,0.0,0.0,6.0,122.0,143.0,95.1,217.0,45.1,1.72,0.17,1.89,99.0,3.0,4.0,2102.0,8.0,0.0,23.0,1,Matheus Santos Carneiro da Cunha,Midfielder,Man Utd
428,2024/25,178,2596,15,7,7,54,0,0,0,4,0,0,41,838,936.2,847.8,940.0,272.2,8.73,5.29,14.02,135.0,2438.0,12.0,7.0,6.0,46.0,0.0,0.0,0.0,9.0,0.0,0.0,15.0,520.0,786.0,409.8,872.0,206.4,9.49,2.97,12.46,121.0,4.5,7.0,2293.5,10.0,0.0,26.0,2,Matheus Santos Carneiro da Cunha,Midfielder,Man Utd
428,2025/26,143,2493,10,4,8,35,0,0,0,4,0,0,14,591,675.8,545.4,801.0,202.5,6.9,3.36,10.26,178.0,2596.0,15.0,7.0,7.0,54.0,0.0,0.0,0.0,4.0,0.0,0.0,41.0,838.0,936.2,847.8,940.0,272.2,8.73,5.29,14.02,143.0,6.0,10.0,2485.0,12.0,0.0,29.0,3,Matheus Santos Carneiro da Cunha,Midfielder,Man Utd
429,2015/16,55,855,5,2,6,7,0,0,0,0,0,0,8,184,0.0,0.0,0.0,0.0,0.0,0.0,0.0,,,,,,,,,,,,,,,,,,,,,,,,,,,,,0,Marcus Rashford,Midfielder,Man Utd
429,2016/17,76,1712,5,3,7,15,0,0,0,3,0,0,2,287,316.2,411.4,734.0,145.5,0.0,0.0,0.0,55.0,855.0,5.0,2.0,6.0,7.0,0.0,0.0,0.0,0.0,0.0,0.0,8.0,184.0,0.0,0.0,0.0,0.0,0.0,0.0,0.0,7.0,0.0,0.0,103.0,0.0,0.0,3.0,1,Marcus Rashford,Midfielder,Man Utd
429,2017/18,104,1799,7,5,10,16,0,0,0,3,0,0,11,387,470.8,412.1,838.0,171.7,0.0,0.0,0.0,76.0,1712.0,5.0,3.0,7.0,15.0,0.0,0.0,0.0,3.0,0.0,0.0,2.0,287.0,316.2,411.4,734.0,145.5,0.0,0.0,0.0,7.0,0.0,0.0,103.0,0.0,0.0,3.0,2,Marcus Rashford,Midfielder,Man Utd
429,2018/19,128,2331,10,7,6,35,0,0,0,3,1,0,14,425,650.0,542.3,1064.0,224.6,0.0,0.0,0.0,104.0,1799.0,7.0,5.0,10.0,16.0,0.0,0.0,0.0,3.0,0.0,0.0,11.0,387.0,470.8,412.1,838.0,171.7,0.0,0.0,0.0,45.0,1.0,0.0,1110.0,3.0,0.0,17.0,3,Marcus Rashford,Midfielder,Man Utd
429,2019/20,177,2645,17,8,9,29,0,0,2,3,0,0,31,665,887.0,563.7,1265.0,271.7,0.0,0.0,0.0,128.0,2331.0,10.0,7.0,6.0,35.0,0.0,0.0,0.0,3.0,1.0,0.0,14.0,425.0,650.0,542.3,1064.0,224.6,0.0,0.0,0.0,68.5,0.5,2.0,2135.0,8.5,0.0,26.0,4,Marcus Rashford,Midfielder,Man Utd
429,2020/21,174,2917,11,11,12,39,0,0,0,4,0,0,9,535,793.2,682.1,1127.0,260.3,0.0,0.0,0.0,177.0,2645.0,17.0,8.0,9.0,29.0,0.0,0.0,2.0,3.0,0.0,0.0,31.0,665.0,887.0,563.7,1265.0,271.7,0.0,0.0,0.0,92.0,0.0,4.0,3160.0,14.0,0.0,35.0,5,Marcus Rashford,Midfielder,Man Utd
429,2021/22,63,1224,4,2,2,28,0,0,0,2,0,0,0,171,233.8,155.4,406.0,79.4,0.0,0.0,0.0,174.0,2917.0,11.0,11.0,12.0,39.0,0.0,0.0,0.0,4.0,0.0,0.0,9.0,535.0,793.2,682.1,1127.0,260.3,0.0,0.0,0.0,12.0,0.0,0.0,348.0,0.0,0.0,6.0,6,Marcus Rashford,Midfielder,Man Utd
429,2022/23,205,2880,17,7,13,39,0,0,0,2,0,0,21,530,892.2,462.5,1466.0,282.2,15.27,2.86,18.13,63.0,1224.0,4.0,2.0,2.0,28.0,0.0,0.0,0.0,2.0,0.0,0.0,0.0,171.0,233.8,155.4,406.0,79.4,0.0,0.0,0.0,30.0,0.5,0.5,728.0,2.5,0.0,10.0,7,Marcus Rashford,Midfielder,Man Utd
429,2023/24,108,2264,7,3,7,37,0,0,0,2,0,0,0,330,453.2,358.6,672.0,148.3,7.13,2.8,9.93,205.0,2880.0,17.0,7.0,13.0,39.0,0.0,0.0,0.0,2.0,0.0,0.0,21.0,530.0,892.2,462.5,1466.0,282.2,15.27,2.86,18.13,70.5,3.0,1.5,1610.0,5.5,0.0,21.5,8,Marcus Rashford,Midfielder,Man Utd
429,2024/25,95,1414,6,4,7,15,0,0,0,2,0,0,9,333,398.4,451.1,369.0,122.1,4.67,3.43,8.1,108.0,2264.0,7.0,3.0,7.0,37.0,0.0,0.0,0.0,2.0,0.0,0.0,0.0,330.0,453.2,358.6,672.0,148.3,7.13,2.8,9.93,116.5,7.5,2.0,2497.0,8.0,0.0,37.0,9,Marcus Rashford,Midfielder,Man Utd
429,2025/26,0,0,0,0,0,0,0,0,0,0,0,0,0,0,0.0,0.0,0.0,0.0,0.0,0.0,0.0,95.0,1414.0,6.0,4.0,7.0,15.0,0.0,0.0,0.0,2.0,0.0,0.0,9.0,333.0,398.4,451.1,369.0,122.1,4.67,3.43,8.1,124.5,7.5,3.5,2741.0,8.0,0.0,39.5,10,Marcus Rashford,Midfielder,Man Utd
430,2019/20,137,2865,7,6,9,44,0,0,0,3,0,0,11,510,641.2,814.0,974.0,242.8,0.0,0.0,0.0,,,,,,,,,,,,,,,,,,,,,,46.0,2.0,1.0,1092.5,3.0,0.0,17.0,0,Mason Mount,Midfielder,Man Utd
430,2020/21,147,2887,6,7,14,32,0,0,0,2,0,0,16,599,770.4,1336.9,954.0,306.3,0.0,0.0,0.0,137.0,2865.0,7.0,6.0,9.0,44.0,0.0,0.0,0.0,3.0,0.0,0.0,11.0,510.0,641.2,814.0,974.0,242.8,0.0,0.0,0.0,63.5,2.0,3.0,1429.0,4.0,0.0,23.0,1,Mason Mount,Midfielder,Man Utd
430,2021/22,169,2358,11,11,11,25,0,0,0,4,0,0,16,597,823.8,944.9,995.0,276.3,0.0,0.0,0.0,147.0,2887.0,6.0,7.0,14.0,32.0,0.0,0.0,0.0,2.0,0.0,0.0,16.0,599.0,770.4,1336.9,954.0,306.3,0.0,0.0,0.0,87.0,3.0,5.0,1702.0,6.0,0.0,27.0,2,Mason Mount,Midfielder,Man Utd
430,2022/23,82,1644,3,4,8,21,0,0,0,4,0,0,8,277,331.4,463.1,376.0,117.2,1.97,2.81,4.78,169.0,2358.0,11.0,11.0,11.0,25.0,0.0,0.0,0.0,4.0,0.0,0.0,16.0,597.0,823.8,944.9,995.0,276.3,0.0,0.0,0.0,47.0,1.0,0.0,1714.0,6.0,0.0,16.0,3,Mason Mount,Midfielder,Man Utd
430,2023/24,23,509,1,0,1,13,0,0,0,2,0,0,0,93,105.8,107.6,64.0,27.9,0.37,0.37,0.74,82.0,1644.0,3.0,4.0,8.0,21.0,0.0,0.0,0.0,4.0,0.0,0.0,8.0,277.0,331.4,463.1,376.0,117.2,1.97,2.81,4.78,34.0,0.5,0.0,986.5,3.0,0.0,10.5,4,Mason Mount,Midfielder,Man Utd
430,2024/25,25,613,1,0,3,11,0,0,0,3,0,0,0,74,104.0,140.0,218.0,45.6,3.37,0.57,3.94,23.0,509.0,1.0,0.0,1.0,13.0,0.0,0.0,0.0,2.0,0.0,0.0,0.0,93.0,105.8,107.6,64.0,27.9,0.37,0.37,0.74,21.0,0.0,0.0,259.0,0.0,0.0,5.0,5,Mason Mount,Midfielder,Man Utd
430,2025/26,58,1010,3,0,5,15,0,0,0,2,0,0,3,201,201.2,214.1,165.0,58.0,1.56,1.62,3.18,25.0,613.0,1.0,0.0,3.0,11.0,0.0,0.0,0.0,3.0,0.0,0.0,0.0,74.0,104.0,140.0,218.0,45.6,3.37,0.57,3.94,0.0,0.0,0.0,0.0,0.0,0.0,0.0,6,Mason Mount,Midfielder,Man Utd
431,2020/21,8,165,0,1,0,3,0,0,0,0,0,0,0,34,38.0,31.2,9.0,7.8,0.0,0.0,0.0,,,,,,,,,,,,,,,,,,,,,,0.0,0.0,0.0,0.0,0.0,0.0,0.0,0,Amad Diallo,Midfielder,Man Utd
431,2021/22,0,0,0,0,0,0,0,0,0,0,0,0,0,0,0.0,0.0,0.0,0.0,0.0,0.0,0.0,8.0,165.0,0.0,1.0,0.0,3.0,0.0,0.0,0.0,0.0,0.0,0.0,0.0,34.0,38.0,31.2,9.0,7.8,0.0,0.0,0.0,0.0,0.0,0.0,0.0,0.0,0.0,0.0,1,Amad Diallo,Midfielder,Man Utd
431,2022/23,0,0,0,0,0,0,0,0,0,0,0,0,0,0,0.0,0.0,0.0,0.0,0.0,0.0,0.0,0.0,0.0,0.0,0.0,0.0,0.0,0.0,0.0,0.0,0.0,0.0,0.0,0.0,0.0,0.0,0.0,0.0,0.0,0.0,0.0,0.0,22.0,1.0,0.0,522.0,3.0,0.0,4.0,2,Amad Diallo,Midfielder,Man Utd
431,2023/24,23,385,1,1,1,6,0,0,0,1,0,0,3,68,117.0,123.8,114.0,35.2,0.53,0.47,1.0,0.0,0.0,0.0,0.0,0.0,0.0,0.0,0.0,0.0,0.0,0.0,0.0,0.0,0.0,0.0,0.0,0.0,0.0,0.0,0.0,0.0,11.5,0.5,0.0,273.5,1.5,0.0,3.0,3,Amad Diallo,Midfielder,Man Utd
431,2024/25,129,1898,8,8,7,30,0,0,0,5,0,0,17,569,634.0,687.2,615.0,193.8,4.71,3.98,8.69,23.0,385.0,1.0,1.0,1.0,6.0,0.0,0.0,0.0,1.0,0.0,0.0,3.0,68.0,117.0,123.8,114.0,35.2,0.53,0.47,1.0,0.5,0.0,0.0,12.5,0.0,0.0,1.0,4,Amad Diallo,Midfielder,Man Utd
431,2025/26,91,2339,2,5,6,33,0,0,0,2,0,0,7,463,436.6,596.1,600.0,163.5,5.46,4.74,10.2,129.0,1898.0,8.0,8.0,7.0,30.0,0.0,0.0,0.0,5.0,0.0,0.0,17.0,569.0,634.0,687.2,615.0,193.8,4.71,3.98,8.69,0.0,0.0,0.0,0.0,0.0,0.0,0.0,5,Amad Diallo,Midfielder,Man Utd
432,2022/23,1,10,0,0,0,0,0,0,0,0,0,0,0,2,5.8,0.8,6.0,1.3,0.0,0.07,0.07,,,,,,,,,,,,,,,,,,,,,,3.0,0.0,0.0,3.0,0.0,0.0,0.0,0,Kobbie Mainoo,Midfielder,Man Utd
432,2023/24,77,1927,3,1,7,31,0,0,0,3,0,0,8,327,413.4,256.7,134.0,80.6,0.87,1.35,2.22,1.0,10.0,0.0,0.0,0.0,0.0,0.0,0.0,0.0,0.0,0.0,0.0,0.0,2.0,5.8,0.8,6.0,1.3,0.0,0.07,0.07,1.5,0.0,0.0,1.5,0.0,0.0,0.0,1,Kobbie Mainoo,Midfielder,Man Utd
432,2024/25,42,1646,0,0,5,27,0,0,0,5,0,0,0,229,196.6,250.8,137.0,58.8,0.84,1.78,2.62,77.0,1927.0,3.0,1.0,7.0,31.0,0.0,0.0,0.0,3.0,0.0,0.0,8.0,327.0,413.4,256.7,134.0,80.6,0.87,1.35,2.22,0.0,0.0,0.0,0.0,0.0,0.0,0.0,2,Kobbie Mainoo,Midfielder,Man Utd
432,2025/26,73,1653,1,2,6,22,0,0,0,2,0,0,2,340,365.0,360.1,94.0,82.1,0.48,1.27,1.75,42.0,1646.0,0.0,0.0,5.0,27.0,0.0,0.0,0.0,5.0,0.0,0.0,0.0,229.0,196.6,250.8,137.0,58.8,0.84,1.78,2.62,100.0,10.0,2.0,1520.0,4.0,0.0,20.0,3,Kobbie Mainoo,Midfielder,Man Utd
433,2024/25,49,1777,1,2,4,33,1,0,0,11,0,0,1,318,313.6,195.9,113.0,62.1,1.0,0.67,1.67,,,,,,,,,,,,,,,,,,,,,,136.0,15.5,3.0,1886.5,5.5,0.0,30.5,0,Manuel Ugarte Ribeiro,Midfielder,Man Utd
433,2025/26,38,876,0,0,1,23,0,0,0,1,0,0,0,183,167.2,83.6,48.0,29.8,0.72,0.16,0.88,49.0,1777.0,1.0,2.0,4.0,33.0,1.0,0.0,0.0,11.0,0.0,0.0,1.0,318.0,313.6,195.9,113.0,62.1,1.0,0.67,1.67,191.5,22.0,5.0,2505.5,9.5,0.0,41.0,1,Manuel Ugarte Ribeiro,Midfielder,Man Utd
434,2024/25,0,0,0,0,0,0,0,0,0,0,0,0,0,0,0.0,0.0,0.0,0.0,0.0,0.0,0.0,,,,,,,,,,,,,,,,,,,,,,211.0,23.0,6.0,2758.0,12.0,0.0,41.0,0,Jack Fletcher,Midfielder,Man Utd
434,2025/26,3,107,0,0,0,0,0,0,0,0,0,0,0,10,18.6,24.4,5.0,4.8,0.03,0.02,0.05,0.0,0.0,0.0,0.0,0.0,0.0,0.0,0.0,0.0,0.0,0.0,0.0,0.0,0.0,0.0,0.0,0.0,0.0,0.0,0.0,0.0,,,,,,,,1,Jack Fletcher,Midfielder,Man Utd
435,2025/26,3,40,0,0,0,0,0,0,0,0,0,0,0,9,4.0,2.1,16.0,1.7,0.1,0.01,0.11,,,,,,,,,,,,,,,,,,,,,,,,,,,,,0,Shea Lacey,Midfielder,Man Utd
436,2023/24,0,0,0,0,0,0,0,0,0,0,0,0,0,0,0.0,0.0,0.0,0.0,0.0,0.0,0.0,,,,,,,,,,,,,,,,,,,,,,1.0,0.0,0.0,7.0,0.0,0.0,0.0,0,Toby Collyer,Midfielder,Man Utd
436,2024/25,6,174,0,0,0,2,0,0,0,0,0,0,0,40,40.4,29.9,8.0,7.9,0.08,0.37,0.45,0.0,0.0,0.0,0.0,0.0,0.0,0.0,0.0,0.0,0.0,0.0,0.0,0.0,0.0,0.0,0.0,0.0,0.0,0.0,0.0,0.0,1.0,0.0,0.0,8.5,0.0,0.0,0.5,1,Toby Collyer,Midfielder,Man Utd
436,2025/26,0,0,0,0,0,0,0,0,0,0,0,0,0,0,0.0,0.0,0.0,0.0,0.0,0.0,0.0,6.0,174.0,0.0,0.0,0.0,2.0,0.0,0.0,0.0,0.0,0.0,0.0,0.0,40.0,40.4,29.9,8.0,7.9,0.08,0.37,0.45,1.0,0.0,0.0,10.0,0.0,0.0,1.0,2,Toby Collyer,Midfielder,Man Utd
437,2025/26,1,15,0,0,0,0,0,0,0,0,0,0,0,3,2.2,11.7,0.0,1.4,0.0,0.01,0.01,,,,,,,,,,,,,,,,,,,,,,2.0,0.0,0.0,18.0,0.0,0.0,1.0,0,Bendito Mantato,Midfielder,Man Utd
438,2025/26,2,17,0,0,0,0,0,0,0,0,0,0,0,6,0.8,3.0,0.0,0.3,0.0,0.01,0.01,,,,,,,,,,,,,,,,,,,,,,2.0,0.0,0.0,12.5,0.0,0.0,0.5,0,Tyler Fletcher,Midfielder,Man Utd
439,2025/26,111,1630,11,2,2,30,0,0,0,2,0,0,19,405,483.8,156.1,803.0,143.4,9.21,0.28,9.48,,,,,,,,,,,,,,,,,,,,,,1.0,0.0,0.0,3.5,0.0,0.0,0.0,0,Benjamin Sesko,Forward,Man Utd
440,2024/25,64,1385,3,2,3,24,0,0,0,2,0,0,6,216,222.6,212.0,351.0,78.0,4.64,1.04,5.68,,,,,,,,,,,,,,,,,,,,,,,,,,,,,0,Joshua Zirkzee,Forward,Man Utd
440,2025/26,42,607,2,1,2,8,0,0,0,3,0,0,6,146,164.4,177.7,245.0,58.3,2.74,0.34,3.08,64.0,1385.0,3.0,2.0,3.0,24.0,0.0,0.0,0.0,2.0,0.0,0.0,6.0,216.0,222.6,212.0,351.0,78.0,4.64,1.04,5.68,0.0,0.0,0.0,0.0,0.0,0.0,0.0,1,Joshua Zirkzee,Forward,Man Utd
441,2024/25,7,160,0,0,0,5,0,0,0,1,0,0,0,21,8.2,5.1,46.0,5.4,0.66,0.03,0.69,,,,,,,,,,,,,,,,,,,,,,35.0,0.0,0.0,1260.0,1.0,53.0,31.0,0,Chido Obi,Forward,Man Utd
441,2025/26,0,0,0,0,0,0,0,0,0,0,0,0,0,0,0.0,0.0,0.0,0.0,0.0,0.0,0.0,7.0,160.0,0.0,0.0,0.0,5.0,0.0,0.0,0.0,1.0,0.0,0.0,0.0,21.0,8.2,5.1,46.0,5.4,0.66,0.03,0.69,70.0,0.0,0.0,2520.0,2.0,106.0,62.0,1,Chido Obi,Forward,Man Utd
442,2016/17,0,0,0,0,0,0,0,0,0,0,0,0,0,0,0.0,0.0,0.0,0.0,0.0,0.0,0.0,,,,,,,,,,,,,,,,,,,,,,0.0,0.0,0.0,0.0,0.0,0.0,0.0,0,Nick Pope,Goalkeeper,Newcastle
442,2017/18,152,3114,0,0,11,35,0,1,0,3,0,113,19,701,862.4,40.0,0.0,90.1,0.0,0.0,0.0,0.0,0.0,0.0,0.0,0.0,0.0,0.0,0.0,0.0,0.0,0.0,0.0,0.0,0.0,0.0,0.0,0.0,0.0,0.0,0.0,0.0,7.5,0.0,0.0,315.0,0.0,10.0,10.0,1,Nick Pope,Goalkeeper,Newcastle
442,2018/19,0,0,0,0,0,0,0,0,0,0,0,0,0,0,0.0,0.0,0.0,0.0,0.0,0.0,0.0,152.0,3114.0,0.0,0.0,11.0,35.0,0.0,1.0,0.0,3.0,0.0,113.0,19.0,701.0,862.4,40.0,0.0,90.1,0.0,0.0,0.0,7.5,0.0,0.0,315.0,0.0,10.0,10.0,2,Nick Pope,Goalkeeper,Newcastle
442,2019/20,170,3420,0,0,15,50,0,1,0,1,0,120,23,789,900.0,30.3,2.0,93.1,0.0,0.0,0.0,0.0,0.0,0.0,0.0,0.0,0.0,0.0,0.0,0.0,0.0,0.0,0.0,0.0,0.0,0.0,0.0,0.0,0.0,0.0,0.0,0.0,0.0,0.0,0.0,0.0,0.0,0.0,0.0,3,Nick Pope,Goalkeeper,Newcastle
442,2020/21,144,2880,0,0,11,37,0,0,0,1,0,114,20,652,846.6,20.0,2.0,86.8,0.0,0.0,0.0,170.0,3420.0,0.0,0.0,15.0,50.0,0.0,1.0,0.0,1.0,0.0,120.0,23.0,789.0,900.0,30.3,2.0,93.1,0.0,0.0,0.0,0.0,0.0,0.0,0.0,0.0,0.0,0.0,4,Nick Pope,Goalkeeper,Newcastle
442,2021/22,130,3240,0,0,9,47,0,0,0,1,0,120,12,683,902.8,20.0,0.0,92.4,0.0,0.0,0.0,144.0,2880.0,0.0,0.0,11.0,37.0,0.0,0.0,0.0,1.0,0.0,114.0,20.0,652.0,846.6,20.0,2.0,86.8,0.0,0.0,0.0,-0.5,0.0,0.0,0.0,0.0,0.0,0.0,5,Nick Pope,Goalkeeper,Newcastle
442,2022/23,157,3261,0,0,14,32,0,2,0,3,1,87,14,678,709.6,20.0,0.0,72.9,0.0,0.01,0.01,130.0,3240.0,0.0,0.0,9.0,47.0,0.0,0.0,0.0,1.0,0.0,120.0,12.0,683.0,902.8,20.0,0.0,92.4,0.0,0.0,0.0,-0.5,0.0,0.0,0.0,0.0,0.0,0.0,6,Nick Pope,Goalkeeper,Newcastle
442,2023/24,57,1345,0,0,6,16,0,0,0,1,0,43,1,279,323.0,0.0,4.0,32.7,0.02,0.0,0.02,157.0,3261.0,0.0,0.0,14.0,32.0,0.0,2.0,0.0,3.0,1.0,87.0,14.0,678.0,709.6,20.0,0.0,72.9,0.0,0.01,0.01,0.0,0.0,0.0,0.0,0.0,0.0,0.0,7,Nick Pope,Goalkeeper,Newcastle
442,2024/25,102,2520,0,0,8,35,0,1,0,2,0,88,2,384,666.0,10.0,0.0,67.4,0.0,0.0,0.0,57.0,1345.0,0.0,0.0,6.0,16.0,0.0,0.0,0.0,1.0,0.0,43.0,1.0,279.0,323.0,0.0,4.0,32.7,0.02,0.0,0.02,0.0,0.0,0.0,0.0,0.0,0.0,0.0,8,Nick Pope,Goalkeeper,Newcastle
442,2025/26,96,2416,0,1,7,38,0,0,0,2,0,89,3,414,671.0,0.0,35.0,70.7,0.16,0.0,0.16,102.0,2520.0,0.0,0.0,8.0,35.0,0.0,1.0,0.0,2.0,0.0,88.0,2.0,384.0,666.0,10.0,0.0,67.4,0.0,0.0,0.0,15.5,1.0,0.0,262.5,1.5,0.0,1.5,9,Nick Pope,Goalkeeper,Newcastle
443,2020/21,0,0,0,0,0,0,0,0,0,0,0,0,0,0,0.0,0.0,0.0,0.0,0.0,0.0,0.0,,,,,,,,,,,,,,,,,,,,,,31.0,2.0,0.0,525.0,3.0,0.0,3.0,0,Mark Gillespie,Goalkeeper,Newcastle
443,2021/22,0,0,0,0,0,0,0,0,0,0,0,0,0,0,0.0,0.0,0.0,0.0,0.0,0.0,0.0,0.0,0.0,0.0,0.0,0.0,0.0,0.0,0.0,0.0,0.0,0.0,0.0,0.0,0.0,0.0,0.0,0.0,0.0,0.0,0.0,0.0,0.0,0.0,0.0,0.0,0.0,0.0,0.0,1,Mark Gillespie,Goalkeeper,Newcastle
443,2022/23,0,0,0,0,0,0,0,0,0,0,0,0,0,0,0.0,0.0,0.0,0.0,0.0,0.0,0.0,0.0,0.0,0.0,0.0,0.0,0.0,0.0,0.0,0.0,0.0,0.0,0.0,0.0,0.0,0.0,0.0,0.0,0.0,0.0,0.0,0.0,0.0,0.0,0.0,0.0,0.0,0.0,0.0,2,Mark Gillespie,Goalkeeper,Newcastle
443,2023/24,0,0,0,0,0,0,0,0,0,0,0,0,0,0,0.0,0.0,0.0,0.0,0.0,0.0,0.0,0.0,0.0,0.0,0.0,0.0,0.0,0.0,0.0,0.0,0.0,0.0,0.0,0.0,0.0,0.0,0.0,0.0,0.0,0.0,0.0,0.0,61.5,1.0,0.5,1611.0,5.5,0.0,21.5,3,Mark Gillespie,Goalkeeper,Newcastle
443,2025/26,0,0,0,0,0,0,0,0,0,0,0,0,0,0,0.0,0.0,0.0,0.0,0.0,0.0,0.0,0.0,0.0,0.0,0.0,0.0,0.0,0.0,0.0,0.0,0.0,0.0,0.0,0.0,0.0,0.0,0.0,0.0,0.0,0.0,0.0,0.0,109.0,1.5,0.5,3276.0,10.0,0.0,44.5,4,Mark Gillespie,Goalkeeper,Newcastle
445,2025/26,126,2963,4,0,5,52,0,0,0,4,0,0,12,436,868.0,114.3,409.0,138.9,4.8,0.96,5.76,,,,,,,,,,,,,,,,,,,,,,80.5,0.5,0.5,2675.0,7.5,0.0,39.0,0,Malick Thiaw,Defender,Newcastle
446,2018/19,93,2000,4,1,7,23,0,0,0,12,0,0,9,403,669.4,148.6,220.0,103.8,0.0,0.0,0.0,,,,,,,,,,,,,,,,,,,,,,91.0,1.5,1.5,2539.5,8.5,0.0,37.0,0,Fabian Schär,Defender,Newcastle
446,2019/20,55,1669,2,1,4,38,0,0,0,5,0,0,2,297,440.6,58.3,179.0,67.8,0.0,0.0,0.0,93.0,2000.0,4.0,1.0,7.0,23.0,0.0,0.0,0.0,12.0,0.0,0.0,9.0,403.0,669.4,148.6,220.0,103.8,0.0,0.0,0.0,116.0,3.0,2.0,3059.0,11.0,0.0,42.0,1,Fabian Schär,Defender,Newcastle
446,2020/21,30,1255,1,0,2,21,0,0,0,4,1,0,1,160,251.0,9.0,116.0,37.6,0.0,0.0,0.0,55.0,1669.0,2.0,1.0,4.0,38.0,0.0,0.0,0.0,5.0,0.0,0.0,2.0,297.0,440.6,58.3,179.0,67.8,0.0,0.0,0.0,80.0,1.0,1.0,2467.0,11.0,0.0,38.0,2,Fabian Schär,Defender,Newcastle
446,2021/22,88,2158,2,2,6,32,0,0,0,4,0,0,10,383,465.2,115.9,234.0,81.7,0.0,0.0,0.0,30.0,1255.0,1.0,0.0,2.0,21.0,0.0,0.0,0.0,4.0,1.0,0.0,1.0,160.0,251.0,9.0,116.0,37.6,0.0,0.0,0.0,56.0,0.5,1.5,1649.0,6.5,0.0,25.5,3,Fabian Schär,Defender,Newcastle
446,2022/23,139,3207,1,3,15,28,1,0,0,7,0,0,6,617,680.8,264.7,523.0,147.1,4.63,2.05,6.68,88.0,2158.0,2.0,2.0,6.0,32.0,0.0,0.0,0.0,4.0,0.0,0.0,10.0,383.0,465.2,115.9,234.0,81.7,0.0,0.0,0.0,56.5,0.5,4.5,1250.5,5.5,0.0,16.0,4,Fabian Schär,Defender,Newcastle
446,2023/24,123,3055,4,3,9,58,0,0,0,5,0,0,12,629,826.6,166.7,278.0,127.4,2.47,1.41,3.87,139.0,3207.0,1.0,3.0,15.0,28.0,1.0,0.0,0.0,7.0,0.0,0.0,6.0,617.0,680.8,264.7,523.0,147.1,4.63,2.05,6.68,81.0,1.0,7.0,1670.0,9.0,0.0,19.0,5,Fabian Schär,Defender,Newcastle
446,2024/25,118,2935,4,2,11,42,0,0,0,9,1,0,4,440,743.2,111.5,346.0,119.6,3.94,1.01,4.95,123.0,3055.0,4.0,3.0,9.0,58.0,0.0,0.0,0.0,5.0,0.0,0.0,12.0,629.0,826.6,166.7,278.0,127.4,2.47,1.41,3.87,142.0,1.0,1.0,2843.0,17.0,0.0,21.0,6,Fabian Schär,Defender,Newcastle
446,2025/26,51,1089,0,0,4,13,0,0,0,1,0,0,0,186,291.2,63.6,108.0,46.4,0.97,0.6,1.57,118.0,2935.0,4.0,2.0,11.0,42.0,0.0,0.0,0.0,9.0,1.0,0.0,4.0,440.0,743.2,111.5,346.0,119.6,3.94,1.01,4.95,141.5,1.5,3.0,2622.0,15.5,0.0,19.5,7,Fabian Schär,Defender,Newcastle
447,2022/23,129,3127,0,2,13,30,0,0,0,2,0,0,8,666,583.0,120.3,303.0,101.0,2.75,1.09,3.84,,,,,,,,,,,,,,,,,,,,,,110.5,1.0,2.5,2199.0,11.5,0.0,17.0,0,Sven Botman,Defender,Newcastle
447,2023/24,51,1375,2,2,3,29,1,0,0,2,0,0,4,298,386.8,62.9,104.0,55.5,0.62,0.54,1.16,129.0,3127.0,0.0,2.0,13.0,30.0,0.0,0.0,0.0,2.0,0.0,0.0,8.0,666.0,583.0,120.3,303.0,101.0,2.75,1.09,3.84,84.0,0.0,0.0,2277.0,9.0,0.0,22.0,1,Sven Botman,Defender,Newcastle
447,2024/25,18,412,0,0,2,4,0,0,0,1,0,0,0,95,110.4,28.4,96.0,23.6,0.59,0.22,0.81,51.0,1375.0,2.0,2.0,3.0,29.0,1.0,0.0,0.0,2.0,0.0,0.0,4.0,298.0,386.8,62.9,104.0,55.5,0.62,0.54,1.16,89.0,0.0,0.0,2413.0,10.0,0.0,24.5,2,Sven Botman,Defender,Newcastle
447,2025/26,89,1834,1,1,5,27,1,0,0,2,0,0,6,332,597.0,85.8,190.0,87.4,1.73,0.86,2.59,18.0,412.0,0.0,0.0,2.0,4.0,0.0,0.0,0.0,1.0,0.0,0.0,0.0,95.0,110.4,28.4,96.0,23.6,0.59,0.22,0.81,90.0,0.0,0.0,2269.0,11.0,0.0,21.0,3,Sven Botman,Defender,Newcastle
448,2013/14,8,607,0,0,0,18,0,0,0,0,0,0,0,25,0.0,0.0,0.0,0.0,0.0,0.0,0.0,,,,,,,,,,,,,,,,,,,,,,123.0,4.0,2.0,2327.0,9.0,0.0,23.0,0,Dan Burn,Defender,Newcastle
448,2018/19,0,0,0,0,0,0,0,0,0,0,0,0,0,0,0.0,0.0,0.0,0.0,0.0,0.0,0.0,8.0,607.0,0.0,0.0,0.0,18.0,0.0,0.0,0.0,0.0,0.0,0.0,0.0,25.0,0.0,0.0,0.0,0.0,0.0,0.0,0.0,138.0,4.5,1.0,2802.5,11.0,0.0,32.0,1,Dan Burn,Defender,Newcastle
448,2019/20,86,2879,0,0,9,42,0,0,0,5,0,0,3,480,602.8,311.9,128.0,104.2,0.0,0.0,0.0,0.0,0.0,0.0,0.0,0.0,0.0,0.0,0.0,0.0,0.0,0.0,0.0,0.0,0.0,0.0,0.0,0.0,0.0,0.0,0.0,0.0,153.0,5.0,0.0,3278.0,13.0,0.0,41.0,2,Dan Burn,Defender,Newcastle
448,2020/21,64,2057,1,0,6,28,1,0,0,5,0,0,1,330,389.0,183.1,214.0,78.2,0.0,0.0,0.0,86.0,2879.0,0.0,0.0,9.0,42.0,0.0,0.0,0.0,5.0,0.0,0.0,3.0,480.0,602.8,311.9,128.0,104.2,0.0,0.0,0.0,54.0,1.0,1.0,1400.0,3.0,0.0,23.0,3,Dan Burn,Defender,Newcastle
448,2021/22,92,2461,1,1,9,30,0,0,0,8,0,0,6,454,594.0,83.8,264.0,94.0,0.0,0.0,0.0,64.0,2057.0,1.0,0.0,6.0,28.0,1.0,0.0,0.0,5.0,0.0,0.0,1.0,330.0,389.0,183.1,214.0,78.2,0.0,0.0,0.0,70.5,1.0,2.5,1613.0,5.0,0.0,24.5,4,Dan Burn,Defender,Newcastle
448,2022/23,129,3109,1,0,14,30,0,0,0,5,0,0,6,584,555.0,230.4,265.0,105.3,2.12,1.28,3.4,92.0,2461.0,1.0,1.0,9.0,30.0,0.0,0.0,0.0,8.0,0.0,0.0,6.0,454.0,594.0,83.8,264.0,94.0,0.0,0.0,0.0,64.0,1.0,2.0,1446.5,5.5,0.0,22.0,5,Dan Burn,Defender,Newcastle
448,2023/24,97,2725,2,2,8,45,0,0,0,4,0,0,4,493,656.4,153.8,286.0,109.7,3.35,1.12,4.47,129.0,3109.0,1.0,0.0,14.0,30.0,0.0,0.0,0.0,5.0,0.0,0.0,6.0,584.0,555.0,230.4,265.0,105.3,2.12,1.28,3.4,59.0,1.5,1.5,1697.0,3.5,0.0,30.5,6,Dan Burn,Defender,Newcastle
448,2024/25,115,3330,1,1,13,45,2,0,0,11,0,0,9,476,736.6,123.6,297.0,115.8,1.97,1.09,3.06,97.0,2725.0,2.0,2.0,8.0,45.0,0.0,0.0,0.0,4.0,0.0,0.0,4.0,493.0,656.4,153.8,286.0,109.7,3.35,1.12,4.47,101.0,3.0,5.0,2719.5,5.0,0.0,55.0,7,Dan Burn,Defender,Newcastle
448,2025/26,93,2195,1,3,6,36,0,0,0,9,1,0,5,286,525.8,107.3,186.0,82.1,1.08,0.36,1.44,115.0,3330.0,1.0,1.0,13.0,45.0,2.0,0.0,0.0,11.0,0.0,0.0,9.0,476.0,736.6,123.6,297.0,115.8,1.97,1.09,3.06,125.0,4.0,7.0,3112.0,7.0,0.0,67.0,8,Dan Burn,Defender,Newcastle
449,2021/22,0,0,0,0,0,0,0,0,0,0,0,0,0,0,0.0,0.0,0.0,0.0,0.0,0.0,0.0,,,,,,,,,,,,,,,,,,,,,,14.0,0.0,0.0,503.0,2.0,0.0,6.0,0,Lewis Hall,Defender,Newcastle
449,2022/23,19,653,0,0,1,11,0,0,0,1,0,0,3,118,134.4,225.8,127.0,48.8,0.83,1.46,2.29,0.0,0.0,0.0,0.0,0.0,0.0,0.0,0.0,0.0,0.0,0.0,0.0,0.0,0.0,0.0,0.0,0.0,0.0,0.0,0.0,0.0,14.0,0.0,0.0,503.0,2.0,0.0,6.0,1,Lewis Hall,Defender,Newcastle
449,2023/24,38,773,1,0,2,12,0,0,0,2,0,0,3,171,194.8,69.1,85.0,34.9,0.35,0.72,1.07,19.0,653.0,0.0,0.0,1.0,11.0,0.0,0.0,0.0,1.0,0.0,0.0,3.0,118.0,134.4,225.8,127.0,48.8,0.83,1.46,2.29,0.0,0.0,0.0,0.0,0.0,0.0,0.0,2,Lewis Hall,Defender,Newcastle
449,2024/25,102,2188,0,7,8,31,0,0,0,3,0,0,11,443,561.6,561.2,128.0,125.3,0.43,3.73,4.16,38.0,773.0,1.0,0.0,2.0,12.0,0.0,0.0,0.0,2.0,0.0,0.0,3.0,171.0,194.8,69.1,85.0,34.9,0.35,0.72,1.07,0.0,0.0,0.0,0.0,0.0,0.0,0.0,3,Lewis Hall,Defender,Newcastle
449,2025/26,79,2176,1,2,4,39,0,0,0,4,0,0,4,347,550.2,433.6,196.0,118.0,1.01,2.78,3.79,102.0,2188.0,0.0,7.0,8.0,31.0,0.0,0.0,0.0,3.0,0.0,0.0,11.0,443.0,561.6,561.2,128.0,125.3,0.43,3.73,4.16,29.0,0.0,0.0,900.0,2.0,0.0,8.0,4,Lewis Hall,Defender,Newcastle
450,2020/21,0,0,0,0,0,0,0,0,0,0,0,0,0,0,0.0,0.0,0.0,0.0,0.0,0.0,0.0,,,,,,,,,,,,,,,,,,,,,,136.0,9.5,5.5,2650.5,9.5,0.0,37.0,0,Tino Livramento,Defender,Newcastle
450,2021/22,80,2200,1,2,7,42,0,0,0,2,0,0,7,440,437.2,327.4,221.0,98.8,0.0,0.0,0.0,0.0,0.0,0.0,0.0,0.0,0.0,0.0,0.0,0.0,0.0,0.0,0.0,0.0,0.0,0.0,0.0,0.0,0.0,0.0,0.0,0.0,165.0,11.0,7.0,3202.0,11.0,0.0,41.0,1,Tino Livramento,Defender,Newcastle
450,2022/23,2,26,0,0,0,0,0,0,0,0,0,0,0,13,14.2,0.3,0.0,1.5,0.0,0.0,0.0,80.0,2200.0,1.0,2.0,7.0,42.0,0.0,0.0,0.0,2.0,0.0,0.0,7.0,440.0,437.2,327.4,221.0,98.8,0.0,0.0,0.0,8.0,0.0,1.0,45.0,0.0,0.0,1.0,2,Tino Livramento,Defender,Newcastle
450,2023/24,45,1302,1,0,2,27,0,0,0,1,0,0,4,253,292.0,193.9,96.0,58.4,0.38,0.83,1.21,2.0,26.0,0.0,0.0,0.0,0.0,0.0,0.0,0.0,0.0,0.0,0.0,0.0,13.0,14.2,0.3,0.0,1.5,0.0,0.0,0.0,16.5,0.5,0.5,186.5,1.0,0.0,0.5,3,Tino Livramento,Defender,Newcastle
450,2024/25,105,2835,0,1,10,40,0,0,0,1,0,0,6,476,567.4,406.2,127.0,110.1,0.33,2.7,3.03,45.0,1302.0,1.0,0.0,2.0,27.0,0.0,0.0,0.0,1.0,0.0,0.0,4.0,253.0,292.0,193.9,96.0,58.4,0.38,0.83,1.21,47.0,3.0,1.0,608.0,3.0,0.0,3.5,4,Tino Livramento,Defender,Newcastle
450,2025/26,59,1326,0,1,6,14,0,0,0,1,0,0,3,252,219.4,199.7,42.0,46.1,0.13,0.89,1.02,105.0,2835.0,0.0,1.0,10.0,40.0,0.0,0.0,0.0,1.0,0.0,0.0,6.0,476.0,567.4,406.2,127.0,110.1,0.33,2.7,3.03,102.0,7.0,5.0,1247.5,5.0,0.0,11.5,5,Tino Livramento,Defender,Newcastle
451,2023/24,2,11,0,0,0,0,0,0,0,0,0,0,0,6,2.6,1.0,0.0,0.3,0.0,0.0,0.0,,,,,,,,,,,,,,,,,,,,,,136.0,9.0,7.0,1866.0,9.5,0.0,16.0,0,Alex Murphy,Defender,Newcastle
451,2024/25,0,0,0,0,0,0,0,0,0,0,0,0,0,0,0.0,0.0,0.0,0.0,0.0,0.0,0.0,2.0,11.0,0.0,0.0,0.0,0.0,0.0,0.0,0.0,0.0,0.0,0.0,0.0,6.0,2.6,1.0,0.0,0.3,0.0,0.0,0.0,139.5,10.0,6.5,1978.5,9.0,0.0,16.0,1,Alex Murphy,Defender,Newcastle
451,2025/26,2,7,0,0,0,1,0,0,0,0,0,0,0,3,10.2,0.6,2.0,1.3,0.0,0.0,0.0,0.0,0.0,0.0,0.0,0.0,0.0,0.0,0.0,0.0,0.0,0.0,0.0,0.0,0.0,0.0,0.0,0.0,0.0,0.0,0.0,0.0,186.0,15.0,7.5,2346.0,9.5,0.0,21.5,2,Alex Murphy,Defender,Newcastle
452,2021/22,67,1031,5,1,4,13,0,0,0,4,0,0,11,245,407.6,190.9,323.0,92.3,0.0,0.0,0.0,,,,,,,,,,,,,,,,,,,,,,167.5,13.0,5.5,2315.5,10.0,0.0,25.5,0,Bruno Guimarães Rodriguez Moura,Midfielder,Arsenal
452,2022/23,107,2727,4,5,12,25,0,0,0,7,0,0,5,438,630.8,646.1,286.0,156.6,2.82,3.72,6.54,67.0,1031.0,5.0,1.0,4.0,13.0,0.0,0.0,0.0,4.0,0.0,0.0,11.0,245.0,407.6,190.9,323.0,92.3,0.0,0.0,0.0,105.0,7.0,3.0,1771.0,6.0,0.0,24.0,1,Bruno Guimarães Rodriguez Moura,Midfielder,Arsenal
452,2023/24,153,3264,7,9,10,60,0,0,0,8,0,0,15,691,968.4,948.7,489.0,241.0,4.91,6.2,11.11,107.0,2727.0,4.0,5.0,12.0,25.0,0.0,0.0,0.0,7.0,0.0,0.0,5.0,438.0,630.8,646.1,286.0,156.6,2.82,3.72,6.54,,,,,,,,2,Bruno Guimarães Rodriguez Moura,Midfielder,Arsenal
452,2024/25,135,3273,5,6,13,44,0,0,0,7,0,0,10,661,723.0,796.0,454.0,197.5,4.34,5.32,9.66,153.0,3264.0,7.0,9.0,10.0,60.0,0.0,0.0,0.0,8.0,0.0,0.0,15.0,691.0,968.4,948.7,489.0,241.0,4.91,6.2,11.11,98.0,3.0,10.0,1585.0,1.0,0.0,19.0,3,Bruno Guimarães Rodriguez Moura,Midfielder,Arsenal
452,2025/26,154,2456,9,7,6,37,0,0,0,6,0,0,22,681,782.4,756.7,488.0,202.9,5.59,4.96,10.55,135.0,3273.0,5.0,6.0,13.0,44.0,0.0,0.0,0.0,7.0,0.0,0.0,10.0,661.0,723.0,796.0,454.0,197.5,4.34,5.32,9.66,93.0,3.0,8.0,1545.5,4.5,0.0,16.5,4,Bruno Guimarães Rodriguez Moura,Midfielder,Arsenal
453,2017/18,3,8,0,0,0,0,0,0,0,0,0,0,0,8,0.2,1.0,6.0,0.6,0.0,0.0,0.0,,,,,,,,,,,,,,,,,,,,,,88.0,3.0,6.0,1506.0,8.0,0.0,14.0,0,Harvey Barnes,Midfielder,Newcastle
453,2018/19,43,1001,1,3,1,16,0,0,0,0,0,0,1,139,172.8,242.0,534.0,94.8,0.0,0.0,0.0,3.0,8.0,0.0,0.0,0.0,0.0,0.0,0.0,0.0,0.0,0.0,0.0,0.0,8.0,0.2,1.0,6.0,0.6,0.0,0.0,0.0,73.0,7.0,1.0,1174.0,8.0,0.0,12.0,1,Harvey Barnes,Midfielder,Newcastle
453,2019/20,133,2075,6,10,9,24,0,0,0,0,0,0,9,394,525.0,517.4,893.0,193.7,0.0,0.0,0.0,43.0,1001.0,1.0,3.0,1.0,16.0,0.0,0.0,0.0,0.0,0.0,0.0,1.0,139.0,172.8,242.0,534.0,94.8,0.0,0.0,0.0,73.0,7.0,1.0,1174.0,8.0,0.0,12.0,2,Harvey Barnes,Midfielder,Newcastle
453,2020/21,126,1944,9,5,7,25,0,0,0,0,0,0,13,348,556.4,359.0,810.0,172.7,0.0,0.0,0.0,133.0,2075.0,6.0,10.0,9.0,24.0,0.0,0.0,0.0,0.0,0.0,0.0,9.0,394.0,525.0,517.4,893.0,193.7,0.0,0.0,0.0,92.0,3.0,2.0,2480.0,14.0,0.0,27.0,3,Harvey Barnes,Midfielder,Newcastle
453,2021/22,137,2095,6,12,8,30,0,0,0,2,0,0,10,377,546.2,425.3,1000.0,196.8,0.0,0.0,0.0,126.0,1944.0,9.0,5.0,7.0,25.0,0.0,0.0,0.0,0.0,0.0,0.0,13.0,348.0,556.4,359.0,810.0,172.7,0.0,0.0,0.0,91.5,2.5,2.0,2613.5,13.5,0.0,27.0,4,Harvey Barnes,Midfielder,Newcastle
453,2022/23,138,2709,13,2,6,51,0,0,0,3,0,0,0,379,612.8,322.9,942.0,187.7,9.07,2.33,11.4,137.0,2095.0,6.0,12.0,8.0,30.0,0.0,0.0,0.0,2.0,0.0,0.0,10.0,377.0,546.2,425.3,1000.0,196.8,0.0,0.0,0.0,109.0,4.5,2.0,2815.5,15.0,0.0,24.5,5,Harvey Barnes,Midfielder,Newcastle
453,2023/24,64,788,5,3,2,10,0,0,0,2,0,0,3,205,279.2,181.5,334.0,79.5,3.78,1.9,5.68,138.0,2709.0,13.0,2.0,6.0,51.0,0.0,0.0,0.0,3.0,0.0,0.0,0.0,379.0,612.8,322.9,942.0,187.7,9.07,2.33,11.4,117.5,4.5,4.0,2897.5,14.0,0.0,24.0,6,Harvey Barnes,Midfielder,Newcastle
453,2024/25,130,1746,9,5,6,23,0,0,0,0,0,0,13,442,522.2,407.1,701.0,163.1,6.45,4.4,10.85,64.0,788.0,5.0,3.0,2.0,10.0,0.0,0.0,0.0,2.0,0.0,0.0,3.0,205.0,279.2,181.5,334.0,79.5,3.78,1.9,5.68,133.5,5.0,8.0,2921.0,12.5,0.0,26.0,7,Harvey Barnes,Midfielder,Newcastle
453,2025/26,106,1951,7,1,5,31,0,0,0,1,0,0,9,349,404.0,387.5,682.0,147.0,6.84,2.72,9.56,130.0,1746.0,9.0,5.0,6.0,23.0,0.0,0.0,0.0,0.0,0.0,0.0,13.0,442.0,522.2,407.1,701.0,163.1,6.45,4.4,10.85,81.0,4.0,5.0,1501.5,7.0,0.0,13.5,8,Harvey Barnes,Midfielder,Newcastle
454,2020/21,11,155,1,0,0,2,0,0,0,0,0,0,2,32,51.6,19.7,29.0,10.0,0.0,0.0,0.0,,,,,,,,,,,,,,,,,,,,,,3.0,0.0,0.0,72.0,0.0,0.0,1.0,0,Anthony Elanga,Midfielder,Newcastle
454,2021/22,59,1208,2,3,4,17,0,0,0,0,0,0,2,193,206.2,172.1,303.0,68.2,0.0,0.0,0.0,11.0,155.0,1.0,0.0,0.0,2.0,0.0,0.0,0.0,0.0,0.0,0.0,2.0,32.0,51.6,19.7,29.0,10.0,0.0,0.0,0.0,106.0,1.0,11.0,1760.0,8.0,0.0,25.0,1,Anthony Elanga,Midfielder,Newcastle
454,2022/23,23,417,0,1,2,2,0,0,0,0,0,0,0,53,52.4,78.8,162.0,28.7,0.65,0.98,1.63,59.0,1208.0,2.0,3.0,4.0,17.0,0.0,0.0,0.0,0.0,0.0,0.0,2.0,193.0,206.2,172.1,303.0,68.2,0.0,0.0,0.0,106.0,1.0,11.0,1760.0,8.0,0.0,25.0,2,Anthony Elanga,Midfielder,Newcastle
454,2023/24,119,2424,5,9,2,47,0,0,0,1,0,0,5,386,536.4,441.6,618.0,159.2,6.2,4.04,10.24,23.0,417.0,0.0,1.0,2.0,2.0,0.0,0.0,0.0,0.0,0.0,0.0,0.0,53.0,52.4,78.8,162.0,28.7,0.65,0.98,1.63,,,,,,,,3,Anthony Elanga,Midfielder,Newcastle
454,2024/25,153,2496,6,11,12,35,0,0,0,1,0,0,15,535,627.0,785.4,582.0,199.8,4.81,5.12,9.93,119.0,2424.0,5.0,9.0,2.0,47.0,0.0,0.0,0.0,1.0,0.0,0.0,5.0,386.0,536.4,441.6,618.0,159.2,6.2,4.04,10.24,31.0,1.0,1.0,760.0,6.0,0.0,7.0,4,Anthony Elanga,Midfielder,Newcastle
454,2025/26,48,1302,0,1,2,28,0,0,0,0,0,0,0,179,130.4,266.7,185.0,57.8,1.65,1.74,3.39,153.0,2496.0,6.0,11.0,12.0,35.0,0.0,0.0,0.0,1.0,0.0,0.0,15.0,535.0,627.0,785.4,582.0,199.8,4.81,5.12,9.93,31.0,1.0,1.0,760.0,6.0,0.0,7.0,5,Anthony Elanga,Midfielder,Newcastle
455,2023/24,16,437,1,0,1,5,0,0,0,2,0,0,0,86,81.8,105.0,50.0,23.8,0.62,0.47,1.09,,,,,,,,,,,,,,,,,,,,,,64.0,0.0,2.0,1725.0,9.0,0.0,19.0,0,Sandro Tonali,Midfielder,Spurs
455,2024/25,106,2625,4,2,11,34,0,0,0,5,0,0,10,536,539.4,496.3,299.0,133.5,4.46,2.77,7.23,16.0,437.0,1.0,0.0,1.0,5.0,0.0,0.0,0.0,2.0,0.0,0.0,0.0,86.0,81.8,105.0,50.0,23.8,0.62,0.47,1.09,66.0,0.5,2.5,1895.0,6.5,0.0,28.0,1,Sandro Tonali,Midfielder,Spurs
455,2025/26,81,2534,0,2,7,38,0,0,0,4,0,0,2,477,398.0,534.1,198.0,113.4,1.75,2.87,4.62,106.0,2625.0,4.0,2.0,11.0,34.0,0.0,0.0,0.0,5.0,0.0,0.0,10.0,536.0,539.4,496.3,299.0,133.5,4.46,2.77,7.23,61.0,0.5,2.0,1937.0,6.5,0.0,31.5,2,Sandro Tonali,Midfielder,Spurs
456,2020/21,28,611,0,0,2,10,0,0,0,0,0,0,0,75,72.8,91.7,126.0,28.9,0.0,0.0,0.0,,,,,,,,,,,,,,,,,,,,,,65.0,1.0,3.0,1680.5,8.5,0.0,18.5,0,Jacob Ramsey,Midfielder,Newcastle
456,2021/22,109,2465,6,1,12,35,0,0,0,6,0,0,9,402,538.2,334.0,432.0,130.7,0.0,0.0,0.0,28.0,611.0,0.0,0.0,2.0,10.0,0.0,0.0,0.0,0.0,0.0,0.0,0.0,75.0,72.8,91.7,126.0,28.9,0.0,0.0,0.0,64.5,1.5,3.5,1625.5,6.0,0.0,18.0,1,Jacob Ramsey,Midfielder,Newcastle
456,2022/23,135,2634,6,8,11,33,1,0,0,5,0,0,13,470,653.4,537.8,456.0,164.7,5.07,2.89,7.96,109.0,2465.0,6.0,1.0,12.0,35.0,0.0,0.0,0.0,6.0,0.0,0.0,9.0,402.0,538.2,334.0,432.0,130.7,0.0,0.0,0.0,56.0,1.0,1.0,1619.0,6.5,0.0,19.5,2,Jacob Ramsey,Midfielder,Newcastle
456,2023/24,29,848,1,1,0,12,0,0,0,2,0,0,0,101,124.0,159.3,182.0,46.7,2.09,1.38,3.47,135.0,2634.0,6.0,8.0,11.0,33.0,1.0,0.0,0.0,5.0,0.0,0.0,13.0,470.0,653.4,537.8,456.0,164.7,5.07,2.89,7.96,84.0,3.5,1.5,1866.5,9.5,0.0,21.5,3,Jacob Ramsey,Midfielder,Newcastle
456,2024/25,66,1616,1,4,5,26,0,0,0,2,1,0,3,265,235.4,307.9,245.0,78.7,1.59,2.18,3.77,29.0,848.0,1.0,1.0,0.0,12.0,0.0,0.0,0.0,2.0,0.0,0.0,0.0,101.0,124.0,159.3,182.0,46.7,2.09,1.38,3.47,109.0,6.0,3.0,2194.0,10.0,0.0,29.0,4,Jacob Ramsey,Midfielder,Newcastle
456,2025/26,62,1441,2,3,1,31,0,0,0,3,1,0,3,303,304.4,330.3,165.0,79.9,1.2,1.45,2.65,66.0,1616.0,1.0,4.0,5.0,26.0,0.0,0.0,0.0,2.0,1.0,0.0,3.0,265.0,235.4,307.9,245.0,78.7,1.59,2.18,3.77,1.0,0.0,0.0,5.0,0.0,0.0,0.0,5,Jacob Ramsey,Midfielder,Newcastle
457,2017/18,51,1137,1,2,2,25,0,0,0,0,0,0,2,171,161.8,159.7,227.0,54.7,0.0,0.0,0.0,,,,,,,,,,,,,,,,,,,,,,1.0,0.0,0.0,5.0,0.0,0.0,0.0,0,Jacob Murphy,Midfielder,Newcastle
457,2018/19,16,296,0,1,1,8,0,0,0,0,0,0,0,50,53.6,31.1,22.0,10.7,0.0,0.0,0.0,51.0,1137.0,1.0,2.0,2.0,25.0,0.0,0.0,0.0,0.0,0.0,0.0,2.0,171.0,161.8,159.7,227.0,54.7,0.0,0.0,0.0,67.0,1.0,2.0,2428.0,9.0,0.0,34.0,1,Jacob Murphy,Midfielder,Newcastle
457,2019/20,0,0,0,0,0,0,0,0,0,0,0,0,0,0,0.0,0.0,0.0,0.0,0.0,0.0,0.0,16.0,296.0,0.0,1.0,1.0,8.0,0.0,0.0,0.0,0.0,0.0,0.0,0.0,50.0,53.6,31.1,22.0,10.7,0.0,0.0,0.0,53.0,0.5,1.5,2011.0,6.0,0.0,29.5,2,Jacob Murphy,Midfielder,Newcastle
457,2020/21,69,1617,2,3,3,33,0,0,0,3,0,0,7,252,363.4,280.8,289.0,93.2,0.0,0.0,0.0,0.0,0.0,0.0,0.0,0.0,0.0,0.0,0.0,0.0,0.0,0.0,0.0,0.0,0.0,0.0,0.0,0.0,0.0,0.0,0.0,0.0,26.5,0.0,0.5,942.5,2.0,0.0,14.0,3,Jacob Murphy,Midfielder,Newcastle
457,2021/22,62,1457,1,4,2,35,0,0,0,4,0,0,0,215,267.8,282.0,281.0,82.8,0.0,0.0,0.0,69.0,1617.0,2.0,3.0,3.0,33.0,0.0,0.0,0.0,3.0,0.0,0.0,7.0,252.0,363.4,280.8,289.0,93.2,0.0,0.0,0.0,12.0,0.0,0.0,342.5,0.5,0.0,8.0,4,Jacob Murphy,Midfielder,Newcastle
457,2022/23,78,1230,4,2,3,12,0,0,0,0,0,0,2,240,275.0,302.5,410.0,98.9,3.46,2.95,6.41,62.0,1457.0,1.0,4.0,2.0,35.0,0.0,0.0,0.0,4.0,0.0,0.0,0.0,215.0,267.8,282.0,281.0,82.8,0.0,0.0,0.0,18.5,0.0,0.0,812.5,0.5,0.0,21.5,5,Jacob Murphy,Midfielder,Newcastle
457,2023/24,82,1184,3,8,5,21,0,0,0,1,0,0,4,312,377.8,453.4,270.0,110.0,2.23,3.35,5.58,78.0,1230.0,4.0,2.0,3.0,12.0,0.0,0.0,0.0,0.0,0.0,0.0,2.0,240.0,275.0,302.5,410.0,98.9,3.46,2.95,6.41,27.0,0.0,0.0,1231.0,1.0,0.0,30.0,6,Jacob Murphy,Midfielder,Newcastle
457,2024/25,159,2356,8,13,11,31,0,0,0,4,0,0,11,601,713.4,625.2,519.0,185.6,5.89,6.14,12.03,82.0,1184.0,3.0,8.0,5.0,21.0,0.0,0.0,0.0,1.0,0.0,0.0,4.0,312.0,377.8,453.4,270.0,110.0,2.23,3.35,5.58,,,,,,,,7,Jacob Murphy,Midfielder,Newcastle
457,2025/26,82,1606,3,2,8,20,0,0,0,2,0,0,5,314,330.8,393.7,346.0,106.0,3.07,2.66,5.73,159.0,2356.0,8.0,13.0,11.0,31.0,0.0,0.0,0.0,4.0,0.0,0.0,11.0,601.0,713.4,625.2,519.0,185.6,5.89,6.14,12.03,,,,,,,,8,Jacob Murphy,Midfielder,Newcastle
458,2019/20,78,2678,2,2,9,46,0,0,0,7,0,0,3,236,330.8,433.4,641.0,140.5,0.0,0.0,0.0,,,,,,,,,,,,,,,,,,,,,,272.0,36.0,9.0,2767.0,13.0,0.0,26.0,0,Joelinton Cássio Apolinário de Lira,Midfielder,Newcastle
458,2020/21,74,1979,4,2,3,36,0,0,0,3,0,0,5,258,357.0,250.1,612.0,122.2,0.0,0.0,0.0,78.0,2678.0,2.0,2.0,9.0,46.0,0.0,0.0,0.0,7.0,0.0,0.0,3.0,236.0,330.8,433.4,641.0,140.5,0.0,0.0,0.0,244.5,31.5,8.5,2660.0,12.0,0.0,25.5,1,Joelinton Cássio Apolinário de Lira,Midfielder,Newcastle
458,2021/22,83,2554,4,2,7,46,0,0,0,8,0,0,7,323,529.6,386.6,583.0,149.5,0.0,0.0,0.0,74.0,1979.0,4.0,2.0,3.0,36.0,0.0,0.0,0.0,3.0,0.0,0.0,5.0,258.0,357.0,250.1,612.0,122.2,0.0,0.0,0.0,199.0,24.5,5.5,2644.5,10.5,0.0,31.5,2,Joelinton Cássio Apolinário de Lira,Midfielder,Newcastle
458,2022/23,115,2660,6,5,11,26,0,0,0,12,0,0,10,458,603.4,413.1,655.0,167.3,7.11,1.9,9.01,83.0,2554.0,4.0,2.0,7.0,46.0,0.0,0.0,0.0,8.0,0.0,0.0,7.0,323.0,529.6,386.6,583.0,149.5,0.0,0.0,0.0,181.0,22.0,3.0,2736.0,10.0,0.0,38.0,3,Joelinton Cássio Apolinário de Lira,Midfielder,Newcastle
458,2023/24,45,1276,2,1,3,23,0,0,0,6,0,0,3,209,295.2,314.9,206.0,81.6,2.82,1.09,3.91,115.0,2660.0,6.0,5.0,11.0,26.0,0.0,0.0,0.0,12.0,0.0,0.0,10.0,458.0,603.4,413.1,655.0,167.3,7.11,1.9,9.01,,,,,,,,4,Joelinton Cássio Apolinário de Lira,Midfielder,Newcastle
458,2024/25,99,2394,4,4,10,32,0,0,0,10,0,0,11,374,469.8,389.3,465.0,132.7,3.74,2.17,5.91,45.0,1276.0,2.0,1.0,3.0,23.0,0.0,0.0,0.0,6.0,0.0,0.0,3.0,209.0,295.2,314.9,206.0,81.6,2.82,1.09,3.91,0.0,0.0,0.0,0.0,0.0,0.0,0.0,5,Joelinton Cássio Apolinário de Lira,Midfielder,Newcastle
458,2025/26,73,1950,2,1,5,27,0,0,0,10,0,0,2,304,324.4,296.3,329.0,95.0,2.36,1.35,3.71,99.0,2394.0,4.0,4.0,10.0,32.0,0.0,0.0,0.0,10.0,0.0,0.0,11.0,374.0,469.8,389.3,465.0,132.7,3.74,2.17,5.91,4.0,0.0,0.0,180.0,0.5,4.0,5.0,6,Joelinton Cássio Apolinário de Lira,Midfielder,Newcastle
459,2022/23,1,14,0,0,0,0,0,0,0,0,0,0,0,2,0.0,0.4,1.0,0.0,0.08,0.0,0.08,,,,,,,,,,,,,,,,,,,,,,8.0,0.0,0.0,360.0,1.0,8.0,10.0,0,Lewis Miley,Midfielder,Newcastle
459,2023/24,44,1203,1,3,1,29,0,0,0,1,0,0,1,232,237.4,192.8,136.0,56.7,1.22,1.08,2.3,1.0,14.0,0.0,0.0,0.0,0.0,0.0,0.0,0.0,0.0,0.0,0.0,0.0,2.0,0.0,0.4,1.0,0.0,0.08,0.0,0.08,0.0,0.0,0.0,0.0,0.0,0.0,0.0,1,Lewis Miley,Midfielder,Newcastle
459,2024/25,21,304,1,0,0,4,0,0,0,0,0,0,1,88,87.4,33.5,45.0,16.7,0.57,0.3,0.87,44.0,1203.0,1.0,3.0,1.0,29.0,0.0,0.0,0.0,1.0,0.0,0.0,1.0,232.0,237.4,192.8,136.0,56.7,1.22,1.08,2.3,0.0,0.0,0.0,0.0,0.0,0.0,0.0,2,Lewis Miley,Midfielder,Newcastle
459,2025/26,72,1493,1,4,2,22,0,0,0,0,0,0,5,334,342.6,251.4,136.0,73.0,1.36,2.1,3.46,21.0,304.0,1.0,0.0,0.0,4.0,0.0,0.0,0.0,0.0,0.0,0.0,1.0,88.0,87.4,33.5,45.0,16.7,0.57,0.3,0.87,75.0,0.0,0.0,1710.0,5.0,63.5,26.5,3,Lewis Miley,Midfielder,Newcastle
460,2017/18,3,81,0,0,0,2,0,0,0,0,0,0,0,8,8.2,5.8,4.0,1.8,0.0,0.0,0.0,,,,,,,,,,,,,,,,,,,,,,2.0,0.0,0.0,32.5,0.0,0.0,0.5,0,Joe Willock,Midfielder,Newcastle
460,2018/19,4,63,0,0,1,1,0,0,0,0,0,0,0,4,1.0,2.5,23.0,2.7,0.0,0.0,0.0,3.0,81.0,0.0,0.0,0.0,2.0,0.0,0.0,0.0,0.0,0.0,0.0,0.0,8.0,8.2,5.8,4.0,1.8,0.0,0.0,0.0,27.0,0.0,0.0,898.5,2.5,0.0,14.5,1,Joe Willock,Midfielder,Newcastle
460,2019/20,41,838,1,1,1,16,0,0,0,2,0,0,0,150,176.8,165.9,212.0,55.2,0.0,0.0,0.0,4.0,63.0,0.0,0.0,1.0,1.0,0.0,0.0,0.0,0.0,0.0,0.0,0.0,4.0,1.0,2.5,23.0,2.7,0.0,0.0,0.0,78.0,0.5,1.0,1974.5,7.5,0.0,31.5,2,Joe Willock,Midfielder,Newcastle
460,2020/21,79,1210,8,0,4,18,0,0,1,1,0,0,5,254,436.6,137.2,401.0,97.3,0.0,0.0,0.0,41.0,838.0,1.0,1.0,1.0,16.0,0.0,0.0,0.0,2.0,0.0,0.0,0.0,150.0,176.8,165.9,212.0,55.2,0.0,0.0,0.0,106.5,1.5,2.5,2663.0,9.0,0.0,44.5,3,Joe Willock,Midfielder,Newcastle
460,2021/22,79,2037,2,3,6,37,0,0,0,0,0,0,3,248,320.4,243.2,449.0,101.3,0.0,0.0,0.0,79.0,1210.0,8.0,0.0,4.0,18.0,0.0,0.0,1.0,1.0,0.0,0.0,5.0,254.0,436.6,137.2,401.0,97.3,0.0,0.0,0.0,103.0,1.0,3.5,2993.0,8.0,0.0,50.0,4,Joe Willock,Midfielder,Newcastle
460,2022/23,123,2556,3,7,12,26,0,0,0,1,0,0,11,415,520.8,547.0,680.0,174.9,7.3,4.29,11.59,79.0,2037.0,2.0,3.0,6.0,37.0,0.0,0.0,0.0,0.0,0.0,0.0,3.0,248.0,320.4,243.2,449.0,101.3,0.0,0.0,0.0,95.0,0.0,4.0,2812.0,8.0,0.0,45.0,5,Joe Willock,Midfielder,Newcastle
460,2023/24,18,415,1,0,1,9,0,0,0,0,0,0,0,60,89.8,92.5,106.0,28.8,0.88,0.57,1.45,123.0,2556.0,3.0,7.0,12.0,26.0,0.0,0.0,0.0,1.0,0.0,0.0,11.0,415.0,520.8,547.0,680.0,174.9,7.3,4.29,11.59,1.0,0.0,0.0,94.0,0.0,0.0,3.0,6,Joe Willock,Midfielder,Newcastle
460,2024/25,46,1065,0,2,4,16,0,0,0,4,0,0,0,139,172.8,273.8,197.0,63.9,1.65,0.93,2.58,18.0,415.0,1.0,0.0,1.0,9.0,0.0,0.0,0.0,0.0,0.0,0.0,0.0,60.0,89.8,92.5,106.0,28.8,0.88,0.57,1.45,36.0,1.0,1.5,1200.5,2.0,0.0,28.0,7,Joe Willock,Midfielder,Newcastle
460,2025/26,38,972,0,2,3,18,0,0,0,3,0,0,0,166,145.4,205.8,204.0,55.5,1.26,1.07,2.33,46.0,1065.0,0.0,2.0,4.0,16.0,0.0,0.0,0.0,4.0,0.0,0.0,0.0,139.0,172.8,273.8,197.0,63.9,1.65,0.93,2.58,94.0,2.0,3.5,2863.5,6.5,0.0,56.5,8,Joe Willock,Midfielder,Newcastle
463,2025/26,108,1896,8,4,8,29,1,0,0,0,0,0,12,399,447.2,314.4,425.0,117.5,6.59,1.53,8.12,,,,,,,,,,,,,,,,,,,,,,104.5,2.5,2.5,3008.0,7.5,0.0,50.5,0,Nick Woltemade,Forward,Newcastle
464,2021/22,92,1268,7,2,3,22,0,0,0,0,0,0,6,277,348.0,133.1,402.0,87.6,0.0,0.0,0.0,,,,,,,,,,,,,,,,,,,,,,107.5,2.0,0.5,3008.0,9.5,0.0,38.5,0,Yoane Wissa,Forward,Newcastle
464,2022/23,111,1587,7,4,7,17,0,0,0,3,0,0,6,292,366.2,185.3,424.0,96.8,5.65,1.08,6.73,92.0,1268.0,7.0,2.0,3.0,22.0,0.0,0.0,0.0,0.0,0.0,0.0,6.0,277.0,348.0,133.1,402.0,87.6,0.0,0.0,0.0,123.5,1.5,1.0,3233.5,13.0,0.0,36.0,1,Yoane Wissa,Forward,Newcastle
464,2023/24,131,2488,12,4,11,40,0,0,0,7,0,0,15,457,592.8,384.0,769.0,173.2,10.54,1.82,12.36,111.0,1587.0,7.0,4.0,7.0,17.0,0.0,0.0,0.0,3.0,0.0,0.0,6.0,292.0,366.2,185.3,424.0,96.8,5.65,1.08,6.73,96.5,1.5,1.0,2780.0,10.0,0.0,39.5,2,Yoane Wissa,Forward,Newcastle
464,2024/25,185,2921,18,6,9,45,0,0,0,5,0,0,32,739,849.4,400.0,1181.0,242.4,18.58,2.2,20.77,131.0,2488.0,12.0,4.0,11.0,40.0,0.0,0.0,0.0,7.0,0.0,0.0,15.0,457.0,592.8,384.0,769.0,173.2,10.54,1.82,12.36,54.0,0.5,0.0,1637.5,6.0,0.0,25.0,3,Yoane Wissa,Forward,Newcastle
464,2025/26,27,517,1,1,1,11,0,0,0,3,0,0,0,70,58.0,46.7,163.0,25.5,3.13,0.54,3.67,185.0,2921.0,18.0,6.0,9.0,45.0,0.0,0.0,0.0,5.0,0.0,0.0,32.0,739.0,849.4,400.0,1181.0,242.4,18.58,2.2,20.77,56.0,1.0,2.0,1206.0,4.5,0.0,18.0,4,Yoane Wissa,Forward,Newcastle
465,2020/21,0,0,0,0,0,0,0,0,0,0,0,0,0,0,0.0,0.0,0.0,0.0,0.0,0.0,0.0,,,,,,,,,,,,,,,,,,,,,,60.5,1.5,2.0,1700.5,3.5,0.0,28.0,0,William Osula,Forward,Newcastle
465,2023/24,25,778,0,1,0,23,0,0,0,4,0,0,0,27,27.0,24.9,200.0,24.4,1.64,0.15,1.79,0.0,0.0,0.0,0.0,0.0,0.0,0.0,0.0,0.0,0.0,0.0,0.0,0.0,0.0,0.0,0.0,0.0,0.0,0.0,0.0,0.0,48.0,1.0,0.0,1751.0,3.0,0.0,27.0,1,William Osula,Forward,Newcastle
465,2024/25,19,124,1,0,0,3,0,0,0,0,0,0,1,59,42.4,25.1,37.0,10.5,0.16,0.05,0.21,25.0,778.0,0.0,1.0,0.0,23.0,0.0,0.0,0.0,4.0,0.0,0.0,0.0,27.0,27.0,24.9,200.0,24.4,1.64,0.15,1.79,81.0,1.0,0.0,2113.0,9.0,0.0,33.0,2,William Osula,Forward,Newcastle
465,2025/26,76,805,7,1,2,14,0,0,0,0,0,0,13,284,256.6,82.6,284.0,62.2,4.28,0.62,4.9,19.0,124.0,1.0,0.0,0.0,3.0,0.0,0.0,0.0,0.0,0.0,0.0,1.0,59.0,42.4,25.1,37.0,10.5,0.16,0.05,0.21,48.0,0.5,0.5,1378.0,5.0,0.0,22.5,3,William Osula,Forward,Newcastle
466,2024/25,0,0,0,0,0,0,0,0,0,0,0,0,0,0,0.0,0.0,0.0,0.0,0.0,0.0,0.0,,,,,,,,,,,,,,,,,,,,,,41.5,1.0,1.0,1197.0,3.5,0.0,19.5,0,Sean Neave,Forward,Newcastle
466,2025/26,1,13,0,0,0,1,0,0,0,0,0,0,0,2,0.0,0.0,5.0,0.5,0.03,0.0,0.03,0.0,0.0,0.0,0.0,0.0,0.0,0.0,0.0,0.0,0.0,0.0,0.0,0.0,0.0,0.0,0.0,0.0,0.0,0.0,0.0,0.0,68.0,2.0,1.0,1751.0,6.0,0.0,27.0,1,Sean Neave,Forward,Newcastle
467,2023/24,34,1440,0,0,1,27,0,0,0,1,0,37,1,206,293.2,10.0,0.0,30.3,0.0,0.09,0.09,,,,,,,,,,,,,,,,,,,,,,22.0,0.0,0.0,1160.0,1.0,0.0,24.0,0,Matz Sels,Goalkeeper,Nott'm Forest
467,2024/25,150,3420,0,1,13,46,0,0,0,4,0,120,11,521,942.2,20.2,0.0,96.7,0.0,0.26,0.26,34.0,1440.0,0.0,0.0,1.0,27.0,0.0,0.0,0.0,1.0,0.0,37.0,1.0,206.0,293.2,10.0,0.0,30.3,0.0,0.09,0.09,22.0,0.0,0.0,1160.0,1.0,0.0,24.0,1,Matz Sels,Goalkeeper,Nott'm Forest
467,2025/26,105,2667,0,0,7,39,0,1,0,2,0,95,3,431,730.0,10.0,0.0,74.0,0.0,0.06,0.06,150.0,3420.0,0.0,1.0,13.0,46.0,0.0,0.0,0.0,4.0,0.0,120.0,11.0,521.0,942.2,20.2,0.0,96.7,0.0,0.26,0.26,10.0,0.0,0.0,169.0,1.0,0.0,1.0,2,Matz Sels,Goalkeeper,Nott'm Forest
468,2025/26,11,437,0,0,1,8,0,0,0,1,0,6,0,32,56.4,0.0,0.0,5.7,0.0,0.0,0.0,,,,,,,,,,,,,,,,,,,,,,10.0,0.0,0.0,169.0,1.0,0.0,1.0,0,John Victor Maciel Furtado,Goalkeeper,Nott'm Forest
469,2019/20,14,228,0,0,1,2,0,0,0,1,0,0,3,53,49.4,53.3,98.0,20.0,0.0,0.0,0.0,,,,,,,,,,,,,,,,,,,,,,88.0,0.0,1.0,2836.0,7.0,0.0,43.0,0,Neco Williams,Defender,Nott'm Forest
469,2020/21,11,247,0,0,1,1,0,0,0,1,0,0,0,51,42.0,47.8,34.0,12.2,0.0,0.0,0.0,14.0,228.0,0.0,0.0,1.0,2.0,0.0,0.0,0.0,1.0,0.0,0.0,3.0,53.0,49.4,53.3,98.0,20.0,0.0,0.0,0.0,88.0,0.0,1.0,2836.0,7.0,0.0,43.0,1,Neco Williams,Defender,Nott'm Forest
469,2021/22,4,7,0,1,0,0,0,0,0,0,0,0,0,17,18.2,11.1,2.0,3.1,0.0,0.0,0.0,11.0,247.0,0.0,0.0,1.0,1.0,0.0,0.0,0.0,1.0,0.0,0.0,0.0,51.0,42.0,47.8,34.0,12.2,0.0,0.0,0.0,66.0,0.0,0.0,1949.0,6.0,0.0,21.0,2,Neco Williams,Defender,Nott'm Forest
469,2022/23,54,1872,1,1,4,41,0,0,0,7,0,0,1,284,372.2,257.3,209.0,84.0,1.24,1.22,2.46,4.0,7.0,0.0,1.0,0.0,0.0,0.0,0.0,0.0,0.0,0.0,0.0,0.0,17.0,18.2,11.1,2.0,3.1,0.0,0.0,0.0,94.5,0.0,1.0,2469.5,10.0,0.0,29.5,3,Neco Williams,Defender,Nott'm Forest
469,2023/24,39,1630,0,1,1,33,0,0,0,4,0,0,2,224,393.4,195.2,139.0,72.8,0.74,1.54,2.28,54.0,1872.0,1.0,1.0,4.0,41.0,0.0,0.0,0.0,7.0,0.0,0.0,1.0,284.0,372.2,257.3,209.0,84.0,1.24,1.22,2.46,78.5,0.0,1.0,2055.5,8.0,0.0,26.0,4,Neco Williams,Defender,Nott'm Forest
469,2024/25,109,2588,1,3,10,31,0,0,0,7,0,0,8,435,628.4,305.3,244.0,118.0,2.29,1.54,3.83,39.0,1630.0,0.0,1.0,1.0,33.0,0.0,0.0,0.0,4.0,0.0,0.0,2.0,224.0,393.4,195.2,139.0,72.8,0.74,1.54,2.28,30.5,0.0,0.5,785.5,2.5,0.0,8.5,5,Neco Williams,Defender,Nott'm Forest
469,2025/26,128,3203,2,3,9,48,0,0,0,6,1,0,15,531,804.0,572.3,380.0,175.6,2.01,3.97,5.98,109.0,2588.0,1.0,3.0,10.0,31.0,0.0,0.0,0.0,7.0,0.0,0.0,8.0,435.0,628.4,305.3,244.0,118.0,2.29,1.54,3.83,36.0,0.0,2.0,569.0,3.5,0.0,4.5,6,Neco Williams,Defender,Nott'm Forest
470,2024/25,36,891,0,0,3,14,0,0,0,5,0,0,2,125,205.2,10.8,22.0,24.0,0.18,0.03,0.21,,,,,,,,,,,,,,,,,,,,,,85.0,0.5,4.0,2126.5,6.5,0.0,28.5,0,Felipe Rodrigues da Silva,Defender,Nott'm Forest
470,2025/26,53,1340,1,0,2,23,0,0,0,5,0,0,1,190,371.2,37.6,96.0,50.5,1.32,0.15,1.47,36.0,891.0,0.0,0.0,3.0,14.0,0.0,0.0,0.0,5.0,0.0,0.0,2.0,125.0,205.2,10.8,22.0,24.0,0.18,0.03,0.21,85.0,0.5,3.5,2076.0,7.5,0.0,29.5,1,Felipe Rodrigues da Silva,Defender,Nott'm Forest
471,2024/25,145,3330,5,2,13,45,0,0,0,4,0,0,2,499,805.2,107.9,361.0,127.2,4.05,0.73,4.78,,,,,,,,,,,,,,,,,,,,,,77.5,0.5,2.5,1756.0,8.0,0.0,24.0,0,Nikola Milenković,Defender,Nott'm Forest
471,2025/26,119,3375,0,1,9,51,1,0,0,6,0,0,2,401,680.4,66.9,120.0,86.9,0.83,0.68,1.51,145.0,3330.0,5.0,2.0,13.0,45.0,0.0,0.0,0.0,4.0,0.0,0.0,2.0,499.0,805.2,107.9,361.0,127.2,4.05,0.73,4.78,18.0,0.0,0.5,653.0,2.0,0.0,9.0,1,Nikola Milenković,Defender,Nott'm Forest
472,2023/24,58,2790,0,2,3,56,1,0,0,5,0,0,1,451,678.4,115.0,164.0,95.8,1.78,0.64,2.42,,,,,,,,,,,,,,,,,,,,,,5.0,0.0,0.0,346.0,0.0,0.0,5.0,0,Murillo Costa dos Santos,Defender,Nott'm Forest
472,2024/25,130,3188,2,0,12,44,0,0,0,6,0,0,18,541,927.2,211.2,201.0,134.0,1.47,1.15,2.62,58.0,2790.0,0.0,2.0,3.0,56.0,1.0,0.0,0.0,5.0,0.0,0.0,1.0,451.0,678.4,115.0,164.0,95.8,1.78,0.64,2.42,0.0,0.0,0.0,0.0,0.0,0.0,0.0,1,Murillo Costa dos Santos,Defender,Nott'm Forest
472,2025/26,83,2130,1,0,6,29,2,0,0,5,0,0,3,333,542.2,115.5,82.0,74.0,0.73,0.47,1.2,130.0,3188.0,2.0,0.0,12.0,44.0,0.0,0.0,0.0,6.0,0.0,0.0,18.0,541.0,927.2,211.2,201.0,134.0,1.47,1.15,2.62,2.0,0.0,0.0,172.5,0.0,0.0,4.5,2,Murillo Costa dos Santos,Defender,Nott'm Forest
473,2015/16,0,0,0,0,0,0,0,0,0,0,0,0,0,0,0.0,0.0,0.0,0.0,0.0,0.0,0.0,,,,,,,,,,,,,,,,,,,,,,4.0,0.0,0.0,345.0,0.0,0.0,9.0,0,Ola Aina,Defender,Nott'm Forest
473,2016/17,3,26,0,0,0,0,0,0,0,0,0,0,0,9,4.8,0.9,17.0,2.3,0.0,0.0,0.0,0.0,0.0,0.0,0.0,0.0,0.0,0.0,0.0,0.0,0.0,0.0,0.0,0.0,0.0,0.0,0.0,0.0,0.0,0.0,0.0,0.0,2.0,0.0,0.0,166.0,0.0,0.0,5.0,1,Ola Aina,Defender,Nott'm Forest
473,2020/21,102,2664,2,1,8,36,0,0,0,3,0,0,8,477,483.6,248.8,144.0,87.7,0.0,0.0,0.0,3.0,26.0,0.0,0.0,0.0,0.0,0.0,0.0,0.0,0.0,0.0,0.0,0.0,9.0,4.8,0.9,17.0,2.3,0.0,0.0,0.0,2.0,0.0,0.0,166.0,0.0,0.0,5.0,2,Ola Aina,Defender,Nott'm Forest
473,2023/24,45,1690,1,1,2,39,0,0,0,3,0,0,2,289,312.0,181.7,49.0,54.4,0.34,1.01,1.35,102.0,2664.0,2.0,1.0,8.0,36.0,0.0,0.0,0.0,3.0,0.0,0.0,8.0,477.0,483.6,248.8,144.0,87.7,0.0,0.0,0.0,117.0,8.0,8.0,1187.0,9.0,0.0,6.0,3,Ola Aina,Defender,Nott'm Forest
473,2024/25,128,2996,2,1,12,39,0,0,0,5,0,0,15,483,578.2,282.3,80.0,94.1,0.63,2.25,2.88,45.0,1690.0,1.0,1.0,2.0,39.0,0.0,0.0,0.0,3.0,0.0,0.0,2.0,289.0,312.0,181.7,49.0,54.4,0.34,1.01,1.35,180.5,13.0,11.0,2144.0,11.0,0.0,21.0,4,Ola Aina,Defender,Nott'm Forest
473,2025/26,67,1587,0,2,6,19,0,0,0,3,0,0,5,264,285.2,160.3,58.0,50.5,0.41,0.84,1.25,128.0,2996.0,2.0,1.0,12.0,39.0,0.0,0.0,0.0,5.0,0.0,0.0,15.0,483.0,578.2,282.3,80.0,94.1,0.63,2.25,2.88,197.5,14.0,10.5,3105.5,10.5,0.0,45.0,5,Ola Aina,Defender,Nott'm Forest
474,2025/26,13,514,0,0,0,7,0,0,0,0,0,0,0,48,98.0,15.2,29.0,14.2,0.27,0.06,0.33,,,,,,,,,,,,,,,,,,,,,,163.5,9.0,8.0,3213.5,13.0,0.0,46.5,0,Jair Paula da Cunha Filho,Defender,Nott'm Forest
475,2025/26,39,1025,2,0,3,18,0,0,0,2,0,0,0,131,216.6,123.2,94.0,43.5,1.34,0.45,1.79,,,,,,,,,,,,,,,,,,,,,,171.0,9.0,9.0,3217.5,12.5,0.0,45.5,0,Nicolò Savona,Defender,Nott'm Forest
476,2022/23,0,0,0,0,0,0,0,0,0,0,0,0,0,0,0.0,0.0,0.0,0.0,0.0,0.0,0.0,,,,,,,,,,,,,,,,,,,,,,170.0,9.0,10.5,3067.5,8.5,0.0,49.5,0,Omar Richards,Defender,Nott'm Forest
476,2023/24,0,0,0,0,0,0,0,0,0,0,0,0,0,0,0.0,0.0,0.0,0.0,0.0,0.0,0.0,0.0,0.0,0.0,0.0,0.0,0.0,0.0,0.0,0.0,0.0,0.0,0.0,0.0,0.0,0.0,0.0,0.0,0.0,0.0,0.0,0.0,174.0,8.0,12.0,3017.0,10.0,0.0,47.0,1,Omar Richards,Defender,Nott'm Forest
476,2024/25,0,0,0,0,0,0,0,0,0,0,0,0,0,0,0.0,0.0,0.0,0.0,0.0,0.0,0.0,0.0,0.0,0.0,0.0,0.0,0.0,0.0,0.0,0.0,0.0,0.0,0.0,0.0,0.0,0.0,0.0,0.0,0.0,0.0,0.0,0.0,119.0,4.0,7.0,2905.0,9.0,0.0,47.0,2,Omar Richards,Defender,Nott'm Forest
476,2025/26,0,0,0,0,0,0,0,0,0,0,0,0,0,0,0.0,0.0,0.0,0.0,0.0,0.0,0.0,0.0,0.0,0.0,0.0,0.0,0.0,0.0,0.0,0.0,0.0,0.0,0.0,0.0,0.0,0.0,0.0,0.0,0.0,0.0,0.0,0.0,134.5,6.5,8.0,2905.0,9.5,0.0,43.0,3,Omar Richards,Defender,Nott'm Forest
477,2024/25,0,0,0,0,0,0,0,0,0,0,0,0,0,0,0.0,0.0,0.0,0.0,0.0,0.0,0.0,,,,,,,,,,,,,,,,,,,,,,138.5,9.0,8.0,2431.0,7.5,0.0,35.0,0,Zach Abbott,Defender,Nott'm Forest
477,2025/26,3,165,0,0,0,4,0,0,0,0,0,0,0,3,25.4,6.4,0.0,3.2,0.0,0.01,0.01,0.0,0.0,0.0,0.0,0.0,0.0,0.0,0.0,0.0,0.0,0.0,0.0,0.0,0.0,0.0,0.0,0.0,0.0,0.0,0.0,0.0,181.5,14.5,8.0,2686.0,7.0,0.0,43.0,1,Zach Abbott,Defender,Nott'm Forest
478,2025/26,11,353,0,0,0,5,0,0,0,0,0,0,0,33,63.4,30.1,10.0,10.4,0.0,0.41,0.41,,,,,,,,,,,,,,,,,,,,,,236.0,20.0,9.0,3415.0,9.0,0.0,55.0,0,Luca Netz,Defender,Nott'm Forest
480,2018/19,37,645,0,1,4,12,0,0,0,1,0,0,0,113,73.2,181.1,72.0,32.5,0.0,0.0,0.0,,,,,,,,,,,,,,,,,,,,,,55.0,5.0,2.0,855.0,6.0,0.0,7.0,0,Morgan Gibbs-White,Midfielder,Nott'm Forest
480,2019/20,11,125,0,1,0,2,0,0,0,0,0,0,0,39,6.6,44.1,12.0,6.3,0.0,0.0,0.0,37.0,645.0,0.0,1.0,4.0,12.0,0.0,0.0,0.0,1.0,0.0,0.0,0.0,113.0,73.2,181.1,72.0,32.5,0.0,0.0,0.0,65.5,5.0,2.5,1283.5,6.5,0.0,11.0,1,Morgan Gibbs-White,Midfielder,Nott'm Forest
480,2020/21,22,407,1,0,0,6,0,0,0,1,0,0,3,87,85.0,112.8,114.0,31.3,0.0,0.0,0.0,11.0,125.0,0.0,1.0,0.0,2.0,0.0,0.0,0.0,0.0,0.0,0.0,0.0,39.0,6.6,44.1,12.0,6.3,0.0,0.0,0.0,90.0,6.0,4.0,1755.5,8.5,0.0,15.5,2,Morgan Gibbs-White,Midfielder,Nott'm Forest
480,2021/22,1,7,0,0,0,0,0,0,0,1,0,0,0,0,0.0,0.7,24.0,2.1,0.0,0.0,0.0,22.0,407.0,1.0,0.0,0.0,6.0,0.0,0.0,0.0,1.0,0.0,0.0,3.0,87.0,85.0,112.8,114.0,31.3,0.0,0.0,0.0,116.0,8.5,6.0,2065.0,8.0,0.0,25.5,3,Morgan Gibbs-White,Midfielder,Nott'm Forest
480,2022/23,145,3151,5,12,8,61,0,0,0,6,0,0,11,479,611.4,980.2,628.0,221.8,6.77,6.06,12.83,1.0,7.0,0.0,0.0,0.0,0.0,0.0,0.0,0.0,1.0,0.0,0.0,0.0,0.0,0.0,0.7,24.0,2.1,0.0,0.0,0.0,152.5,13.5,7.5,2488.0,7.5,0.0,32.0,4,Morgan Gibbs-White,Midfielder,Nott'm Forest
480,2023/24,142,3156,5,12,5,59,0,0,0,9,0,0,13,563,703.2,1155.2,495.0,235.6,6.65,6.79,13.44,145.0,3151.0,5.0,12.0,8.0,61.0,0.0,0.0,0.0,6.0,0.0,0.0,11.0,479.0,611.4,980.2,628.0,221.8,6.77,6.06,12.83,175.5,14.0,9.5,2781.0,10.5,0.0,34.0,5,Morgan Gibbs-White,Midfielder,Nott'm Forest
480,2024/25,154,2806,7,11,13,34,0,0,0,9,1,0,18,594,680.4,793.7,632.0,210.6,6.31,4.68,10.99,142.0,3156.0,5.0,12.0,5.0,59.0,0.0,0.0,0.0,9.0,0.0,0.0,13.0,563.0,703.2,1155.2,495.0,235.6,6.65,6.79,13.44,118.5,7.5,6.5,2070.5,7.0,0.0,33.5,6,Morgan Gibbs-White,Midfielder,Nott'm Forest
480,2025/26,188,3101,15,4,10,45,0,0,0,1,0,0,18,712,843.8,747.7,836.0,242.5,10.81,2.91,13.72,154.0,2806.0,7.0,11.0,13.0,34.0,0.0,0.0,0.0,9.0,1.0,0.0,18.0,594.0,680.4,793.7,632.0,210.6,6.31,4.68,10.99,134.0,10.5,4.5,2052.0,7.5,0.0,33.5,7,Morgan Gibbs-White,Midfielder,Nott'm Forest
481,2020/21,1,3,0,0,0,0,0,0,0,0,0,0,0,3,0.0,0.3,2.0,0.2,0.0,0.0,0.0,,,,,,,,,,,,,,,,,,,,,,156.5,12.0,5.0,2572.0,10.0,0.0,38.0,0,Elliot Anderson,Midfielder,Man City
481,2021/22,0,0,0,0,0,0,0,0,0,0,0,0,0,0,0.0,0.0,0.0,0.0,0.0,0.0,0.0,1.0,3.0,0.0,0.0,0.0,0.0,0.0,0.0,0.0,0.0,0.0,0.0,0.0,3.0,0.0,0.3,2.0,0.2,0.0,0.0,0.0,101.5,6.5,3.5,1839.0,7.0,0.0,26.0,1,Elliot Anderson,Midfielder,Man City
481,2022/23,30,395,0,1,1,7,0,0,0,0,0,0,2,93,98.8,129.9,186.0,41.5,1.14,1.45,2.59,0.0,0.0,0.0,0.0,0.0,0.0,0.0,0.0,0.0,0.0,0.0,0.0,0.0,0.0,0.0,0.0,0.0,0.0,0.0,0.0,0.0,95.0,6.0,4.0,1414.0,7.0,0.0,15.0,2,Elliot Anderson,Midfielder,Man City
481,2023/24,42,1018,0,2,5,14,0,0,0,3,0,0,3,144,187.4,223.7,201.0,61.1,1.63,1.25,2.88,30.0,395.0,0.0,1.0,1.0,7.0,0.0,0.0,0.0,0.0,0.0,0.0,2.0,93.0,98.8,129.9,186.0,41.5,1.14,1.45,2.59,137.0,7.0,6.0,2865.0,9.0,0.0,44.0,3,Elliot Anderson,Midfielder,Man City
481,2024/25,107,2726,2,6,13,37,0,0,0,10,0,0,8,526,638.8,605.2,308.0,155.6,2.04,3.51,5.55,42.0,1018.0,0.0,2.0,5.0,14.0,0.0,0.0,0.0,3.0,0.0,0.0,3.0,144.0,187.4,223.7,201.0,61.1,1.63,1.25,2.88,142.0,6.5,6.5,2876.0,11.5,0.0,38.0,4,Elliot Anderson,Midfielder,Man City
481,2025/26,180,3332,4,5,10,50,0,0,0,8,0,0,16,795,915.2,961.5,310.0,219.0,2.94,4.79,7.73,107.0,2726.0,2.0,6.0,13.0,37.0,0.0,0.0,0.0,10.0,0.0,0.0,8.0,526.0,638.8,605.2,308.0,155.6,2.04,3.51,5.55,158.0,8.5,9.0,2622.5,12.5,0.0,28.5,5,Elliot Anderson,Midfielder,Man City
482,2017/18,2,27,0,0,0,1,0,0,0,0,0,0,0,11,8.8,1.7,27.0,3.8,0.0,0.0,0.0,,,,,,,,,,,,,,,,,,,,,,125.5,7.0,7.5,2001.0,9.5,0.0,23.0,0,Callum Hudson-Odoi,Midfielder,Nott'm Forest
482,2018/19,18,388,0,1,2,5,0,0,0,0,0,0,1,83,89.2,143.2,133.0,36.2,0.0,0.0,0.0,2.0,27.0,0.0,0.0,0.0,1.0,0.0,0.0,0.0,0.0,0.0,0.0,0.0,11.0,8.8,1.7,27.0,3.8,0.0,0.0,0.0,52.5,2.0,2.0,1076.5,4.5,0.0,17.0,1,Callum Hudson-Odoi,Midfielder,Nott'm Forest
482,2019/20,53,849,1,5,2,14,0,0,0,1,0,0,3,197,235.2,341.4,325.0,89.9,0.0,0.0,0.0,18.0,388.0,0.0,1.0,2.0,5.0,0.0,0.0,0.0,0.0,0.0,0.0,1.0,83.0,89.2,143.2,133.0,36.2,0.0,0.0,0.0,24.0,1.0,0.0,561.0,2.0,0.0,12.0,2,Callum Hudson-Odoi,Midfielder,Nott'm Forest
482,2020/21,59,1050,2,3,6,5,0,0,0,0,0,0,2,239,291.8,471.5,336.0,109.9,0.0,0.0,0.0,53.0,849.0,1.0,5.0,2.0,14.0,0.0,0.0,0.0,1.0,0.0,0.0,3.0,197.0,235.2,341.4,325.0,89.9,0.0,0.0,0.0,25.0,1.0,0.0,613.0,3.0,0.0,11.0,3,Callum Hudson-Odoi,Midfielder,Nott'm Forest
482,2021/22,49,958,1,4,6,8,0,0,0,1,0,0,1,163,175.4,326.9,326.0,82.7,0.0,0.0,0.0,59.0,1050.0,2.0,3.0,6.0,5.0,0.0,0.0,0.0,0.0,0.0,0.0,2.0,239.0,291.8,471.5,336.0,109.9,0.0,0.0,0.0,8.0,0.0,1.0,165.0,0.0,0.0,3.0,4,Callum Hudson-Odoi,Midfielder,Nott'm Forest
482,2022/23,0,0,0,0,0,0,0,0,0,0,0,0,0,0,0.0,0.0,0.0,0.0,0.0,0.0,0.0,49.0,958.0,1.0,4.0,6.0,8.0,0.0,0.0,0.0,1.0,0.0,0.0,1.0,163.0,175.4,326.9,326.0,82.7,0.0,0.0,0.0,4.0,0.0,0.5,82.5,0.0,0.0,1.5,5,Callum Hudson-Odoi,Midfielder,Nott'm Forest
482,2023/24,109,1846,8,2,2,41,0,0,0,0,0,0,14,371,489.0,514.2,444.0,145.0,2.65,2.02,4.67,0.0,0.0,0.0,0.0,0.0,0.0,0.0,0.0,0.0,0.0,0.0,0.0,0.0,0.0,0.0,0.0,0.0,0.0,0.0,0.0,0.0,0.0,0.0,0.0,0.0,0.0,0.0,0.0,6,Callum Hudson-Odoi,Midfielder,Nott'm Forest
482,2024/25,103,2190,5,3,11,23,0,0,0,2,0,0,7,454,445.6,663.9,405.0,151.0,2.52,2.54,5.06,109.0,1846.0,8.0,2.0,2.0,41.0,0.0,0.0,0.0,0.0,0.0,0.0,14.0,371.0,489.0,514.2,444.0,145.0,2.65,2.02,4.67,11.5,0.5,0.5,192.5,0.5,0.0,3.0,7,Callum Hudson-Odoi,Midfielder,Nott'm Forest
482,2025/26,88,1838,3,4,6,26,0,0,0,0,0,0,8,358,366.6,611.7,330.0,130.6,2.77,3.02,5.79,103.0,2190.0,5.0,3.0,11.0,23.0,0.0,0.0,0.0,2.0,0.0,0.0,7.0,454.0,445.6,663.9,405.0,151.0,2.52,2.54,5.06,76.0,4.5,4.5,1141.5,4.0,0.0,18.0,8,Callum Hudson-Odoi,Midfielder,Nott'm Forest
483,2025/26,50,1167,1,2,2,17,0,0,0,1,0,0,4,178,166.4,217.7,180.0,56.6,1.05,1.51,2.56,,,,,,,,,,,,,,,,,,,,,,129.0,8.0,8.0,1898.0,7.0,0.0,30.0,0,Dan Ndoye,Midfielder,Nott'm Forest
484,2021/22,0,0,0,0,0,0,0,0,0,0,0,0,0,0,0.0,0.0,0.0,0.0,0.0,0.0,0.0,,,,,,,,,,,,,,,,,,,,,,1.0,0.0,0.0,10.0,0.0,0.0,0.0,0,Omari Hutchinson,Midfielder,Nott'm Forest
484,2022/23,1,22,0,0,0,0,0,0,0,0,0,0,0,2,1.0,1.8,4.0,0.7,0.0,0.02,0.02,0.0,0.0,0.0,0.0,0.0,0.0,0.0,0.0,0.0,0.0,0.0,0.0,0.0,0.0,0.0,0.0,0.0,0.0,0.0,0.0,0.0,39.0,1.5,0.5,968.5,3.5,0.0,15.5,1,Omari Hutchinson,Midfielder,Nott'm Forest
484,2024/25,88,2585,3,3,3,61,0,0,0,5,0,0,6,352,383.2,487.5,443.0,131.5,2.93,2.46,5.39,1.0,22.0,0.0,0.0,0.0,0.0,0.0,0.0,0.0,0.0,0.0,0.0,0.0,2.0,1.0,1.8,4.0,0.7,0.0,0.02,0.02,59.5,1.5,0.5,1786.5,6.0,0.0,29.0,2,Omari Hutchinson,Midfielder,Nott'm Forest
484,2025/26,82,1676,1,7,6,24,0,0,0,1,0,0,3,329,333.6,527.1,356.0,121.6,2.01,3.87,5.88,88.0,2585.0,3.0,3.0,3.0,61.0,0.0,0.0,0.0,5.0,0.0,0.0,6.0,352.0,383.2,487.5,443.0,131.5,2.93,2.46,5.39,42.0,0.0,0.0,1646.0,5.0,0.0,27.0,3,Omari Hutchinson,Midfielder,Nott'm Forest
485,2025/26,26,549,0,2,2,10,0,0,0,1,0,0,1,100,86.4,178.8,95.0,35.6,0.54,1.01,1.55,,,,,,,,,,,,,,,,,,,,,,49.0,1.0,2.0,1777.0,4.0,0.0,33.0,0,Dilane Bakwa,Midfielder,Nott'm Forest
486,2021/22,2,18,0,0,0,0,0,0,0,0,0,0,0,3,0.0,0.2,0.0,0.0,0.0,0.0,0.0,,,,,,,,,,,,,,,,,,,,,,49.0,1.0,2.0,1777.0,4.0,0.0,33.0,0,James McAtee,Midfielder,Nott'm Forest
486,2022/23,0,0,0,0,0,0,0,0,0,0,0,0,0,0,0.0,0.0,0.0,0.0,0.0,0.0,0.0,2.0,18.0,0.0,0.0,0.0,0.0,0.0,0.0,0.0,0.0,0.0,0.0,0.0,3.0,0.0,0.2,0.0,0.0,0.0,0.0,0.0,0.0,0.0,0.0,0.0,0.0,0.0,0.0,1,James McAtee,Midfielder,Nott'm Forest
486,2023/24,77,1815,3,4,2,65,0,0,0,2,0,0,0,259,333.8,394.4,333.0,106.0,2.98,2.16,5.14,0.0,0.0,0.0,0.0,0.0,0.0,0.0,0.0,0.0,0.0,0.0,0.0,0.0,0.0,0.0,0.0,0.0,0.0,0.0,0.0,0.0,0.0,0.0,0.0,0.0,0.0,0.0,0.0,2,James McAtee,Midfielder,Nott'm Forest
486,2024/25,31,340,3,0,0,6,0,0,0,1,0,0,0,102,113.0,64.6,136.0,30.7,2.8,0.8,3.6,77.0,1815.0,3.0,4.0,2.0,65.0,0.0,0.0,0.0,2.0,0.0,0.0,0.0,259.0,333.8,394.4,333.0,106.0,2.98,2.16,5.14,,,,,,,,3,James McAtee,Midfielder,Nott'm Forest
486,2025/26,17,288,0,1,0,9,0,0,0,1,0,0,0,60,51.6,82.0,39.0,17.3,0.18,0.37,0.55,31.0,340.0,3.0,0.0,0.0,6.0,0.0,0.0,0.0,1.0,0.0,0.0,0.0,102.0,113.0,64.6,136.0,30.7,2.8,0.8,3.6,0.0,0.0,0.0,0.0,0.0,0.0,0.0,4,James McAtee,Midfielder,Nott'm Forest
487,2023/24,67,1489,2,2,6,27,0,0,0,4,0,0,6,276,340.4,176.2,187.0,70.6,1.3,1.14,2.44,,,,,,,,,,,,,,,,,,,,,,3.0,0.0,0.0,87.0,0.0,0.0,1.0,0,Nicolás Domínguez,Midfielder,Nott'm Forest
487,2024/25,54,1954,0,1,7,27,0,0,0,9,0,0,0,292,410.2,247.2,237.0,89.4,1.58,1.58,3.16,67.0,1489.0,2.0,2.0,6.0,27.0,0.0,0.0,0.0,4.0,0.0,0.0,6.0,276.0,340.4,176.2,187.0,70.6,1.3,1.14,2.44,6.0,0.0,0.0,174.0,0.0,0.0,2.0,1,Nicolás Domínguez,Midfielder,Nott'm Forest
487,2025/26,48,1168,1,1,3,20,0,0,0,3,0,0,3,229,264.8,193.5,138.0,59.7,1.47,0.77,2.24,54.0,1954.0,0.0,1.0,7.0,27.0,0.0,0.0,0.0,9.0,0.0,0.0,0.0,292.0,410.2,247.2,237.0,89.4,1.58,1.58,3.16,,,,,,,,2,Nicolás Domínguez,Midfielder,Nott'm Forest
488,2023/24,25,1031,0,0,4,16,0,0,0,6,0,0,0,89,168.8,112.9,43.0,32.5,0.67,0.4,1.07,,,,,,,,,,,,,,,,,,,,,,,,,,,,,0,Ibrahim Sangaré,Midfielder,Nott'm Forest
488,2024/25,20,584,0,1,2,6,0,0,0,3,0,0,0,107,130.6,80.3,21.0,23.2,0.02,0.21,0.23,25.0,1031.0,0.0,0.0,4.0,16.0,0.0,0.0,0.0,6.0,0.0,0.0,0.0,89.0,168.8,112.9,43.0,32.5,0.67,0.4,1.07,,,,,,,,1,Ibrahim Sangaré,Midfielder,Nott'm Forest
488,2025/26,89,2073,2,2,8,26,0,0,0,5,0,0,2,366,434.4,205.9,126.0,76.8,1.16,1.8,2.96,20.0,584.0,0.0,1.0,2.0,6.0,0.0,0.0,0.0,3.0,0.0,0.0,0.0,107.0,130.6,80.3,21.0,23.2,0.02,0.21,0.23,64.0,3.0,2.0,1385.0,3.0,0.0,24.0,2,Ibrahim Sangaré,Midfielder,Nott'm Forest
489,2022/23,53,1833,0,3,5,36,0,0,0,5,0,0,0,177,215.0,103.3,233.0,54.5,1.99,0.43,2.42,,,,,,,,,,,,,,,,,,,,,,64.0,3.0,2.0,1385.0,3.0,0.0,24.0,0,Ryan Yates,Midfielder,Nott'm Forest
489,2023/24,59,1979,1,1,1,38,0,0,0,6,0,0,1,235,330.4,133.8,258.0,72.1,2.78,0.59,3.37,53.0,1833.0,0.0,3.0,5.0,36.0,0.0,0.0,0.0,5.0,0.0,0.0,0.0,177.0,215.0,103.3,233.0,54.5,1.99,0.43,2.42,7.0,0.0,0.0,160.0,0.0,0.0,5.0,1,Ryan Yates,Midfielder,Nott'm Forest
489,2024/25,67,1901,2,2,6,27,0,0,0,10,0,0,3,306,344.4,241.1,265.0,85.4,2.41,0.47,2.88,59.0,1979.0,1.0,1.0,1.0,38.0,0.0,0.0,0.0,6.0,0.0,0.0,1.0,235.0,330.4,133.8,258.0,72.1,2.78,0.59,3.37,7.0,0.0,0.0,160.0,0.0,0.0,5.0,2,Ryan Yates,Midfielder,Nott'm Forest
489,2025/26,30,602,0,2,0,7,0,0,0,3,0,0,0,123,139.0,79.7,55.0,27.2,0.49,0.37,0.86,67.0,1901.0,2.0,2.0,6.0,27.0,0.0,0.0,0.0,10.0,0.0,0.0,3.0,306.0,344.4,241.1,265.0,85.4,2.41,0.47,2.88,0.0,0.0,0.0,0.0,0.0,0.0,0.0,3,Ryan Yates,Midfielder,Nott'm Forest
490,2008/09,2,17,0,0,0,0,0,0,0,0,0,0,0,0,0.0,0.0,0.0,0.0,0.0,0.0,0.0,,,,,,,,,,,,,,,,,,,,,,85.0,0.0,0.0,1710.0,7.5,60.0,25.0,0,Chris Wood,Forward,Nott'm Forest
490,2010/11,1,9,0,0,0,0,0,0,0,0,0,0,0,0,0.0,0.0,0.0,0.0,0.0,0.0,0.0,2.0,17.0,0.0,0.0,0.0,0.0,0.0,0.0,0.0,0.0,0.0,0.0,0.0,0.0,0.0,0.0,0.0,0.0,0.0,0.0,0.0,157.0,0.0,0.0,3150.0,13.0,117.0,43.5,1,Chris Wood,Forward,Nott'm Forest
490,2014/15,11,114,1,0,0,3,0,0,0,0,0,0,0,26,0.0,0.0,0.0,0.0,0.0,0.0,0.0,1.0,9.0,0.0,0.0,0.0,0.0,0.0,0.0,0.0,0.0,0.0,0.0,0.0,0.0,0.0,0.0,0.0,0.0,0.0,0.0,0.0,137.0,0.0,0.0,3060.0,10.0,117.0,42.0,2,Chris Wood,Forward,Nott'm Forest
490,2017/18,104,1621,10,1,10,11,0,0,0,1,0,0,20,314,442.0,203.5,692.0,133.8,0.0,0.0,0.0,11.0,114.0,1.0,0.0,0.0,3.0,0.0,0.0,0.0,0.0,0.0,0.0,0.0,26.0,0.0,0.0,0.0,0.0,0.0,0.0,0.0,143.5,0.0,0.0,3250.5,11.5,103.5,39.5,3,Chris Wood,Forward,Nott'm Forest
490,2018/19,131,2580,10,3,7,49,0,0,0,2,0,0,17,379,475.8,310.3,911.0,167.9,0.0,0.0,0.0,104.0,1621.0,10.0,1.0,10.0,11.0,0.0,0.0,0.0,1.0,0.0,0.0,20.0,314.0,442.0,203.5,692.0,133.8,0.0,0.0,0.0,107.0,0.0,0.0,2303.0,10.0,65.0,24.0,4,Chris Wood,Forward,Nott'm Forest
490,2019/20,136,2436,14,1,11,33,1,0,0,1,0,0,21,384,552.2,299.6,1070.0,190.8,0.0,0.0,0.0,131.0,2580.0,10.0,3.0,7.0,49.0,0.0,0.0,0.0,2.0,0.0,0.0,17.0,379.0,475.8,310.3,911.0,167.9,0.0,0.0,0.0,79.5,0.0,0.0,1932.5,7.0,65.5,25.5,5,Chris Wood,Forward,Nott'm Forest
490,2020/21,138,2741,12,3,9,43,0,0,0,0,0,0,16,395,595.8,323.2,1129.0,204.0,0.0,0.0,0.0,136.0,2436.0,14.0,1.0,11.0,33.0,1.0,0.0,0.0,1.0,0.0,0.0,21.0,384.0,552.2,299.6,1070.0,190.8,0.0,0.0,0.0,102.0,0.0,0.0,2520.0,8.0,88.0,35.0,6,Chris Wood,Forward,Nott'm Forest
490,2021/22,91,2694,5,0,6,41,0,0,0,1,0,0,8,228,274.8,265.4,784.0,130.5,0.0,0.0,0.0,138.0,2741.0,12.0,3.0,9.0,43.0,0.0,0.0,0.0,0.0,0.0,0.0,16.0,395.0,595.8,323.2,1129.0,204.0,0.0,0.0,0.0,0.0,0.0,0.0,0.0,0.0,0.0,0.0,7,Chris Wood,Forward,Nott'm Forest
490,2022/23,53,807,3,0,4,9,0,0,0,0,0,0,7,163,145.2,82.1,169.0,39.3,2.71,0.37,3.08,91.0,2694.0,5.0,0.0,6.0,41.0,0.0,0.0,0.0,1.0,0.0,0.0,8.0,228.0,274.8,265.4,784.0,130.5,0.0,0.0,0.0,0.0,0.0,0.0,0.0,0.0,0.0,0.0,8,Chris Wood,Forward,Nott'm Forest
490,2023/24,131,1801,14,1,2,34,0,0,0,0,0,0,22,456,598.2,281.1,795.0,167.4,11.71,0.92,12.63,53.0,807.0,3.0,0.0,4.0,9.0,0.0,0.0,0.0,0.0,0.0,0.0,7.0,163.0,145.2,82.1,169.0,39.3,2.71,0.37,3.08,0.0,0.0,0.0,0.0,0.0,0.0,0.0,9,Chris Wood,Forward,Nott'm Forest
490,2024/25,200,2958,20,3,15,37,0,0,0,1,0,0,41,744,838.4,320.0,900.0,205.6,13.42,1.59,15.01,131.0,1801.0,14.0,1.0,2.0,34.0,0.0,0.0,0.0,0.0,0.0,0.0,22.0,456.0,598.2,281.1,795.0,167.4,11.71,0.92,12.63,0.0,0.0,0.0,0.0,0.0,0.0,0.0,10,Chris Wood,Forward,Nott'm Forest
490,2025/26,41,896,3,0,2,14,0,0,0,0,0,0,4,145,139.0,88.4,266.0,48.0,4.29,0.32,4.61,200.0,2958.0,20.0,3.0,15.0,37.0,0.0,0.0,0.0,1.0,0.0,0.0,41.0,744.0,838.4,320.0,900.0,205.6,13.42,1.59,15.01,0.0,0.0,0.0,0.0,0.0,0.0,0.0,11,Chris Wood,Forward,Nott'm Forest
491,2025/26,114,2293,6,6,9,37,0,0,0,2,0,0,13,407,420.6,240.7,726.0,136.4,6.48,1.26,7.74,,,,,,,,,,,,,,,,,,,,,,,,,,,,,0,Igor Jesus Maciel da Cruz,Forward,Nott'm Forest
492,2022/23,100,1395,10,1,5,29,0,0,0,2,0,0,16,320,416.2,140.1,405.0,95.6,6.86,0.29,7.15,,,,,,,,,,,,,,,,,,,,,,93.0,4.0,1.0,2000.0,7.0,0.0,23.0,0,Taiwo Awoniyi,Forward,Nott'm Forest
492,2023/24,67,1036,6,3,3,21,0,0,0,2,0,0,5,247,303.2,134.4,308.0,74.2,4.85,0.9,5.75,100.0,1395.0,10.0,1.0,5.0,29.0,0.0,0.0,0.0,2.0,0.0,0.0,16.0,320.0,416.2,140.1,405.0,95.6,6.86,0.29,7.15,74.0,3.0,1.0,1834.5,5.5,0.0,30.5,1,Taiwo Awoniyi,Forward,Nott'm Forest
492,2024/25,32,398,1,0,1,10,0,0,0,0,0,0,0,89,67.0,40.9,118.0,21.9,2.15,0.12,2.27,67.0,1036.0,6.0,3.0,3.0,21.0,0.0,0.0,0.0,2.0,0.0,0.0,5.0,247.0,303.2,134.4,308.0,74.2,4.85,0.9,5.75,42.5,1.5,0.5,1462.0,3.0,0.0,29.5,2,Taiwo Awoniyi,Forward,Nott'm Forest
492,2025/26,43,480,4,2,1,4,0,0,0,2,0,0,4,170,177.2,79.0,235.0,48.4,3.68,0.77,4.45,32.0,398.0,1.0,0.0,1.0,10.0,0.0,0.0,0.0,0.0,0.0,0.0,0.0,89.0,67.0,40.9,118.0,21.9,2.15,0.12,2.27,59.0,1.5,1.0,1706.5,4.0,0.0,26.5,3,Taiwo Awoniyi,Forward,Nott'm Forest
493,2025/26,9,89,0,0,0,3,0,0,0,0,0,0,0,24,6.8,17.7,39.0,6.3,0.44,0.02,0.46,,,,,,,,,,,,,,,,,,,,,,113.5,1.5,2.5,2682.5,10.5,0.0,30.0,0,Arnaud Kalimuendo,Forward,Nott'm Forest
494,2023/24,112,3420,0,0,7,61,0,0,0,2,0,110,9,730,974.2,0.0,0.0,97.4,0.0,0.0,0.0,,,,,,,,,,,,,,,,,,,,,,131.0,2.5,3.0,3131.0,12.0,0.0,43.0,0,Guglielmo Vicario,Goalkeeper,Spurs
494,2024/25,66,2160,0,0,4,37,0,0,0,1,0,68,2,293,587.8,0.0,0.0,58.5,0.0,0.0,0.0,112.0,3420.0,0.0,0.0,7.0,61.0,0.0,0.0,0.0,2.0,0.0,110.0,9.0,730.0,974.2,0.0,0.0,97.4,0.0,0.0,0.0,120.5,4.0,2.5,2995.0,10.0,0.0,50.0,1,Guglielmo Vicario,Goalkeeper,Spurs
494,2025/26,90,2790,0,0,7,50,0,0,0,1,0,83,6,412,709.2,10.1,0.0,72.2,0.0,0.04,0.04,66.0,2160.0,0.0,0.0,4.0,37.0,0.0,0.0,0.0,1.0,0.0,68.0,2.0,293.0,587.8,0.0,0.0,58.5,0.0,0.0,0.0,118.0,4.0,2.0,2935.0,11.0,0.0,42.0,2,Guglielmo Vicario,Goalkeeper,Spurs
495,2019/20,0,0,0,0,0,0,0,0,0,0,0,0,0,0,0.0,0.0,0.0,0.0,0.0,0.0,0.0,,,,,,,,,,,,,,,,,,,,,,129.0,0.0,2.0,3127.0,13.0,0.0,30.0,0,Brandon Austin,Goalkeeper,Spurs
495,2021/22,0,0,0,0,0,0,0,0,0,0,0,0,0,0,0.0,0.0,0.0,0.0,0.0,0.0,0.0,0.0,0.0,0.0,0.0,0.0,0.0,0.0,0.0,0.0,0.0,0.0,0.0,0.0,0.0,0.0,0.0,0.0,0.0,0.0,0.0,0.0,90.0,1.0,2.0,2251.0,8.0,0.0,29.5,1,Brandon Austin,Goalkeeper,Spurs
495,2022/23,0,0,0,0,0,0,0,0,0,0,0,0,0,0,0.0,0.0,0.0,0.0,0.0,0.0,0.0,0.0,0.0,0.0,0.0,0.0,0.0,0.0,0.0,0.0,0.0,0.0,0.0,0.0,0.0,0.0,0.0,0.0,0.0,0.0,0.0,0.0,34.5,1.0,1.0,893.5,2.5,0.0,16.5,2,Brandon Austin,Goalkeeper,Spurs
495,2023/24,0,0,0,0,0,0,0,0,0,0,0,0,0,0,0.0,0.0,0.0,0.0,0.0,0.0,0.0,0.0,0.0,0.0,0.0,0.0,0.0,0.0,0.0,0.0,0.0,0.0,0.0,0.0,0.0,0.0,0.0,0.0,0.0,0.0,0.0,0.0,18.0,0.0,0.0,412.0,2.0,0.0,4.0,3,Brandon Austin,Goalkeeper,Spurs
495,2024/25,1,90,0,0,0,2,0,0,0,0,0,2,0,7,20.0,0.0,0.0,2.0,0.0,0.0,0.0,0.0,0.0,0.0,0.0,0.0,0.0,0.0,0.0,0.0,0.0,0.0,0.0,0.0,0.0,0.0,0.0,0.0,0.0,0.0,0.0,0.0,8.0,0.0,0.0,607.0,0.0,0.0,18.0,4,Brandon Austin,Goalkeeper,Spurs
495,2025/26,0,0,0,0,0,0,0,0,0,0,0,0,0,0,0.0,0.0,0.0,0.0,0.0,0.0,0.0,1.0,90.0,0.0,0.0,0.0,2.0,0.0,0.0,0.0,0.0,0.0,2.0,0.0,7.0,20.0,0.0,0.0,2.0,0.0,0.0,0.0,4.0,0.0,0.0,303.5,0.0,0.0,9.0,5,Brandon Austin,Goalkeeper,Spurs
496,2024/25,17,540,0,0,1,11,0,0,0,0,0,24,0,86,208.2,10.1,0.0,21.7,0.0,0.01,0.01,,,,,,,,,,,,,,,,,,,,,,43.0,0.0,0.0,1439.5,4.5,0.0,21.0,0,Antonín Kinský,Goalkeeper,Spurs
496,2025/26,20,630,0,0,2,7,0,0,0,1,0,10,0,76,102.6,0.0,0.0,10.3,0.0,0.0,0.0,17.0,540.0,0.0,0.0,1.0,11.0,0.0,0.0,0.0,0.0,0.0,24.0,0.0,86.0,208.2,10.1,0.0,21.7,0.0,0.01,0.01,75.0,0.5,0.0,2468.0,7.5,0.0,35.0,1,Antonín Kinský,Goalkeeper,Spurs
497,2017/18,53,1080,0,0,4,11,0,1,0,0,0,26,5,215,234.6,0.0,0.0,23.3,0.0,0.0,0.0,,,,,,,,,,,,,,,,,,,,,,78.0,1.0,0.5,2259.0,7.5,0.0,29.0,0,Martin Dubravka,Goalkeeper,Spurs
497,2018/19,131,3420,0,0,11,48,0,0,0,1,0,96,10,647,783.6,0.0,0.0,78.4,0.0,0.0,0.0,53.0,1080.0,0.0,0.0,4.0,11.0,0.0,1.0,0.0,0.0,0.0,26.0,5.0,215.0,234.6,0.0,0.0,23.3,0.0,0.0,0.0,110.5,1.0,0.5,2785.0,11.5,0.0,30.0,1,Martin Dubravka,Goalkeeper,Spurs
497,2019/20,143,3420,0,0,11,58,0,0,0,0,0,139,7,719,1019.0,0.0,0.0,102.0,0.0,0.0,0.0,131.0,3420.0,0.0,0.0,11.0,48.0,0.0,0.0,0.0,1.0,0.0,96.0,10.0,647.0,783.6,0.0,0.0,78.4,0.0,0.0,0.0,113.0,1.5,1.0,2917.0,11.0,0.0,37.5,2,Martin Dubravka,Goalkeeper,Spurs
497,2020/21,48,1170,0,0,3,19,0,0,0,0,0,45,6,255,346.8,0.0,0.0,34.6,0.0,0.0,0.0,143.0,3420.0,0.0,0.0,11.0,58.0,0.0,0.0,0.0,0.0,0.0,139.0,7.0,719.0,1019.0,0.0,0.0,102.0,0.0,0.0,0.0,106.0,1.5,1.5,3027.5,10.5,0.0,45.0,3,Martin Dubravka,Goalkeeper,Spurs
497,2021/22,96,2340,0,0,8,35,0,0,0,1,0,73,9,465,590.8,20.0,0.0,61.1,0.0,0.0,0.0,48.0,1170.0,0.0,0.0,3.0,19.0,0.0,0.0,0.0,0.0,0.0,45.0,6.0,255.0,346.8,0.0,0.0,34.6,0.0,0.0,0.0,115.0,1.0,1.0,3330.0,13.0,0.0,45.0,4,Martin Dubravka,Goalkeeper,Spurs
497,2022/23,11,156,0,0,1,1,0,0,0,0,0,10,1,49,54.0,0.0,0.0,5.4,0.0,0.0,0.0,96.0,2340.0,0.0,0.0,8.0,35.0,0.0,0.0,0.0,1.0,0.0,73.0,9.0,465.0,590.8,20.0,0.0,61.1,0.0,0.0,0.0,0.0,0.0,0.0,0.0,0.0,0.0,0.0,5,Martin Dubravka,Goalkeeper,Spurs
497,2023/24,75,1984,0,0,4,42,0,1,0,1,0,88,3,426,661.0,10.0,0.0,67.2,0.0,0.0,0.0,11.0,156.0,0.0,0.0,1.0,1.0,0.0,0.0,0.0,0.0,0.0,10.0,1.0,49.0,54.0,0.0,0.0,5.4,0.0,0.0,0.0,9.5,0.0,0.0,326.5,0.5,0.0,5.5,6,Martin Dubravka,Goalkeeper,Spurs
497,2024/25,44,900,0,0,5,12,0,0,0,0,0,29,2,160,220.2,0.0,0.0,22.0,0.0,0.0,0.0,75.0,1984.0,0.0,0.0,4.0,42.0,0.0,1.0,0.0,1.0,0.0,88.0,3.0,426.0,661.0,10.0,0.0,67.2,0.0,0.0,0.0,28.5,0.5,0.0,713.0,1.5,0.0,11.5,7,Martin Dubravka,Goalkeeper,Spurs
497,2025/26,96,3150,0,0,4,71,0,0,0,1,0,127,7,436,976.4,0.0,0.0,97.9,0.0,0.04,0.04,44.0,900.0,0.0,0.0,5.0,12.0,0.0,0.0,0.0,0.0,0.0,29.0,2.0,160.0,220.2,0.0,0.0,22.0,0.0,0.0,0.0,70.0,0.5,3.5,1480.5,5.0,0.0,21.5,8,Martin Dubravka,Goalkeeper,Spurs
498,2022/23,69,2489,2,0,5,55,0,0,0,7,0,0,5,462,602.2,79.1,113.0,79.6,1.66,0.35,2.01,,,,,,,,,,,,,,,,,,,,,,102.0,0.0,7.0,2188.0,8.0,0.0,31.0,0,Marcos Senesi Barón,Defender,Spurs
498,2023/24,102,2239,4,5,6,44,0,0,0,13,0,0,13,486,735.0,311.2,147.0,119.7,1.98,2.27,4.25,69.0,2489.0,2.0,0.0,5.0,55.0,0.0,0.0,0.0,7.0,0.0,0.0,5.0,462.0,602.2,79.1,113.0,79.6,1.66,0.35,2.01,0.0,0.0,0.0,0.0,0.0,0.0,0.0,1,Marcos Senesi Barón,Defender,Spurs
498,2024/25,31,1103,0,0,2,17,0,0,0,5,0,0,3,114,271.6,84.2,39.0,39.6,0.84,0.48,1.32,102.0,2239.0,4.0,5.0,6.0,44.0,0.0,0.0,0.0,13.0,0.0,0.0,13.0,486.0,735.0,311.2,147.0,119.7,1.98,2.27,4.25,40.0,0.5,1.0,1100.0,3.5,0.0,21.0,2,Marcos Senesi Barón,Defender,Spurs
498,2025/26,175,3288,0,6,11,53,0,0,0,8,0,0,14,571,1114.4,367.8,201.0,168.6,1.53,4.72,6.25,31.0,1103.0,0.0,0.0,2.0,17.0,0.0,0.0,0.0,5.0,0.0,0.0,3.0,114.0,271.6,84.2,39.0,39.6,0.84,0.48,1.32,41.0,0.5,1.0,1113.0,3.5,0.0,21.0,3,Marcos Senesi Barón,Defender,Spurs
499,2022/23,59,1132,3,3,2,26,0,0,0,0,0,0,5,253,330.4,403.7,175.0,90.9,1.81,2.29,4.1,,,,,,,,,,,,,,,,,,,,,,23.5,0.5,0.0,664.0,1.0,0.0,13.5,0,Pedro Porro Sauceda,Defender,Spurs
499,2023/24,136,3090,3,8,7,54,0,0,0,3,0,0,20,720,839.0,877.4,365.0,208.5,2.92,6.18,9.1,59.0,1132.0,3.0,3.0,2.0,26.0,0.0,0.0,0.0,0.0,0.0,0.0,5.0,253.0,330.4,403.7,175.0,90.9,1.81,2.29,4.1,75.0,0.5,0.5,2068.5,6.0,0.0,33.5,1,Pedro Porro Sauceda,Defender,Spurs
499,2024/25,98,2606,2,6,6,47,0,0,0,5,0,0,6,456,778.4,932.9,200.0,191.2,1.63,4.71,6.34,136.0,3090.0,3.0,8.0,7.0,54.0,0.0,0.0,0.0,3.0,0.0,0.0,20.0,720.0,839.0,877.4,365.0,208.5,2.92,6.18,9.1,105.0,0.0,1.0,2835.0,10.0,0.0,40.0,2,Pedro Porro Sauceda,Defender,Spurs
499,2025/26,117,2793,1,3,9,40,0,0,0,10,0,0,8,502,690.2,881.7,202.0,177.5,1.05,4.37,5.42,98.0,2606.0,2.0,6.0,6.0,47.0,0.0,0.0,0.0,5.0,0.0,0.0,6.0,456.0,778.4,932.9,200.0,191.2,1.63,4.71,6.34,2.0,0.0,0.0,11.0,0.0,0.0,0.0,3,Pedro Porro Sauceda,Defender,Spurs
500,2021/22,63,1844,1,0,5,25,0,0,0,8,0,0,10,385,498.8,98.9,102.0,69.9,0.0,0.0,0.0,,,,,,,,,,,,,,,,,,,,,,130.0,5.5,7.0,2995.5,11.0,0.0,42.5,0,Cristian Romero,Defender,Spurs
500,2022/23,66,2363,0,2,8,41,0,0,0,9,1,0,3,447,546.2,136.2,91.0,77.3,1.5,1.02,2.52,63.0,1844.0,1.0,0.0,5.0,25.0,0.0,0.0,0.0,8.0,0.0,0.0,10.0,385.0,498.8,98.9,102.0,69.9,0.0,0.0,0.0,144.0,6.0,7.5,3268.5,11.5,0.0,52.0,1,Cristian Romero,Defender,Spurs
500,2023/24,107,2790,5,0,7,46,1,0,0,7,1,0,15,591,841.8,161.9,252.0,125.9,3.25,1.41,4.66,66.0,2363.0,0.0,2.0,8.0,41.0,0.0,0.0,0.0,9.0,1.0,0.0,3.0,447.0,546.2,136.2,91.0,77.3,1.5,1.02,2.52,135.0,5.0,6.0,3273.0,13.0,0.0,44.0,2,Cristian Romero,Defender,Spurs
500,2024/25,49,1416,1,1,3,22,0,0,0,3,0,0,3,245,343.2,113.1,232.0,69.0,1.52,0.81,2.33,107.0,2790.0,5.0,0.0,7.0,46.0,1.0,0.0,0.0,7.0,1.0,0.0,15.0,591.0,841.8,161.9,252.0,125.9,3.25,1.41,4.66,3.0,0.0,0.0,8.0,0.0,0.0,0.0,3,Cristian Romero,Defender,Spurs
500,2025/26,91,1869,4,1,5,33,0,0,0,9,2,0,10,305,574.8,133.6,223.0,93.2,1.39,1.25,2.64,49.0,1416.0,1.0,1.0,3.0,22.0,0.0,0.0,0.0,3.0,0.0,0.0,3.0,245.0,343.2,113.1,232.0,69.0,1.52,0.81,2.33,23.0,0.5,1.5,504.5,0.5,0.0,8.0,4,Cristian Romero,Defender,Spurs
501,2019/20,9,275,0,1,1,8,0,0,0,0,1,0,0,46,58.4,26.0,6.0,8.9,0.0,0.0,0.0,,,,,,,,,,,,,,,,,,,,,,88.0,3.5,6.5,1538.0,5.0,0.0,20.0,0,Kevin Danso,Defender,Spurs
501,2024/25,16,842,0,0,1,18,0,0,0,0,0,0,0,104,242.0,34.4,72.0,34.9,0.4,0.12,0.52,9.0,275.0,0.0,1.0,1.0,8.0,0.0,0.0,0.0,0.0,1.0,0.0,0.0,46.0,58.4,26.0,6.0,8.9,0.0,0.0,0.0,129.5,7.5,7.5,2009.5,8.0,0.0,24.5,1,Kevin Danso,Defender,Spurs
501,2025/26,63,1489,0,0,4,25,0,0,0,8,0,0,1,219,407.0,49.5,96.0,55.5,0.62,0.28,0.9,16.0,842.0,0.0,0.0,1.0,18.0,0.0,0.0,0.0,0.0,0.0,0.0,0.0,104.0,242.0,34.4,72.0,34.9,0.4,0.12,0.52,131.5,7.5,8.5,2019.5,7.5,0.0,27.5,2,Kevin Danso,Defender,Spurs
502,2014/15,45,1526,0,2,3,27,0,0,0,7,0,0,4,282,0.0,0.0,0.0,0.0,0.0,0.0,0.0,,,,,,,,,,,,,,,,,,,,,,137.5,9.5,7.0,2402.0,7.0,0.0,40.5,0,Andrew Robertson,Defender,Spurs
502,2016/17,73,2736,1,2,5,59,0,0,0,5,0,0,4,488,502.6,352.8,100.0,95.6,0.0,0.0,0.0,45.0,1526.0,0.0,2.0,3.0,27.0,0.0,0.0,0.0,7.0,0.0,0.0,4.0,282.0,0.0,0.0,0.0,0.0,0.0,0.0,0.0,101.0,9.0,2.5,1748.5,4.0,0.0,30.5,1,Andrew Robertson,Defender,Spurs
502,2017/18,111,1940,1,5,10,18,0,0,0,2,0,0,12,514,424.0,414.5,174.0,101.3,0.0,0.0,0.0,73.0,2736.0,1.0,2.0,5.0,59.0,0.0,0.0,0.0,5.0,0.0,0.0,4.0,488.0,502.6,352.8,100.0,95.6,0.0,0.0,0.0,97.0,7.0,4.0,1267.0,4.0,0.0,16.5,2,Andrew Robertson,Defender,Spurs
502,2018/19,213,3216,0,12,21,20,0,0,0,4,0,0,29,906,748.8,767.2,318.0,183.6,0.0,0.0,0.0,111.0,1940.0,1.0,5.0,10.0,18.0,0.0,0.0,0.0,2.0,0.0,0.0,12.0,514.0,424.0,414.5,174.0,101.3,0.0,0.0,0.0,130.0,9.0,5.0,1746.0,6.0,0.0,23.0,3,Andrew Robertson,Defender,Spurs
502,2019/20,181,3111,2,12,13,31,0,0,0,2,0,0,20,847,845.8,980.2,389.0,221.7,0.0,0.0,0.0,213.0,3216.0,0.0,12.0,21.0,20.0,0.0,0.0,0.0,4.0,0.0,0.0,29.0,906.0,748.8,767.2,318.0,183.6,0.0,0.0,0.0,11.0,1.0,0.0,155.0,0.0,0.0,2.0,4,Andrew Robertson,Defender,Spurs
502,2020/21,161,3384,1,8,12,42,0,0,0,2,0,0,19,834,754.4,1129.3,359.0,224.5,0.0,0.0,0.0,181.0,3111.0,2.0,12.0,13.0,31.0,0.0,0.0,0.0,2.0,0.0,0.0,20.0,847.0,845.8,980.2,389.0,221.7,0.0,0.0,0.0,35.0,1.5,1.5,681.5,2.0,0.0,9.5,5,Andrew Robertson,Defender,Spurs
502,2021/22,186,2537,3,11,17,20,0,0,0,5,1,0,23,770,708.2,900.7,372.0,198.3,0.0,0.0,0.0,161.0,3384.0,1.0,8.0,12.0,42.0,0.0,0.0,0.0,2.0,0.0,0.0,19.0,834.0,754.4,1129.3,359.0,224.5,0.0,0.0,0.0,41.0,1.0,2.0,812.5,3.0,0.0,9.5,6,Andrew Robertson,Defender,Spurs
502,2022/23,121,2579,0,8,9,34,0,0,0,3,0,0,10,633,549.2,862.1,211.0,162.3,1.24,6.69,7.93,186.0,2537.0,3.0,11.0,17.0,20.0,0.0,0.0,0.0,5.0,1.0,0.0,23.0,770.0,708.2,900.7,372.0,198.3,0.0,0.0,0.0,71.0,2.5,5.0,1420.5,2.0,0.0,24.5,7,Andrew Robertson,Defender,Spurs
502,2023/24,76,1689,3,2,3,22,0,0,0,2,0,0,8,463,552.2,936.1,230.0,171.9,1.9,4.4,6.3,121.0,2579.0,0.0,8.0,9.0,34.0,0.0,0.0,0.0,3.0,0.0,0.0,10.0,633.0,549.2,862.1,211.0,162.3,1.24,6.69,7.93,136.0,5.5,10.0,2460.0,7.0,0.0,41.0,8,Andrew Robertson,Defender,Spurs
502,2024/25,91,2479,0,1,10,32,1,0,0,3,1,0,4,397,395.4,668.7,182.0,124.4,1.12,4.27,5.39,76.0,1689.0,3.0,2.0,3.0,22.0,0.0,0.0,0.0,2.0,0.0,0.0,8.0,463.0,552.2,936.1,230.0,171.9,1.9,4.4,6.3,153.0,6.0,11.0,2496.0,12.0,0.0,35.0,9,Andrew Robertson,Defender,Spurs
502,2025/26,55,1165,1,0,4,16,0,0,0,0,0,0,4,216,239.8,318.8,121.0,68.2,1.1,1.4,2.49,91.0,2479.0,0.0,1.0,10.0,32.0,1.0,0.0,0.0,3.0,1.0,0.0,4.0,397.0,395.4,668.7,182.0,124.4,1.12,4.27,5.39,16.0,1.0,0.0,437.0,1.0,0.0,5.0,10,Andrew Robertson,Defender,Spurs
503,2023/24,81,2341,3,0,5,38,0,0,0,5,0,0,10,501,561.6,56.7,85.0,70.5,0.61,0.33,0.94,,,,,,,,,,,,,,,,,,,,,,61.0,2.5,1.0,1531.0,6.0,0.0,19.5,0,Micky van de Ven,Defender,Spurs
503,2024/25,32,1014,0,2,2,17,0,0,0,4,0,0,2,139,212.0,39.4,57.0,30.9,0.54,0.7,1.24,81.0,2341.0,3.0,0.0,5.0,38.0,0.0,0.0,0.0,5.0,0.0,0.0,10.0,501.0,561.6,56.7,85.0,70.5,0.61,0.33,0.94,106.0,4.0,2.0,2625.0,11.0,0.0,34.0,1,Micky van de Ven,Defender,Spurs
503,2025/26,116,3041,4,1,9,50,0,0,0,9,1,0,10,431,683.4,95.2,218.0,99.6,2.82,0.38,3.2,32.0,1014.0,0.0,2.0,2.0,17.0,0.0,0.0,0.0,4.0,0.0,0.0,2.0,139.0,212.0,39.4,57.0,30.9,0.54,0.7,1.24,28.0,0.0,0.0,611.0,2.0,0.0,10.0,2,Micky van de Ven,Defender,Spurs
504,2025/26,0,0,0,0,0,0,0,0,0,0,0,0,0,0,0.0,0.0,0.0,0.0,0.0,0.0,0.0,,,,,,,,,,,,,,,,,,,,,,68.5,3.0,0.5,1538.0,7.0,0.0,22.5,0,Luka Vušković,Defender,Brighton
505,2022/23,4,5,0,0,0,0,0,0,0,0,0,0,0,10,0.2,1.3,20.0,2.2,0.06,0.0,0.06,,,,,,,,,,,,,,,,,,,,,,122.0,6.0,4.5,2549.5,11.5,0.0,34.0,0,Djed Spence,Defender,Spurs
505,2023/24,0,0,0,0,0,0,0,0,0,0,0,0,0,0,0.0,0.0,0.0,0.0,0.0,0.0,0.0,4.0,5.0,0.0,0.0,0.0,0.0,0.0,0.0,0.0,0.0,0.0,0.0,0.0,10.0,0.2,1.3,20.0,2.2,0.06,0.0,0.06,82.0,3.5,4.5,1741.0,5.5,0.0,22.5,1,Djed Spence,Defender,Spurs
505,2024/25,51,1790,1,2,3,39,1,0,0,2,1,0,6,216,433.0,226.6,100.0,76.1,0.58,1.41,1.99,0.0,0.0,0.0,0.0,0.0,0.0,0.0,0.0,0.0,0.0,0.0,0.0,0.0,0.0,0.0,0.0,0.0,0.0,0.0,0.0,0.0,47.5,1.0,2.5,1232.0,2.5,0.0,19.0,2,Djed Spence,Defender,Spurs
505,2025/26,78,2049,0,0,9,31,0,0,0,4,0,0,3,271,291.0,209.7,207.0,70.5,0.9,1.77,2.67,51.0,1790.0,1.0,2.0,3.0,39.0,1.0,0.0,0.0,2.0,1.0,0.0,6.0,216.0,433.0,226.6,100.0,76.1,0.58,1.41,1.99,66.0,1.0,4.0,1616.0,5.0,0.0,26.0,3,Djed Spence,Defender,Spurs
506,2023/24,79,2391,2,3,5,43,0,0,0,5,1,0,8,402,534.8,357.9,279.0,117.3,2.42,2.36,4.78,,,,,,,,,,,,,,,,,,,,,,51.0,1.0,2.0,1137.0,2.0,0.0,25.0,0,Destiny Udogie,Defender,Spurs
506,2024/25,43,1923,0,1,2,35,1,0,0,2,0,0,0,233,354.8,256.5,132.0,74.5,0.31,1.22,1.53,79.0,2391.0,2.0,3.0,5.0,43.0,0.0,0.0,0.0,5.0,1.0,0.0,8.0,402.0,534.8,357.9,279.0,117.3,2.42,2.36,4.78,33.5,0.5,1.5,716.5,1.5,0.0,16.5,1,Destiny Udogie,Defender,Spurs
506,2025/26,29,1335,0,1,1,25,0,0,0,4,0,0,1,121,207.2,187.0,103.0,49.8,0.18,0.72,0.9,43.0,1923.0,0.0,1.0,2.0,35.0,1.0,0.0,0.0,2.0,0.0,0.0,0.0,233.0,354.8,256.5,132.0,74.5,0.31,1.22,1.53,8.0,0.0,0.5,148.0,0.5,0.0,4.0,2,Destiny Udogie,Defender,Spurs
507,2023/24,0,0,0,0,0,0,0,0,0,0,0,0,0,0,0.0,0.0,0.0,0.0,0.0,0.0,0.0,,,,,,,,,,,,,,,,,,,,,,34.5,1.0,1.5,808.5,1.5,0.0,16.5,0,Ashley Phillips,Defender,Spurs
507,2024/25,0,0,0,0,0,0,0,0,0,0,0,0,0,0,0.0,0.0,0.0,0.0,0.0,0.0,0.0,0.0,0.0,0.0,0.0,0.0,0.0,0.0,0.0,0.0,0.0,0.0,0.0,0.0,0.0,0.0,0.0,0.0,0.0,0.0,0.0,0.0,65.5,1.5,3.5,1537.0,2.5,0.0,34.0,1,Ashley Phillips,Defender,Spurs
507,2025/26,0,0,0,0,0,0,0,0,0,0,0,0,0,0,0.0,0.0,0.0,0.0,0.0,0.0,0.0,0.0,0.0,0.0,0.0,0.0,0.0,0.0,0.0,0.0,0.0,0.0,0.0,0.0,0.0,0.0,0.0,0.0,0.0,0.0,0.0,0.0,70.0,2.5,3.0,1343.5,2.5,0.0,23.5,2,Ashley Phillips,Defender,Spurs
508,2012/13,99,3052,1,2,8,48,0,0,0,5,0,0,6,0,0.0,0.0,0.0,0.0,0.0,0.0,0.0,,,,,,,,,,,,,,,,,,,,,,80.0,3.5,5.0,1207.0,4.0,0.0,16.5,0,Ben Davies,Defender,Spurs
508,2013/14,99,2874,2,1,6,46,0,0,0,3,0,0,12,179,0.0,0.0,0.0,0.0,0.0,0.0,0.0,99.0,3052.0,1.0,2.0,8.0,48.0,0.0,0.0,0.0,5.0,0.0,0.0,6.0,0.0,0.0,0.0,0.0,0.0,0.0,0.0,0.0,120.5,5.5,10.5,1770.0,8.0,0.0,26.0,1,Ben Davies,Defender,Spurs
508,2014/15,31,895,0,1,2,12,0,0,0,3,0,0,2,160,0.0,0.0,0.0,0.0,0.0,0.0,0.0,99.0,2874.0,2.0,1.0,6.0,46.0,0.0,0.0,0.0,3.0,0.0,0.0,12.0,179.0,0.0,0.0,0.0,0.0,0.0,0.0,0.0,159.0,8.0,13.0,2356.0,11.0,0.0,31.0,2,Ben Davies,Defender,Spurs
508,2015/16,52,1291,0,2,5,16,0,0,0,3,0,0,2,269,0.0,0.0,0.0,0.0,0.0,0.0,0.0,31.0,895.0,0.0,1.0,2.0,12.0,0.0,0.0,0.0,3.0,0.0,0.0,2.0,160.0,0.0,0.0,0.0,0.0,0.0,0.0,0.0,78.0,2.0,2.0,2678.0,9.0,0.0,46.0,3,Ben Davies,Defender,Spurs
508,2016/17,90,1739,1,3,8,13,0,0,0,1,0,0,5,443,452.0,449.6,156.0,105.8,0.0,0.0,0.0,52.0,1291.0,0.0,2.0,5.0,16.0,0.0,0.0,0.0,3.0,0.0,0.0,2.0,269.0,0.0,0.0,0.0,0.0,0.0,0.0,0.0,76.0,3.0,2.0,2328.5,6.0,0.0,41.0,4,Ben Davies,Defender,Spurs
508,2017/18,143,2323,2,7,12,20,0,0,0,3,0,0,14,615,610.0,698.8,201.0,151.0,0.0,0.0,0.0,90.0,1739.0,1.0,3.0,8.0,13.0,0.0,0.0,0.0,1.0,0.0,0.0,5.0,443.0,452.0,449.6,156.0,105.8,0.0,0.0,0.0,78.5,4.0,2.0,2266.5,5.0,0.0,41.0,5,Ben Davies,Defender,Spurs
508,2018/19,66,1837,0,0,6,26,0,0,0,2,0,0,5,361,388.2,256.6,176.0,82.3,0.0,0.0,0.0,143.0,2323.0,2.0,7.0,12.0,20.0,0.0,0.0,0.0,3.0,0.0,0.0,14.0,615.0,610.0,698.8,201.0,151.0,0.0,0.0,0.0,99.0,5.0,3.5,2607.0,9.0,0.0,36.0,6,Ben Davies,Defender,Spurs
508,2019/20,41,1430,0,0,4,19,0,0,0,6,0,0,2,223,279.8,172.4,94.0,54.4,0.0,0.0,0.0,66.0,1837.0,0.0,0.0,6.0,26.0,0.0,0.0,0.0,2.0,0.0,0.0,5.0,361.0,388.2,256.6,176.0,82.3,0.0,0.0,0.0,80.0,4.0,3.0,1968.0,7.0,0.0,24.5,7,Ben Davies,Defender,Spurs
508,2020/21,52,1340,0,2,4,16,0,0,0,1,0,0,1,253,232.8,136.8,65.0,43.4,0.0,0.0,0.0,41.0,1430.0,0.0,0.0,4.0,19.0,0.0,0.0,0.0,6.0,0.0,0.0,2.0,223.0,279.8,172.4,94.0,54.4,0.0,0.0,0.0,72.0,3.0,2.5,1835.0,6.5,0.0,27.5,8,Ben Davies,Defender,Spurs
508,2021/22,105,2537,1,2,12,30,0,0,0,6,0,0,3,490,501.4,203.5,254.0,96.2,0.0,0.0,0.0,52.0,1340.0,0.0,2.0,4.0,16.0,0.0,0.0,0.0,1.0,0.0,0.0,1.0,253.0,232.8,136.8,65.0,43.4,0.0,0.0,0.0,99.0,4.0,4.0,2394.0,10.0,0.0,32.0,9,Ben Davies,Defender,Spurs
508,2022/23,99,2284,2,3,9,33,0,0,0,4,0,0,3,470,434.0,291.8,172.0,89.9,1.01,1.47,2.48,105.0,2537.0,1.0,2.0,12.0,30.0,0.0,0.0,0.0,6.0,0.0,0.0,3.0,490.0,501.4,203.5,254.0,96.2,0.0,0.0,0.0,1.0,0.0,0.0,14.0,0.0,0.0,0.0,10,Ben Davies,Defender,Spurs
508,2023/24,34,1085,1,2,1,21,0,0,0,2,0,0,0,216,294.8,81.0,124.0,50.3,2.34,0.57,2.91,99.0,2284.0,2.0,3.0,9.0,33.0,0.0,0.0,0.0,4.0,0.0,0.0,3.0,470.0,434.0,291.8,172.0,89.9,1.01,1.47,2.48,22.5,0.5,1.5,608.5,0.5,0.0,14.5,11,Ben Davies,Defender,Spurs
508,2024/25,28,1329,0,0,3,26,0,0,0,5,0,0,0,154,343.6,42.1,49.0,43.7,0.27,0.5,0.77,34.0,1085.0,1.0,2.0,1.0,21.0,0.0,0.0,0.0,2.0,0.0,0.0,0.0,216.0,294.8,81.0,124.0,50.3,2.34,0.57,2.91,32.5,1.0,1.5,753.5,0.5,0.0,16.5,12,Ben Davies,Defender,Spurs
508,2025/26,10,136,1,0,0,3,0,0,0,1,0,0,1,29,67.4,22.2,52.0,14.2,0.49,0.07,0.56,28.0,1329.0,0.0,0.0,3.0,26.0,0.0,0.0,0.0,5.0,0.0,0.0,0.0,154.0,343.6,42.1,49.0,43.7,0.27,0.5,0.77,21.0,1.0,0.0,304.0,0.0,0.0,4.0,13,Ben Davies,Defender,Spurs
509,2025/26,1,1,0,0,0,0,0,0,0,0,0,0,0,3,0.4,0.5,0.0,0.1,0.0,0.0,0.0,,,,,,,,,,,,,,,,,,,,,,3.0,0.0,0.0,81.0,0.0,0.0,2.0,0,Jun'ai Byfield,Defender,Spurs
510,2025/26,1,1,0,0,0,0,0,0,0,0,0,0,0,3,0.0,0.0,0.0,0.0,0.0,0.0,0.0,,,,,,,,,,,,,,,,,,,,,,22.5,0.5,0.5,450.5,1.0,0.0,8.5,0,James Rowswell,Defender,Spurs
511,2025/26,3,142,0,0,0,3,0,0,0,1,0,0,0,0,12.8,31.9,17.0,6.2,0.02,0.03,0.05,,,,,,,,,,,,,,,,,,,,,,60.0,4.5,0.5,1024.0,2.5,0.0,17.0,0,João Victor de Souza Menezes,Defender,Spurs
512,2023/24,137,2485,8,9,3,61,0,0,0,6,0,0,13,476,667.2,472.9,566.0,170.8,5.06,3.48,8.54,,,,,,,,,,,,,,,,,,,,,,79.0,5.0,1.5,1623.5,5.0,0.0,27.5,0,Mohammed Kudus,Midfielder,Spurs
512,2024/25,106,2589,5,4,7,46,0,0,0,2,1,0,5,373,471.6,552.5,752.0,177.5,6.97,2.67,9.64,137.0,2485.0,8.0,9.0,3.0,61.0,0.0,0.0,0.0,6.0,0.0,0.0,13.0,476.0,667.2,472.9,566.0,170.8,5.06,3.48,8.54,101.0,2.5,5.0,2296.5,9.0,0.0,31.5,1,Mohammed Kudus,Midfielder,Spurs
512,2025/26,75,1535,2,6,7,20,0,0,0,3,0,0,7,257,333.4,413.8,302.0,104.7,1.92,2.41,4.33,106.0,2589.0,5.0,4.0,7.0,46.0,0.0,0.0,0.0,2.0,1.0,0.0,5.0,373.0,471.6,552.5,752.0,177.5,6.97,2.67,9.64,70.5,2.0,3.5,1485.5,6.5,0.0,17.5,2,Mohammed Kudus,Midfielder,Spurs
513,2025/26,80,1747,2,5,4,36,0,0,0,5,1,0,7,345,349.6,533.8,255.0,113.9,3.06,3.85,6.91,,,,,,,,,,,,,,,,,,,,,,32.0,0.5,1.0,740.0,2.5,0.0,12.5,0,Xavi Simons,Midfielder,Spurs
514,2024/25,42,908,2,2,2,20,0,0,0,2,0,0,2,151,183.8,208.3,236.0,62.3,2.96,1.55,4.51,,,,,,,,,,,,,,,,,,,,,,46.0,0.0,2.0,1065.0,4.0,0.0,16.0,0,Mathys Tel,Midfielder,Spurs
514,2025/26,78,1334,4,2,3,23,0,0,0,1,0,0,7,266,303.4,457.2,312.0,107.6,2.47,2.43,4.89,42.0,908.0,2.0,2.0,2.0,20.0,0.0,0.0,0.0,2.0,0.0,0.0,2.0,151.0,183.8,208.3,236.0,62.3,2.96,1.55,4.51,,,,,,,,1,Mathys Tel,Midfielder,Spurs
515,2018/19,137,2831,7,7,8,44,0,0,1,3,1,0,12,619,801.4,1515.0,769.0,308.4,0.0,0.0,0.0,,,,,,,,,,,,,,,,,,,,,,92.0,7.0,2.0,1268.0,3.0,0.0,22.0,0,James Maddison,Midfielder,Spurs
515,2019/20,125,2624,6,5,10,26,0,0,0,4,0,0,14,548,642.4,1246.4,702.0,259.2,0.0,0.0,0.0,137.0,2831.0,7.0,7.0,8.0,44.0,0.0,0.0,1.0,3.0,1.0,0.0,12.0,619.0,801.4,1515.0,769.0,308.4,0.0,0.0,0.0,101.5,7.0,3.0,1427.5,5.0,0.0,19.5,1,James Maddison,Midfielder,Spurs
515,2020/21,133,2093,8,7,10,28,0,0,0,4,0,0,12,473,588.4,770.3,668.0,202.5,0.0,0.0,0.0,125.0,2624.0,6.0,5.0,10.0,26.0,0.0,0.0,0.0,4.0,0.0,0.0,14.0,548.0,642.4,1246.4,702.0,259.2,0.0,0.0,0.0,121.0,9.5,4.0,2037.5,9.0,0.0,28.5,2,James Maddison,Midfielder,Spurs
515,2021/22,181,2454,12,11,5,41,0,0,0,3,0,0,24,637,827.4,706.2,770.0,230.2,0.0,0.0,0.0,133.0,2093.0,8.0,7.0,10.0,28.0,0.0,0.0,0.0,4.0,0.0,0.0,12.0,473.0,588.4,770.3,668.0,202.5,0.0,0.0,0.0,158.0,15.0,5.0,2704.5,10.0,0.0,42.5,3,James Maddison,Midfielder,Spurs
515,2022/23,135,2479,10,9,4,54,0,0,1,10,0,0,9,520,802.4,984.9,805.0,259.7,8.5,5.53,14.03,181.0,2454.0,12.0,11.0,5.0,41.0,0.0,0.0,0.0,3.0,0.0,0.0,24.0,637.0,827.4,706.2,770.0,230.2,0.0,0.0,0.0,185.0,18.0,6.0,2921.0,9.0,0.0,45.0,4,James Maddison,Midfielder,Spurs
515,2023/24,117,2137,4,11,7,31,0,0,0,5,0,0,9,495,630.4,979.5,605.0,221.4,6.53,6.21,12.74,135.0,2479.0,10.0,9.0,4.0,54.0,0.0,0.0,1.0,10.0,0.0,0.0,9.0,520.0,802.4,984.9,805.0,259.7,8.5,5.53,14.03,0.0,0.0,0.0,0.0,0.0,0.0,0.0,5,James Maddison,Midfielder,Spurs
515,2024/25,133,1799,9,8,6,32,0,0,0,6,0,0,15,592,683.4,702.3,495.0,187.8,5.54,5.92,11.46,117.0,2137.0,4.0,11.0,7.0,31.0,0.0,0.0,0.0,5.0,0.0,0.0,9.0,495.0,630.4,979.5,605.0,221.4,6.53,6.21,12.74,12.5,0.0,0.5,389.0,0.0,0.0,11.5,6,James Maddison,Midfielder,Spurs
515,2025/26,3,34,0,0,0,0,0,0,0,0,0,0,0,5,2.8,9.5,15.0,2.8,0.21,0.06,0.27,133.0,1799.0,9.0,8.0,6.0,32.0,0.0,0.0,0.0,6.0,0.0,0.0,15.0,592.0,683.4,702.3,495.0,187.8,5.54,5.92,11.46,22.0,0.5,0.5,451.0,0.0,0.0,13.0,7,James Maddison,Midfielder,Spurs
516,2021/22,52,1360,0,4,9,12,0,0,0,5,0,0,4,266,322.8,244.8,122.0,68.9,0.0,0.0,0.0,,,,,,,,,,,,,,,,,,,,,,19.0,1.0,0.0,124.0,0.0,0.0,3.0,0,Rodrigo Bentancur,Midfielder,Spurs
516,2022/23,71,1501,5,2,6,24,0,0,0,8,0,0,7,342,489.6,180.2,236.0,90.7,2.26,0.68,2.94,52.0,1360.0,0.0,4.0,9.0,12.0,0.0,0.0,0.0,5.0,0.0,0.0,4.0,266.0,322.8,244.8,122.0,68.9,0.0,0.0,0.0,0.0,0.0,0.0,0.0,0.0,0.0,0.0,1,Rodrigo Bentancur,Midfielder,Spurs
516,2023/24,32,997,1,1,1,25,0,0,0,7,0,0,0,153,193.0,174.9,156.0,52.1,2.01,1.05,3.06,71.0,1501.0,5.0,2.0,6.0,24.0,0.0,0.0,0.0,8.0,0.0,0.0,7.0,342.0,489.6,180.2,236.0,90.7,2.26,0.68,2.94,0.0,0.0,0.0,0.0,0.0,0.0,0.0,2,Rodrigo Bentancur,Midfielder,Spurs
516,2024/25,49,1640,2,0,3,26,0,0,0,9,0,0,1,293,324.6,208.5,165.0,70.2,1.36,1.02,2.38,32.0,997.0,1.0,1.0,1.0,25.0,0.0,0.0,0.0,7.0,0.0,0.0,0.0,153.0,193.0,174.9,156.0,52.1,2.01,1.05,3.06,34.0,0.0,0.0,1440.0,1.0,37.0,27.0,3,Rodrigo Bentancur,Midfielder,Spurs
516,2025/26,86,1880,1,1,8,25,0,0,0,7,0,0,4,366,349.0,197.8,124.0,67.4,0.72,0.84,1.56,49.0,1640.0,2.0,0.0,3.0,26.0,0.0,0.0,0.0,9.0,0.0,0.0,1.0,293.0,324.6,208.5,165.0,70.2,1.36,1.02,2.38,92.0,0.0,0.5,2430.0,7.0,78.5,36.5,4,Rodrigo Bentancur,Midfielder,Spurs
517,2023/24,82,2095,3,4,2,48,0,0,0,3,0,0,3,303,331.0,435.4,445.0,121.1,2.75,3.32,6.07,,,,,,,,,,,,,,,,,,,,,,150.0,0.0,1.0,3420.0,13.0,120.0,46.0,0,Wilson Odobert,Midfielder,Spurs
517,2024/25,34,843,1,0,1,20,0,0,0,0,0,0,3,92,101.2,108.6,156.0,36.7,1.63,0.76,2.39,82.0,2095.0,3.0,4.0,2.0,48.0,0.0,0.0,0.0,3.0,0.0,0.0,3.0,303.0,331.0,435.4,445.0,121.1,2.75,3.32,6.07,,,,,,,,1,Wilson Odobert,Midfielder,Spurs
517,2025/26,46,972,0,2,2,13,0,0,0,0,0,0,6,176,158.8,284.3,234.0,67.6,1.92,1.21,3.13,34.0,843.0,1.0,0.0,1.0,20.0,0.0,0.0,0.0,0.0,0.0,0.0,3.0,92.0,101.2,108.6,156.0,36.7,1.63,0.76,2.39,14.0,0.0,0.0,228.0,1.0,0.0,2.0,2,Wilson Odobert,Midfielder,Spurs
518,2022/23,14,211,0,1,0,11,0,0,0,1,0,0,0,60,55.4,26.8,4.0,8.6,0.06,0.03,0.09,,,,,,,,,,,,,,,,,,,,,,12.5,0.0,0.0,237.5,1.0,0.0,1.5,0,Pape Matar Sarr,Midfielder,Spurs
518,2023/24,86,2063,3,3,9,27,0,0,0,9,0,0,4,397,406.0,373.3,317.0,110.2,3.17,2.09,5.26,14.0,211.0,0.0,1.0,0.0,11.0,0.0,0.0,0.0,1.0,0.0,0.0,0.0,60.0,55.4,26.8,4.0,8.6,0.06,0.03,0.09,7.5,0.0,0.5,127.0,0.5,0.0,0.5,1,Pape Matar Sarr,Midfielder,Spurs
518,2024/25,71,1901,3,2,2,38,0,0,0,6,0,0,4,365,398.4,257.2,220.0,87.2,3.72,0.78,4.5,86.0,2063.0,3.0,3.0,9.0,27.0,0.0,0.0,0.0,9.0,0.0,0.0,4.0,397.0,406.0,373.3,317.0,110.2,3.17,2.09,5.26,29.0,0.5,1.0,939.5,2.0,0.0,20.5,2,Pape Matar Sarr,Midfielder,Spurs
518,2025/26,71,1388,2,4,3,23,0,0,0,3,0,0,2,313,336.0,188.3,156.0,68.2,1.63,1.11,2.74,71.0,1901.0,3.0,2.0,2.0,38.0,0.0,0.0,0.0,6.0,0.0,0.0,4.0,365.0,398.4,257.2,220.0,87.2,3.72,0.78,4.5,46.5,0.5,1.0,1751.0,2.5,0.0,37.0,3,Pape Matar Sarr,Midfielder,Spurs
519,2020/21,71,2530,2,2,5,48,0,0,0,11,0,0,3,322,437.2,320.1,276.0,103.2,0.0,0.0,0.0,,,,,,,,,,,,,,,,,,,,,,74.0,0.5,2.0,2109.0,5.5,0.0,32.0,0,Conor Gallagher,Midfielder,Spurs
519,2021/22,140,2843,8,6,11,38,0,0,0,10,0,0,16,469,673.8,635.9,672.0,197.9,0.0,0.0,0.0,71.0,2530.0,2.0,2.0,5.0,48.0,0.0,0.0,0.0,11.0,0.0,0.0,3.0,322.0,437.2,320.1,276.0,103.2,0.0,0.0,0.0,109.0,1.0,3.0,2588.0,10.0,0.0,31.0,1,Conor Gallagher,Midfielder,Spurs
519,2022/23,66,1608,3,1,4,23,0,0,0,9,1,0,7,279,386.2,351.5,329.0,106.5,2.55,1.73,4.28,140.0,2843.0,8.0,6.0,11.0,38.0,0.0,0.0,0.0,10.0,0.0,0.0,16.0,469.0,673.8,635.9,672.0,197.9,0.0,0.0,0.0,36.0,0.0,0.0,891.0,3.0,0.0,14.0,2,Conor Gallagher,Midfielder,Spurs
519,2023/24,129,3129,5,8,8,56,0,0,0,7,1,0,10,618,754.8,821.5,401.0,197.4,4.01,3.53,7.54,66.0,1608.0,3.0,1.0,4.0,23.0,0.0,0.0,0.0,9.0,1.0,0.0,7.0,279.0,386.2,351.5,329.0,106.5,2.55,1.73,4.28,36.0,0.0,0.0,891.0,3.0,0.0,14.0,3,Conor Gallagher,Midfielder,Spurs
519,2024/25,0,0,0,0,0,0,0,0,0,0,0,0,0,0,0.0,0.0,0.0,0.0,0.0,0.0,0.0,129.0,3129.0,5.0,8.0,8.0,56.0,0.0,0.0,0.0,7.0,1.0,0.0,10.0,618.0,754.8,821.5,401.0,197.4,4.01,3.53,7.54,145.0,5.0,2.0,3330.0,13.0,0.0,45.0,4,Conor Gallagher,Midfielder,Spurs
519,2025/26,44,1183,1,1,2,23,0,0,0,2,0,0,3,211,190.6,205.9,154.0,55.1,1.23,0.7,1.93,0.0,0.0,0.0,0.0,0.0,0.0,0.0,0.0,0.0,0.0,0.0,0.0,0.0,0.0,0.0,0.0,0.0,0.0,0.0,0.0,0.0,145.0,5.0,2.0,3330.0,13.0,0.0,45.0,5,Conor Gallagher,Midfielder,Spurs
520,2024/25,44,1200,0,2,3,25,0,0,0,3,0,0,0,216,237.2,218.7,97.0,55.0,0.71,0.82,1.53,,,,,,,,,,,,,,,,,,,,,,94.0,1.0,1.0,2989.0,7.5,0.0,50.0,0,Lucas Bergvall,Midfielder,Spurs
520,2025/26,49,955,1,3,3,18,0,0,0,2,0,0,0,163,164.6,106.4,147.0,41.5,1.23,0.43,1.66,44.0,1200.0,0.0,2.0,3.0,25.0,0.0,0.0,0.0,3.0,0.0,0.0,0.0,216.0,237.2,218.7,97.0,55.0,0.71,0.82,1.53,130.0,2.0,0.0,3188.0,12.0,0.0,44.0,1,Lucas Bergvall,Midfielder,Spurs
521,2021/22,99,1259,5,9,9,11,0,0,0,3,0,0,8,343,425.2,368.7,442.0,123.3,0.0,0.0,0.0,,,,,,,,,,,,,,,,,,,,,,0.0,0.0,0.0,0.0,0.0,0.0,0.0,0,Dejan Kulusevski,Midfielder,Spurs
521,2022/23,96,2062,2,7,8,40,0,0,0,2,0,0,5,310,410.8,639.4,514.0,156.0,2.68,4.76,7.44,99.0,1259.0,5.0,9.0,9.0,11.0,0.0,0.0,0.0,3.0,0.0,0.0,8.0,343.0,425.2,368.7,442.0,123.3,0.0,0.0,0.0,1.5,0.0,0.0,13.0,0.0,0.0,0.0,1,Dejan Kulusevski,Midfielder,Spurs
521,2023/24,130,2759,8,3,8,46,0,0,0,7,0,0,14,463,698.8,950.4,953.0,260.1,4.95,6.37,11.31,96.0,2062.0,2.0,7.0,8.0,40.0,0.0,0.0,0.0,2.0,0.0,0.0,5.0,310.0,410.8,639.4,514.0,156.0,2.68,4.76,7.44,52.5,1.0,0.5,1345.0,4.0,0.0,18.0,2,Dejan Kulusevski,Midfielder,Spurs
521,2024/25,117,2386,7,4,6,41,0,0,0,3,0,0,9,426,613.6,843.8,733.0,218.7,4.06,4.03,8.09,130.0,2759.0,8.0,3.0,8.0,46.0,0.0,0.0,0.0,7.0,0.0,0.0,14.0,463.0,698.8,950.4,953.0,260.1,4.95,6.37,11.31,73.5,1.5,1.0,2177.0,5.0,0.0,37.5,3,Dejan Kulusevski,Midfielder,Spurs
521,2025/26,0,0,0,0,0,0,0,0,0,0,0,0,0,0,0.0,0.0,0.0,0.0,0.0,0.0,0.0,117.0,2386.0,7.0,4.0,6.0,41.0,0.0,0.0,0.0,3.0,0.0,0.0,9.0,426.0,613.6,843.8,733.0,218.7,4.06,4.03,8.09,86.5,1.5,1.0,2343.0,7.0,0.0,39.0,4,Dejan Kulusevski,Midfielder,Spurs
522,2021/22,0,0,0,0,0,0,0,0,0,0,0,0,0,0,0.0,0.0,0.0,0.0,0.0,0.0,0.0,,,,,,,,,,,,,,,,,,,,,,128.0,2.0,1.0,2996.0,12.0,0.0,39.0,0,Archie Gray,Midfielder,Spurs
522,2022/23,0,0,0,0,0,0,0,0,0,0,0,0,0,0,0.0,0.0,0.0,0.0,0.0,0.0,0.0,0.0,0.0,0.0,0.0,0.0,0.0,0.0,0.0,0.0,0.0,0.0,0.0,0.0,0.0,0.0,0.0,0.0,0.0,0.0,0.0,0.0,,,,,,,,1,Archie Gray,Midfielder,Spurs
522,2024/25,45,1750,0,0,2,41,1,0,0,1,0,0,0,253,254.6,71.4,15.0,34.3,0.03,0.19,0.22,0.0,0.0,0.0,0.0,0.0,0.0,0.0,0.0,0.0,0.0,0.0,0.0,0.0,0.0,0.0,0.0,0.0,0.0,0.0,0.0,0.0,,,,,,,,2,Archie Gray,Midfielder,Spurs
522,2025/26,61,1471,2,2,5,28,0,0,0,5,0,0,6,237,259.4,138.1,158.0,55.5,1.5,1.29,2.79,45.0,1750.0,0.0,0.0,2.0,41.0,1.0,0.0,0.0,1.0,0.0,0.0,0.0,253.0,254.6,71.4,15.0,34.3,0.03,0.19,0.22,0.0,0.0,0.0,0.0,0.0,0.0,0.0,3,Archie Gray,Midfielder,Spurs
523,2023/24,2,3,0,0,0,0,0,0,0,0,0,0,0,4,1.0,0.5,0.0,0.1,0.0,0.0,0.0,,,,,,,,,,,,,,,,,,,,,,0.0,0.0,0.0,0.0,0.0,0.0,0.0,0,Mikey Moore,Midfielder,Spurs
523,2024/25,19,359,0,2,0,5,0,0,0,0,0,0,0,51,33.2,45.2,34.0,11.0,0.2,0.56,0.76,2.0,3.0,0.0,0.0,0.0,0.0,0.0,0.0,0.0,0.0,0.0,0.0,0.0,4.0,1.0,0.5,0.0,0.1,0.0,0.0,0.0,0.0,0.0,0.0,0.0,0.0,0.0,0.0,1,Mikey Moore,Midfielder,Spurs
523,2025/26,0,0,0,0,0,0,0,0,0,0,0,0,0,0,0.0,0.0,0.0,0.0,0.0,0.0,0.0,19.0,359.0,0.0,2.0,0.0,5.0,0.0,0.0,0.0,0.0,0.0,0.0,0.0,51.0,33.2,45.2,34.0,11.0,0.2,0.56,0.76,0.0,0.0,0.0,0.0,0.0,0.0,0.0,2,Mikey Moore,Midfielder,Spurs
524,2024/25,0,0,0,0,0,0,0,0,0,0,0,0,0,0,0.0,0.0,0.0,0.0,0.0,0.0,0.0,,,,,,,,,,,,,,,,,,,,,,0.0,0.0,0.0,0.0,0.0,0.0,0.0,0,Callum Olusesi,Midfielder,Spurs
524,2025/26,1,14,0,0,0,0,0,0,0,0,0,0,0,3,0.6,1.8,0.0,0.2,0.0,0.01,0.01,0.0,0.0,0.0,0.0,0.0,0.0,0.0,0.0,0.0,0.0,0.0,0.0,0.0,0.0,0.0,0.0,0.0,0.0,0.0,0.0,0.0,0.0,0.0,0.0,0.0,0.0,0.0,0.0,1,Callum Olusesi,Midfielder,Spurs
525,2024/25,95,2911,2,4,5,66,0,0,0,8,0,0,8,513,553.4,649.5,372.0,157.8,4.12,3.62,7.74,,,,,,,,,,,,,,,,,,,,,,,,,,,,,0,Mateus Fernandes,Midfielder,Spurs
525,2025/26,135,3017,3,4,8,50,0,0,0,7,0,0,7,659,657.2,622.8,183.0,146.3,1.99,2.96,4.95,95.0,2911.0,2.0,4.0,5.0,66.0,0.0,0.0,0.0,8.0,0.0,0.0,8.0,513.0,553.4,649.5,372.0,157.8,4.12,3.62,7.74,37.0,0.0,1.0,645.0,4.0,0.0,12.0,1,Mateus Fernandes,Midfielder,Spurs
526,2014/15,0,0,0,0,0,0,0,0,0,0,0,0,0,0,0.0,0.0,0.0,0.0,0.0,0.0,0.0,,,,,,,,,,,,,,,,,,,,,,24.0,0.0,1.0,385.0,2.0,0.0,7.0,0,Dominic Solanke-Mitchell,Forward,Spurs
526,2015/16,0,0,0,0,0,0,0,0,0,0,0,0,0,0,0.0,0.0,0.0,0.0,0.0,0.0,0.0,0.0,0.0,0.0,0.0,0.0,0.0,0.0,0.0,0.0,0.0,0.0,0.0,0.0,0.0,0.0,0.0,0.0,0.0,0.0,0.0,0.0,16.5,0.5,0.5,266.0,0.0,0.0,4.0,1,Dominic Solanke-Mitchell,Forward,Spurs
526,2016/17,0,0,0,0,0,0,0,0,0,0,0,0,0,0,0.0,0.0,0.0,0.0,0.0,0.0,0.0,0.0,0.0,0.0,0.0,0.0,0.0,0.0,0.0,0.0,0.0,0.0,0.0,0.0,0.0,0.0,0.0,0.0,0.0,0.0,0.0,0.0,11.5,0.5,0.0,207.0,0.0,0.0,3.0,2,Dominic Solanke-Mitchell,Forward,Spurs
526,2017/18,38,581,1,2,3,4,0,0,0,0,0,0,2,107,123.8,199.4,350.0,66.4,0.0,0.0,0.0,0.0,0.0,0.0,0.0,0.0,0.0,0.0,0.0,0.0,0.0,0.0,0.0,0.0,0.0,0.0,0.0,0.0,0.0,0.0,0.0,0.0,73.0,2.5,6.0,1579.0,4.0,0.0,30.5,3,Dominic Solanke-Mitchell,Forward,Spurs
526,2018/19,15,340,0,1,0,5,0,0,0,0,0,0,0,45,79.0,96.0,154.0,33.0,0.0,0.0,0.0,38.0,581.0,1.0,2.0,3.0,4.0,0.0,0.0,0.0,0.0,0.0,0.0,2.0,107.0,123.8,199.4,350.0,66.4,0.0,0.0,0.0,143.5,5.0,12.0,3153.5,6.5,0.0,60.0,4,Dominic Solanke-Mitchell,Forward,Spurs
526,2019/20,69,1637,3,2,1,39,0,0,0,1,0,0,3,177,223.2,202.5,569.0,99.4,0.0,0.0,0.0,15.0,340.0,0.0,1.0,0.0,5.0,0.0,0.0,0.0,0.0,0.0,0.0,0.0,45.0,79.0,96.0,154.0,33.0,0.0,0.0,0.0,148.0,6.0,11.5,2981.0,9.0,0.0,46.5,5,Dominic Solanke-Mitchell,Forward,Spurs
526,2022/23,130,2865,6,10,8,52,0,0,0,2,0,0,14,339,528.8,282.1,1053.0,185.7,9.09,2.3,11.39,69.0,1637.0,3.0,2.0,1.0,39.0,0.0,0.0,0.0,1.0,0.0,0.0,3.0,177.0,223.2,202.5,569.0,99.4,0.0,0.0,0.0,154.0,7.0,11.0,2806.0,13.0,0.0,34.0,6,Dominic Solanke-Mitchell,Forward,Spurs
526,2023/24,175,3325,19,3,10,61,0,0,1,3,0,0,20,560,902.0,479.6,1348.0,272.7,19.64,2.11,21.75,130.0,2865.0,6.0,10.0,8.0,52.0,0.0,0.0,0.0,2.0,0.0,0.0,14.0,339.0,528.8,282.1,1053.0,185.7,9.09,2.3,11.39,1.0,0.0,0.0,3.0,0.0,0.0,0.0,7,Dominic Solanke-Mitchell,Forward,Spurs
526,2024/25,108,2199,9,5,4,43,1,0,0,0,0,0,7,404,505.8,199.8,729.0,142.1,10.89,1.13,12.02,175.0,3325.0,19.0,3.0,10.0,61.0,0.0,0.0,1.0,3.0,0.0,0.0,20.0,560.0,902.0,479.6,1348.0,272.7,19.64,2.11,21.75,0.5,0.0,0.0,1.5,0.0,0.0,0.0,8,Dominic Solanke-Mitchell,Forward,Spurs
526,2025/26,40,997,3,0,0,21,0,0,0,1,0,0,4,187,205.0,84.1,339.0,62.7,2.97,0.34,3.3,108.0,2199.0,9.0,5.0,4.0,43.0,1.0,0.0,0.0,0.0,0.0,0.0,7.0,404.0,505.8,199.8,729.0,142.1,10.89,1.13,12.02,15.0,0.0,0.5,197.5,0.5,0.0,3.5,9,Dominic Solanke-Mitchell,Forward,Spurs
527,2017/18,125,2817,5,8,8,54,0,0,0,4,0,0,4,304,497.0,384.7,1217.0,209.3,0.0,0.0,0.0,,,,,,,,,,,,,,,,,,,,,,36.0,0.0,1.5,706.5,3.0,0.0,10.5,0,Richarlison de Andrade,Forward,Spurs
527,2018/19,153,2662,13,3,11,36,0,0,0,5,1,0,12,400,698.4,350.7,1209.0,224.5,0.0,0.0,0.0,125.0,2817.0,5.0,8.0,8.0,54.0,0.0,0.0,0.0,4.0,0.0,0.0,4.0,304.0,497.0,384.7,1217.0,209.3,0.0,0.0,0.0,74.5,1.0,4.0,1872.0,9.0,0.0,25.5,1,Richarlison de Andrade,Forward,Spurs
527,2019/20,165,3070,13,5,9,51,0,0,0,8,0,0,13,519,814.6,478.1,1233.0,252.3,0.0,0.0,0.0,153.0,2662.0,13.0,3.0,11.0,36.0,0.0,0.0,0.0,5.0,1.0,0.0,12.0,400.0,698.4,350.7,1209.0,224.5,0.0,0.0,0.0,107.0,2.0,6.0,2726.0,13.0,0.0,37.0,2,Richarlison de Andrade,Forward,Spurs
527,2020/21,123,2862,7,6,11,38,0,0,0,4,1,0,18,415,576.4,359.7,1147.0,208.3,0.0,0.0,0.0,165.0,3070.0,13.0,5.0,9.0,51.0,0.0,0.0,0.0,8.0,0.0,0.0,13.0,519.0,814.6,478.1,1233.0,252.3,0.0,0.0,0.0,2.0,0.0,0.0,27.0,0.0,0.0,1.0,3,Richarlison de Andrade,Forward,Spurs
527,2021/22,125,2522,10,6,7,46,0,0,0,9,0,0,19,413,651.4,383.7,1010.0,203.9,0.0,0.0,0.0,123.0,2862.0,7.0,6.0,11.0,38.0,0.0,0.0,0.0,4.0,1.0,0.0,18.0,415.0,576.4,359.7,1147.0,208.3,0.0,0.0,0.0,10.0,0.0,0.5,207.5,1.0,0.0,3.0,4,Richarlison de Andrade,Forward,Spurs
527,2022/23,54,995,1,5,3,18,0,0,0,3,0,0,2,165,209.8,221.5,435.0,86.3,3.43,1.46,4.89,125.0,2522.0,10.0,6.0,7.0,46.0,0.0,0.0,0.0,9.0,0.0,0.0,19.0,413.0,651.4,383.7,1010.0,203.9,0.0,0.0,0.0,35.5,0.5,3.0,618.5,2.0,0.0,9.5,5,Richarlison de Andrade,Forward,Spurs
527,2023/24,122,1481,11,4,7,18,0,0,0,3,0,0,7,305,560.6,208.4,758.0,152.1,9.49,1.42,10.91,54.0,995.0,1.0,5.0,3.0,18.0,0.0,0.0,0.0,3.0,0.0,0.0,2.0,165.0,209.8,221.5,435.0,86.3,3.43,1.46,4.89,56.0,1.5,4.0,949.5,4.0,0.0,9.5,6,Richarlison de Andrade,Forward,Spurs
527,2024/25,35,497,4,1,1,9,0,0,0,2,0,0,0,138,180.8,57.1,243.0,47.4,3.71,0.6,4.31,122.0,1481.0,11.0,4.0,7.0,18.0,0.0,0.0,0.0,3.0,0.0,0.0,7.0,305.0,560.6,208.4,758.0,152.1,9.49,1.42,10.91,54.0,1.5,3.5,1004.0,6.0,0.0,6.5,7,Richarlison de Andrade,Forward,Spurs
527,2025/26,119,1954,11,4,7,27,0,0,0,5,0,0,17,505,602.6,239.6,815.0,165.2,8.64,1.46,10.1,35.0,497.0,4.0,1.0,1.0,9.0,0.0,0.0,0.0,2.0,0.0,0.0,0.0,138.0,180.8,57.1,243.0,47.4,3.71,0.6,4.31,24.5,0.5,2.0,479.0,3.0,0.0,4.0,8,Richarlison de Andrade,Forward,Spurs
528,2020/21,1,1,0,0,0,0,0,0,0,0,0,0,0,3,0.0,0.0,0.0,0.0,0.0,0.0,0.0,,,,,,,,,,,,,,,,,,,,,,54.5,4.0,1.0,923.0,1.0,0.0,20.5,0,Dane Scarlett,Forward,Spurs
528,2021/22,1,3,0,0,0,0,0,0,0,0,0,0,0,4,1.0,0.0,0.0,0.1,0.0,0.0,0.0,1.0,1.0,0.0,0.0,0.0,0.0,0.0,0.0,0.0,0.0,0.0,0.0,0.0,3.0,0.0,0.0,0.0,0.0,0.0,0.0,0.0,106.0,6.5,2.5,2018.0,6.5,0.0,32.0,1,Dane Scarlett,Forward,Spurs
528,2022/23,0,0,0,0,0,0,0,0,0,0,0,0,0,0,0.0,0.0,0.0,0.0,0.0,0.0,0.0,1.0,3.0,0.0,0.0,0.0,0.0,0.0,0.0,0.0,0.0,0.0,0.0,0.0,4.0,1.0,0.0,0.0,0.1,0.0,0.0,0.0,103.0,5.0,3.0,2190.0,11.0,0.0,23.0,2,Dane Scarlett,Forward,Spurs
528,2023/24,4,19,0,0,0,0,0,0,0,0,0,0,0,10,2.0,0.4,6.0,0.8,0.0,0.0,0.0,0.0,0.0,0.0,0.0,0.0,0.0,0.0,0.0,0.0,0.0,0.0,0.0,0.0,0.0,0.0,0.0,0.0,0.0,0.0,0.0,0.0,,,,,,,,3,Dane Scarlett,Forward,Spurs
528,2024/25,6,31,0,1,0,1,0,0,0,0,0,0,0,20,24.4,11.0,17.0,5.2,0.04,0.0,0.04,4.0,19.0,0.0,0.0,0.0,0.0,0.0,0.0,0.0,0.0,0.0,0.0,0.0,10.0,2.0,0.4,6.0,0.8,0.0,0.0,0.0,0.0,0.0,0.0,0.0,0.0,0.0,0.0,4,Dane Scarlett,Forward,Spurs
528,2025/26,2,7,0,0,0,0,0,0,0,0,0,0,0,5,1.0,4.1,2.0,0.7,0.0,0.01,0.01,6.0,31.0,0.0,1.0,0.0,1.0,0.0,0.0,0.0,0.0,0.0,0.0,0.0,20.0,24.4,11.0,17.0,5.2,0.04,0.0,0.04,0.5,0.0,0.0,11.0,0.0,0.0,0.0,5,Dane Scarlett,Forward,Spurs
529,2025/26,136,3150,0,0,10,46,0,1,0,4,0,109,12,573,881.6,50.0,0.0,93.1,0.0,0.1,0.1,,,,,,,,,,,,,,,,,,,,,,44.5,1.5,1.5,1303.5,1.5,0.0,30.5,0,Robin Roefs,Goalkeeper,Sunderland
530,2025/26,0,0,0,0,0,0,0,0,0,0,0,0,0,0,0.0,0.0,0.0,0.0,0.0,0.0,0.0,,,,,,,,,,,,,,,,,,,,,,88.0,3.0,3.0,2585.0,3.0,0.0,61.0,0,Anthony Patterson,Goalkeeper,Sunderland
531,2025/26,16,270,0,0,1,2,0,0,0,0,0,10,3,62,73.6,0.0,0.0,7.4,0.0,0.02,0.02,,,,,,,,,,,,,,,,,,,,,,,,,,,,,0,Melker Ellborg,Goalkeeper,Sunderland
532,2025/26,116,2144,2,2,6,35,0,0,0,4,1,0,9,340,662.8,181.2,370.0,121.5,2.46,0.63,3.09,,,,,,,,,,,,,,,,,,,,,,2.0,0.0,0.0,18.0,0.0,0.0,0.0,0,Daniel Ballard,Defender,Sunderland
533,2025/26,151,2784,3,5,9,40,1,0,0,5,0,0,11,489,733.6,353.1,242.0,132.9,1.62,2.65,4.27,,,,,,,,,,,,,,,,,,,,,,1.0,0.0,0.0,9.0,0.0,0.0,0.0,0,Nordi Mukiele,Defender,Sunderland
534,2025/26,110,3032,2,1,9,42,1,0,0,9,0,0,6,383,547.8,421.3,248.0,120.9,2.27,2.05,4.32,,,,,,,,,,,,,,,,,,,,,,38.5,1.5,2.0,907.5,1.0,0.0,32.5,0,Trai Hume,Defender,Sunderland
535,2025/26,125,2797,1,1,10,40,0,0,0,6,0,0,5,400,749.0,138.1,279.0,117.0,1.62,0.91,2.52,,,,,,,,,,,,,,,,,,,,,,54.0,3.0,2.0,1077.5,1.0,0.0,35.5,0,Omar Alderete,Defender,Sunderland
536,2025/26,74,1966,0,2,6,27,0,0,0,7,1,0,6,281,376.4,130.2,39.0,54.7,0.13,0.62,0.75,,,,,,,,,,,,,,,,,,,,,,31.0,3.0,0.0,340.0,0.0,0.0,6.0,0,Reinildo Mandava,Defender,Sunderland
537,2025/26,2,133,0,0,0,2,0,0,0,0,0,0,0,11,33.6,2.4,0.0,3.6,0.0,0.01,0.01,,,,,,,,,,,,,,,,,,,,,,67.0,2.0,2.0,1489.0,6.0,0.0,27.0,0,Jenson Seelt,Defender,Sunderland
538,2021/22,2,148,0,0,0,5,0,0,0,0,0,0,0,29,45.6,12.8,2.0,6.1,0.0,0.0,0.0,,,,,,,,,,,,,,,,,,,,,,60.5,1.0,1.5,1721.5,6.5,0.0,27.0,0,Leo Fuhr Hjelde,Defender,Sunderland
538,2022/23,0,0,0,0,0,0,0,0,0,0,0,0,0,0,0.0,0.0,0.0,0.0,0.0,0.0,0.0,2.0,148.0,0.0,0.0,0.0,5.0,0.0,0.0,0.0,0.0,0.0,0.0,0.0,29.0,45.6,12.8,2.0,6.1,0.0,0.0,0.0,54.0,0.0,1.0,1954.0,7.0,0.0,27.0,1,Leo Fuhr Hjelde,Defender,Sunderland
538,2025/26,0,0,0,0,0,0,0,0,0,0,0,0,0,0,0.0,0.0,0.0,0.0,0.0,0.0,0.0,0.0,0.0,0.0,0.0,0.0,0.0,0.0,0.0,0.0,0.0,0.0,0.0,0.0,0.0,0.0,0.0,0.0,0.0,0.0,0.0,0.0,25.0,0.0,0.0,1031.0,4.0,0.0,16.0,2,Leo Fuhr Hjelde,Defender,Sunderland
539,2025/26,26,565,0,1,2,7,0,0,0,1,1,0,1,90,103.0,27.6,40.0,17.1,0.15,0.13,0.28,,,,,,,,,,,,,,,,,,,,,,22.5,0.0,0.5,807.5,3.0,0.0,11.0,0,Luke O'Nien,Defender,Sunderland
540,2016/17,34,972,0,1,3,24,0,0,0,1,0,0,7,253,219.8,126.7,18.0,36.4,0.0,0.0,0.0,,,,,,,,,,,,,,,,,,,,,,67.0,2.0,2.0,1901.0,6.0,0.0,27.0,0,Arthur Masuaku,Defender,Sunderland
540,2017/18,68,1867,0,3,6,29,0,0,0,5,0,0,2,352,385.0,295.1,128.0,80.7,0.0,0.0,0.0,34.0,972.0,0.0,1.0,3.0,24.0,0.0,0.0,0.0,1.0,0.0,0.0,7.0,253.0,219.8,126.7,18.0,36.4,0.0,0.0,0.0,2.0,0.0,0.0,17.0,0.0,0.0,0.0,1,Arthur Masuaku,Defender,Sunderland
540,2018/19,49,1757,0,2,4,29,0,0,0,2,0,0,0,311,434.4,212.0,55.0,70.3,0.0,0.0,0.0,68.0,1867.0,0.0,3.0,6.0,29.0,0.0,0.0,0.0,5.0,0.0,0.0,2.0,352.0,385.0,295.1,128.0,80.7,0.0,0.0,0.0,1.5,0.0,0.0,13.0,0.0,0.0,0.0,2,Arthur Masuaku,Defender,Sunderland
540,2019/20,26,930,0,1,2,18,0,0,0,4,1,0,3,166,240.8,128.6,53.0,42.4,0.0,0.0,0.0,49.0,1757.0,0.0,2.0,4.0,29.0,0.0,0.0,0.0,2.0,0.0,0.0,0.0,311.0,434.4,212.0,55.0,70.3,0.0,0.0,0.0,6.0,0.5,0.0,61.5,0.0,0.0,1.5,3,Arthur Masuaku,Defender,Sunderland
540,2020/21,42,1006,0,2,4,15,0,0,0,2,0,0,4,209,187.4,200.5,62.0,45.0,0.0,0.0,0.0,26.0,930.0,0.0,1.0,2.0,18.0,0.0,0.0,0.0,4.0,1.0,0.0,3.0,166.0,240.8,128.6,53.0,42.4,0.0,0.0,0.0,57.5,5.5,0.5,867.5,5.0,0.0,7.0,4,Arthur Masuaku,Defender,Sunderland
540,2021/22,29,645,1,1,1,12,0,0,0,1,0,0,3,145,178.2,57.2,39.0,27.5,0.0,0.0,0.0,42.0,1006.0,0.0,2.0,4.0,15.0,0.0,0.0,0.0,2.0,0.0,0.0,4.0,209.0,187.4,200.5,62.0,45.0,0.0,0.0,0.0,117.5,10.0,2.0,2100.5,8.5,0.0,30.0,5,Arthur Masuaku,Defender,Sunderland
540,2022/23,0,0,0,0,0,0,0,0,0,0,0,0,0,0,0.0,0.0,0.0,0.0,0.0,0.0,0.0,29.0,645.0,1.0,1.0,1.0,12.0,0.0,0.0,0.0,1.0,0.0,0.0,3.0,145.0,178.2,57.2,39.0,27.5,0.0,0.0,0.0,133.5,12.0,2.0,2508.0,9.0,0.0,41.0,6,Arthur Masuaku,Defender,Sunderland
540,2025/26,1,125,0,0,0,2,0,0,0,1,0,0,0,4,21.8,20.1,7.0,4.9,0.07,0.08,0.15,0.0,0.0,0.0,0.0,0.0,0.0,0.0,0.0,0.0,0.0,0.0,0.0,0.0,0.0,0.0,0.0,0.0,0.0,0.0,0.0,0.0,137.0,13.0,2.0,2588.5,10.0,0.0,38.0,7,Arthur Masuaku,Defender,Sunderland
542,2025/26,147,2930,5,6,10,43,0,0,1,5,0,0,16,621,725.8,816.4,324.0,186.9,5.22,5.95,11.17,,,,,,,,,,,,,,,,,,,,,,114.5,8.5,1.5,2717.5,7.5,0.0,42.0,0,Enzo Le Fée,Midfielder,Sunderland
543,2025/26,65,1403,2,6,5,19,0,0,0,6,0,0,3,209,166.2,153.8,234.0,53.9,3.27,0.85,4.12,,,,,,,,,,,,,,,,,,,,,,72.0,4.0,0.0,1750.5,5.0,0.0,25.0,0,Habib Diarra,Midfielder,Sunderland
544,2016/17,85,2483,2,3,10,32,0,0,0,5,2,0,7,506,488.8,626.2,193.0,130.8,0.0,0.0,0.0,,,,,,,,,,,,,,,,,,,,,,92.0,8.5,0.5,1304.0,3.0,0.0,21.5,0,Granit Xhaka,Midfielder,Sunderland
544,2017/18,109,3259,1,8,12,50,0,0,0,10,0,0,3,593,753.4,822.8,378.0,195.3,0.0,0.0,0.0,85.0,2483.0,2.0,3.0,10.0,32.0,0.0,0.0,0.0,5.0,2.0,0.0,7.0,506.0,488.8,626.2,193.0,130.8,0.0,0.0,0.0,165.5,17.0,2.0,2379.5,8.5,0.0,35.5,1,Granit Xhaka,Midfielder,Sunderland
544,2018/19,90,2498,4,3,7,37,0,0,0,10,0,0,8,452,634.6,674.0,215.0,152.6,0.0,0.0,0.0,109.0,3259.0,1.0,8.0,12.0,50.0,0.0,0.0,0.0,10.0,0.0,0.0,3.0,593.0,753.4,822.8,378.0,195.3,0.0,0.0,0.0,200.0,20.0,3.0,2958.0,15.0,0.0,37.0,2,Granit Xhaka,Midfielder,Sunderland
544,2019/20,73,2586,1,2,10,31,0,0,0,10,0,0,2,408,486.2,298.5,110.0,89.9,0.0,0.0,0.0,90.0,2498.0,4.0,3.0,7.0,37.0,0.0,0.0,0.0,10.0,0.0,0.0,8.0,452.0,634.6,674.0,215.0,152.6,0.0,0.0,0.0,,,,,,,,3,Granit Xhaka,Midfielder,Sunderland
544,2020/21,70,2519,1,2,10,27,0,0,0,7,1,0,1,396,456.0,327.6,154.0,94.0,0.0,0.0,0.0,73.0,2586.0,1.0,2.0,10.0,31.0,0.0,0.0,0.0,10.0,0.0,0.0,2.0,408.0,486.2,298.5,110.0,89.9,0.0,0.0,0.0,100.0,10.0,1.0,1395.0,5.0,0.0,29.0,4,Granit Xhaka,Midfielder,Sunderland
544,2021/22,60,2327,1,2,6,38,0,0,0,10,1,0,3,334,395.4,522.9,262.0,118.2,0.0,0.0,0.0,70.0,2519.0,1.0,2.0,10.0,27.0,0.0,0.0,0.0,7.0,1.0,0.0,1.0,396.0,456.0,327.6,154.0,94.0,0.0,0.0,0.0,83.5,8.0,2.0,1215.5,4.0,0.0,25.0,5,Granit Xhaka,Midfielder,Sunderland
544,2022/23,153,2992,7,8,13,35,0,0,0,4,0,0,15,634,715.0,675.5,556.0,194.8,4.65,3.89,8.54,60.0,2327.0,1.0,2.0,6.0,38.0,0.0,0.0,0.0,10.0,1.0,0.0,3.0,334.0,395.4,522.9,262.0,118.2,0.0,0.0,0.0,49.5,3.5,1.5,717.0,2.0,0.0,15.5,6,Granit Xhaka,Midfielder,Sunderland
544,2023/24,0,0,0,0,0,0,0,0,0,0,0,0,0,0,0.0,0.0,0.0,0.0,0.0,0.0,0.0,153.0,2992.0,7.0,8.0,13.0,35.0,0.0,0.0,0.0,4.0,0.0,0.0,15.0,634.0,715.0,675.5,556.0,194.8,4.65,3.89,8.54,32.0,1.0,0.0,398.0,1.0,0.0,10.0,7,Granit Xhaka,Midfielder,Sunderland
544,2025/26,124,2901,1,6,9,39,0,0,0,8,0,0,8,603,685.0,595.3,101.0,138.1,1.01,3.73,4.74,0.0,0.0,0.0,0.0,0.0,0.0,0.0,0.0,0.0,0.0,0.0,0.0,0.0,0.0,0.0,0.0,0.0,0.0,0.0,0.0,0.0,,,,,,,,8,Granit Xhaka,Midfielder,Sunderland
545,2025/26,80,2891,0,2,9,42,0,0,0,9,0,0,0,410,347.6,333.3,162.0,84.6,1.43,1.46,2.89,,,,,,,,,,,,,,,,,,,,,,112.0,0.0,0.0,3420.0,7.0,110.0,61.0,0,Noah Sadiki,Midfielder,Sunderland
546,2023/24,97,2220,6,1,4,38,0,0,0,3,0,0,8,330,477.6,507.8,751.0,173.4,4.19,3.26,7.45,,,,,,,,,,,,,,,,,,,,,,89.0,0.0,0.0,2790.0,5.5,89.0,49.0,0,Simon Adingra,Midfielder,Sunderland
546,2024/25,60,1081,2,3,2,23,0,0,0,0,0,0,0,207,212.4,261.9,337.0,80.9,2.47,2.73,5.2,97.0,2220.0,6.0,1.0,4.0,38.0,0.0,0.0,0.0,3.0,0.0,0.0,8.0,330.0,477.6,507.8,751.0,173.4,4.19,3.26,7.45,66.0,0.0,0.0,2160.0,4.0,68.0,37.0,1,Simon Adingra,Midfielder,Sunderland
546,2025/26,34,649,1,1,4,8,0,0,0,2,0,0,3,81,81.4,116.8,75.0,27.0,0.35,0.62,0.97,60.0,1081.0,2.0,3.0,2.0,23.0,0.0,0.0,0.0,0.0,0.0,0.0,0.0,207.0,212.4,261.9,337.0,80.9,2.47,2.73,5.2,0.0,0.0,0.0,0.0,0.0,0.0,0.0,2,Simon Adingra,Midfielder,Sunderland
547,2022/23,0,0,0,0,0,0,0,0,0,0,0,0,0,0,0.0,0.0,0.0,0.0,0.0,0.0,0.0,,,,,,,,,,,,,,,,,,,,,,0.0,0.0,0.0,0.0,0.0,0.0,0.0,0,Romaine Mundle,Midfielder,Sunderland
547,2025/26,14,399,0,0,0,11,0,0,0,1,0,0,0,42,29.4,33.6,69.0,12.7,0.87,0.48,1.35,0.0,0.0,0.0,0.0,0.0,0.0,0.0,0.0,0.0,0.0,0.0,0.0,0.0,0.0,0.0,0.0,0.0,0.0,0.0,0.0,0.0,0.0,0.0,0.0,0.0,0.0,0.0,0.0,1,Romaine Mundle,Midfielder,Sunderland
548,2025/26,36,758,1,1,3,11,0,0,0,1,0,0,1,136,114.6,142.8,103.0,36.0,0.86,0.93,1.79,,,,,,,,,,,,,,,,,,,,,,0.0,0.0,0.0,0.0,0.0,0.0,0.0,0,Chris Rigg,Midfielder,Sunderland
549,2025/26,83,1553,4,2,7,14,0,0,0,0,0,0,6,248,238.8,211.5,245.0,69.1,2.13,1.18,3.3,,,,,,,,,,,,,,,,,,,,,,0.5,0.0,0.0,45.0,0.0,1.0,1.0,0,Chemsdine Talbi,Midfielder,Sunderland
550,2025/26,1,38,0,0,0,0,0,0,0,0,0,0,0,4,3.4,4.3,2.0,1.0,0.0,0.04,0.04,,,,,,,,,,,,,,,,,,,,,,95.5,0.0,0.0,2295.0,7.0,92.0,38.5,0,Djiamgone Jocelin Ta Bi,Midfielder,Sunderland
551,2025/26,13,401,0,0,1,6,0,0,0,1,0,0,0,43,45.4,44.3,89.0,17.8,0.77,0.12,0.89,,,,,,,,,,,,,,,,,,,,,,72.0,0.0,0.0,1755.0,5.5,59.0,27.0,0,Nilson Angulo,Midfielder,Sunderland
552,2025/26,92,1920,7,2,6,30,0,0,0,6,0,0,12,309,333.4,200.5,552.0,106.7,6.02,0.67,6.69,,,,,,,,,,,,,,,,,,,,,,53.5,0.0,0.0,1248.0,4.5,41.5,18.0,0,Brian Brobbey,Forward,Sunderland
553,2025/26,74,1148,6,1,4,17,0,0,0,1,0,0,7,266,242.0,30.4,444.0,71.5,4.7,0.38,5.08,,,,,,,,,,,,,,,,,,,,,,43.0,0.0,0.0,1070.0,2.5,49.0,21.5,0,Wilson Isidor,Forward,Sunderland
555,2021/22,0,0,0,0,0,0,0,0,0,0,0,0,0,0,0.0,0.0,0.0,0.0,0.0,0.0,0.0,,,,,,,,,,,,,,,,,,,,,,59.5,0.0,0.0,1442.0,4.5,58.5,27.0,0,Remi Matthews,Goalkeeper,Crystal Palace
555,2022/23,0,0,0,0,0,0,0,0,0,0,0,0,0,0,0.0,0.0,0.0,0.0,0.0,0.0,0.0,0.0,0.0,0.0,0.0,0.0,0.0,0.0,0.0,0.0,0.0,0.0,0.0,0.0,0.0,0.0,0.0,0.0,0.0,0.0,0.0,0.0,44.0,0.0,0.0,900.0,5.0,29.0,12.0,1,Remi Matthews,Goalkeeper,Crystal Palace
555,2023/24,1,3,0,0,0,1,0,0,0,0,0,0,0,3,1.0,0.0,0.0,0.1,0.0,0.0,0.0,0.0,0.0,0.0,0.0,0.0,0.0,0.0,0.0,0.0,0.0,0.0,0.0,0.0,0.0,0.0,0.0,0.0,0.0,0.0,0.0,0.0,69.0,2.0,0.0,2489.0,5.0,0.0,55.0,2,Remi Matthews,Goalkeeper,Crystal Palace
555,2024/25,0,0,0,0,0,0,0,0,0,0,0,0,0,0,0.0,0.0,0.0,0.0,0.0,0.0,0.0,1.0,3.0,0.0,0.0,0.0,1.0,0.0,0.0,0.0,0.0,0.0,0.0,0.0,3.0,1.0,0.0,0.0,0.1,0.0,0.0,0.0,85.5,3.0,2.5,2364.0,5.5,0.0,49.5,3,Remi Matthews,Goalkeeper,Crystal Palace
555,2025/26,0,0,0,0,0,0,0,0,0,0,0,0,0,0,0.0,0.0,0.0,0.0,0.0,0.0,0.0,0.0,0.0,0.0,0.0,0.0,0.0,0.0,0.0,0.0,0.0,0.0,0.0,0.0,0.0,0.0,0.0,0.0,0.0,0.0,0.0,0.0,66.5,2.0,2.5,1671.0,4.0,0.0,30.5,4,Remi Matthews,Goalkeeper,Crystal Palace
556,2013/14,0,0,0,0,0,0,0,0,0,0,0,0,0,0,0.0,0.0,0.0,0.0,0.0,0.0,0.0,,,,,,,,,,,,,,,,,,,,,,31.0,0.0,0.0,1103.0,2.0,0.0,17.0,0,Matt Targett,Defender,Hull City
556,2014/15,7,226,0,0,0,3,0,0,0,0,0,0,0,41,0.0,0.0,0.0,0.0,0.0,0.0,0.0,0.0,0.0,0.0,0.0,0.0,0.0,0.0,0.0,0.0,0.0,0.0,0.0,0.0,0.0,0.0,0.0,0.0,0.0,0.0,0.0,0.0,59.0,3.0,3.0,1132.0,2.0,0.0,26.0,1,Matt Targett,Defender,Hull City
556,2015/16,61,1067,0,2,7,10,0,0,0,1,0,0,6,264,0.0,0.0,0.0,0.0,0.0,0.0,0.0,7.0,226.0,0.0,0.0,0.0,3.0,0.0,0.0,0.0,0.0,0.0,0.0,0.0,41.0,0.0,0.0,0.0,0.0,0.0,0.0,0.0,97.5,3.0,5.5,2111.0,4.5,0.0,40.0,2,Matt Targett,Defender,Hull City
556,2016/17,12,373,0,0,1,4,0,0,0,0,0,0,0,80,64.6,87.9,12.0,16.5,0.0,0.0,0.0,61.0,1067.0,0.0,2.0,7.0,10.0,0.0,0.0,0.0,1.0,0.0,0.0,6.0,264.0,0.0,0.0,0.0,0.0,0.0,0.0,0.0,117.0,2.5,7.0,2848.0,6.5,0.0,50.5,3,Matt Targett,Defender,Hull City
556,2017/18,2,166,0,0,0,6,0,0,0,0,0,0,0,35,42.2,38.6,0.0,8.1,0.0,0.0,0.0,12.0,373.0,0.0,0.0,1.0,4.0,0.0,0.0,0.0,0.0,0.0,0.0,0.0,80.0,64.6,87.9,12.0,16.5,0.0,0.0,0.0,98.0,2.0,6.0,2606.0,6.0,0.0,47.0,4,Matt Targett,Defender,Hull City
556,2018/19,36,1185,1,3,0,25,0,0,0,2,0,0,3,229,314.2,366.8,181.0,86.2,0.0,0.0,0.0,2.0,166.0,0.0,0.0,0.0,6.0,0.0,0.0,0.0,0.0,0.0,0.0,0.0,35.0,42.2,38.6,0.0,8.1,0.0,0.0,0.0,63.0,1.0,0.0,1844.0,5.0,0.0,25.0,5,Matt Targett,Defender,Hull City
556,2019/20,80,2291,1,3,5,40,0,0,0,4,0,0,10,433,503.8,432.9,130.0,106.9,0.0,0.0,0.0,36.0,1185.0,1.0,3.0,0.0,25.0,0.0,0.0,0.0,2.0,0.0,0.0,3.0,229.0,314.2,366.8,181.0,86.2,0.0,0.0,0.0,64.5,0.5,1.0,2103.5,6.5,0.0,33.0,6,Matt Targett,Defender,Hull City
556,2020/21,138,3404,0,4,16,44,0,0,0,7,0,0,9,710,690.4,607.0,122.0,142.2,0.0,0.0,0.0,80.0,2291.0,1.0,3.0,5.0,40.0,0.0,0.0,0.0,4.0,0.0,0.0,10.0,433.0,503.8,432.9,130.0,106.9,0.0,0.0,0.0,86.5,2.5,1.0,2576.5,7.5,0.0,43.5,7,Matt Targett,Defender,Hull City
556,2021/22,101,2871,1,2,9,47,1,0,0,3,0,0,7,530,587.4,635.1,184.0,140.7,0.0,0.0,0.0,138.0,3404.0,0.0,4.0,16.0,44.0,0.0,0.0,0.0,7.0,0.0,0.0,9.0,710.0,690.4,607.0,122.0,142.2,0.0,0.0,0.0,78.0,3.0,0.5,2103.0,5.0,0.0,34.0,8,Matt Targett,Defender,Hull City
556,2022/23,35,600,0,0,3,6,0,0,0,1,0,0,2,157,112.4,142.4,8.0,26.3,0.01,0.67,0.68,101.0,2871.0,1.0,2.0,9.0,47.0,1.0,0.0,0.0,3.0,0.0,0.0,7.0,530.0,587.4,635.1,184.0,140.7,0.0,0.0,0.0,49.0,1.0,1.0,1416.0,3.0,0.0,22.0,9,Matt Targett,Defender,Hull City
556,2023/24,2,77,0,0,0,4,0,0,0,1,0,0,0,15,9.2,11.9,0.0,2.2,0.0,0.01,0.01,35.0,600.0,0.0,0.0,3.0,6.0,0.0,0.0,0.0,1.0,0.0,0.0,2.0,157.0,112.4,142.4,8.0,26.3,0.01,0.67,0.68,9.0,0.0,1.0,275.0,1.0,0.0,8.0,10,Matt Targett,Defender,Hull City
556,2024/25,2,20,0,0,0,0,0,0,0,0,0,0,0,7,5.0,5.6,0.0,1.0,0.0,0.07,0.07,2.0,77.0,0.0,0.0,0.0,4.0,0.0,0.0,0.0,1.0,0.0,0.0,0.0,15.0,9.2,11.9,0.0,2.2,0.0,0.01,0.01,12.5,0.0,0.5,558.5,1.0,0.0,13.0,11,Matt Targett,Defender,Hull City
556,2025/26,0,0,0,0,0,0,0,0,0,0,0,0,0,0,0.0,0.0,0.0,0.0,0.0,0.0,0.0,2.0,20.0,0.0,0.0,0.0,0.0,0.0,0.0,0.0,0.0,0.0,0.0,0.0,7.0,5.0,5.6,0.0,1.0,0.0,0.07,0.07,16.0,0.0,0.0,842.0,1.0,0.0,18.0,12,Matt Targett,Defender,Hull City
557,2021/22,16,326,0,0,0,9,0,0,0,0,0,0,0,58,38.6,97.0,107.0,24.1,0.0,0.0,0.0,,,,,,,,,,,,,,,,,,,,,,45.0,0.0,2.0,1526.0,3.0,0.0,27.0,0,Christos Tzolis,Midfielder,Arsenal
560,2025/26,0,0,0,0,0,0,0,0,0,0,0,0,0,0,0.0,0.0,0.0,0.0,0.0,0.0,0.0,,,,,,,,,,,,,,,,,,,,,,98.5,1.5,5.0,2134.0,6.0,0.0,28.0,0,Mike Penders,Goalkeeper,Chelsea
561,2024/25,0,0,0,0,0,0,0,0,0,0,0,0,0,0,0.0,0.0,0.0,0.0,0.0,0.0,0.0,,,,,,,,,,,,,,,,,,,,,,83.5,1.5,1.5,2084.0,6.5,0.0,27.0,0,Aaron Anselmino,Defender,Chelsea
561,2025/26,0,0,0,0,0,0,0,0,0,0,0,0,0,0,0.0,0.0,0.0,0.0,0.0,0.0,0.0,0.0,0.0,0.0,0.0,0.0,0.0,0.0,0.0,0.0,0.0,0.0,0.0,0.0,0.0,0.0,0.0,0.0,0.0,0.0,0.0,0.0,91.0,0.0,1.0,2479.0,10.0,0.0,32.0,1,Aaron Anselmino,Defender,Chelsea
564,2021/22,0,0,0,0,0,0,0,0,0,0,0,0,0,0,0.0,0.0,0.0,0.0,0.0,0.0,0.0,,,,,,,,,,,,,,,,,,,,,,81.0,3.0,0.0,2341.0,5.0,0.0,38.0,0,Kjell Scherpen,Goalkeeper,Ipswich Town
564,2022/23,0,0,0,0,0,0,0,0,0,0,0,0,0,0,0.0,0.0,0.0,0.0,0.0,0.0,0.0,0.0,0.0,0.0,0.0,0.0,0.0,0.0,0.0,0.0,0.0,0.0,0.0,0.0,0.0,0.0,0.0,0.0,0.0,0.0,0.0,0.0,56.5,1.5,1.0,1677.5,3.5,0.0,27.5,1,Kjell Scherpen,Goalkeeper,Ipswich Town
564,2023/24,0,0,0,0,0,0,0,0,0,0,0,0,0,0,0.0,0.0,0.0,0.0,0.0,0.0,0.0,0.0,0.0,0.0,0.0,0.0,0.0,0.0,0.0,0.0,0.0,0.0,0.0,0.0,0.0,0.0,0.0,0.0,0.0,0.0,0.0,0.0,32.0,0.0,2.0,1014.0,2.0,0.0,17.0,2,Kjell Scherpen,Goalkeeper,Ipswich Town
564,2025/26,0,0,0,0,0,0,0,0,0,0,0,0,0,0,0.0,0.0,0.0,0.0,0.0,0.0,0.0,0.0,0.0,0.0,0.0,0.0,0.0,0.0,0.0,0.0,0.0,0.0,0.0,0.0,0.0,0.0,0.0,0.0,0.0,0.0,0.0,0.0,,,,,,,,3,Kjell Scherpen,Goalkeeper,Ipswich Town
568,2023/24,5,307,0,0,0,9,0,0,0,1,0,0,0,33,44.8,69.6,39.0,15.5,0.2,0.38,0.58,,,,,,,,,,,,,,,,,,,,,,4.0,0.0,0.0,5.0,0.0,0.0,0.0,0,Valentín Barco,Midfielder,Chelsea
568,2024/25,0,0,0,0,0,0,0,0,0,0,0,0,0,0,0.0,0.0,0.0,0.0,0.0,0.0,0.0,5.0,307.0,0.0,0.0,0.0,9.0,0.0,0.0,0.0,1.0,0.0,0.0,0.0,33.0,44.8,69.6,39.0,15.5,0.2,0.38,0.58,2.0,0.0,0.0,2.5,0.0,0.0,0.0,1,Valentín Barco,Midfielder,Chelsea
571,2025/26,84,2100,0,2,2,45,0,0,0,6,0,0,0,357,421.0,234.5,56.0,71.4,0.64,0.52,1.16,,,,,,,,,,,,,,,,,,,,,,61.0,1.0,2.0,2157.0,3.5,0.0,39.0,0,Florentino Ibrain Morris Luís,Midfielder,Ipswich Town
577,2021/22,75,1680,0,1,9,20,0,0,0,2,0,0,5,344,312.4,240.9,110.0,66.4,0.0,0.0,0.0,,,,,,,,,,,,,,,,,,,,,,43.0,0.0,1.0,1923.0,2.0,0.0,35.0,0,Takehiro Tomiyasu,Defender,Crystal Palace
577,2022/23,32,651,0,1,2,11,0,0,0,2,0,0,0,173,137.0,86.6,55.0,27.7,0.24,0.23,0.47,75.0,1680.0,0.0,1.0,9.0,20.0,0.0,0.0,0.0,2.0,0.0,0.0,5.0,344.0,312.4,240.9,110.0,66.4,0.0,0.0,0.0,0.0,0.0,0.0,0.0,0.0,0.0,0.0,1,Takehiro Tomiyasu,Defender,Crystal Palace
577,2023/24,70,1140,2,1,6,10,0,0,0,0,1,0,4,244,247.0,141.8,143.0,52.8,1.74,0.68,2.42,32.0,651.0,0.0,1.0,2.0,11.0,0.0,0.0,0.0,2.0,0.0,0.0,0.0,173.0,137.0,86.6,55.0,27.7,0.24,0.23,0.47,0.0,0.0,0.0,0.0,0.0,0.0,0.0,2,Takehiro Tomiyasu,Defender,Crystal Palace
577,2024/25,1,6,0,0,0,0,0,0,0,0,0,0,0,2,0.4,0.3,9.0,1.0,0.18,0.0,0.18,70.0,1140.0,2.0,1.0,6.0,10.0,0.0,0.0,0.0,0.0,1.0,0.0,4.0,244.0,247.0,141.8,143.0,52.8,1.74,0.68,2.42,0.0,0.0,0.0,0.0,0.0,0.0,0.0,3,Takehiro Tomiyasu,Defender,Crystal Palace
578,2022/23,25,650,0,2,0,10,0,0,0,1,0,0,0,73,100.8,146.4,140.0,38.2,1.82,1.26,3.08,,,,,,,,,,,,,,,,,,,,,,99.0,1.0,2.0,3052.0,8.0,0.0,48.0,0,Mykhailo Mudryk,Midfielder,Chelsea
578,2023/24,94,1564,5,5,7,28,0,0,0,5,0,0,5,291,347.2,457.5,420.0,122.4,4.77,3.15,7.92,25.0,650.0,0.0,2.0,0.0,10.0,0.0,0.0,0.0,1.0,0.0,0.0,0.0,73.0,100.8,146.4,140.0,38.2,1.82,1.26,3.08,99.0,1.5,1.5,2963.0,7.0,0.0,47.0,1,Mykhailo Mudryk,Midfielder,Chelsea
578,2024/25,7,145,0,0,0,2,0,0,0,0,0,0,0,26,23.2,31.5,31.0,8.5,0.24,0.66,0.9,94.0,1564.0,5.0,5.0,7.0,28.0,0.0,0.0,0.0,5.0,0.0,0.0,5.0,291.0,347.2,457.5,420.0,122.4,4.77,3.15,7.92,65.0,1.0,1.0,1884.5,4.0,0.0,29.0,2,Mykhailo Mudryk,Midfielder,Chelsea
578,2025/26,0,0,0,0,0,0,0,0,0,0,0,0,0,0,0.0,0.0,0.0,0.0,0.0,0.0,0.0,7.0,145.0,0.0,0.0,0.0,2.0,0.0,0.0,0.0,0.0,0.0,0.0,0.0,26.0,23.2,31.5,31.0,8.5,0.24,0.66,0.9,41.5,0.0,1.5,1093.0,3.5,0.0,14.0,3,Mykhailo Mudryk,Midfielder,Chelsea
580,2022/23,1,27,0,0,0,1,0,0,0,0,0,0,0,3,13.8,0.9,0.0,1.5,0.0,0.0,0.0,,,,,,,,,,,,,,,,,,,,,,106.0,5.0,4.0,2589.0,7.0,0.0,46.0,0,Shea Charles,Midfielder,Fulham
580,2023/24,0,0,0,0,0,0,0,0,0,0,0,0,0,0,0.0,0.0,0.0,0.0,0.0,0.0,0.0,1.0,27.0,0.0,0.0,0.0,1.0,0.0,0.0,0.0,0.0,0.0,0.0,0.0,3.0,13.8,0.9,0.0,1.5,0.0,0.0,0.0,,,,,,,,1,Shea Charles,Midfielder,Fulham
580,2024/25,0,0,0,0,0,0,0,0,0,0,0,0,0,0,0.0,0.0,0.0,0.0,0.0,0.0,0.0,0.0,0.0,0.0,0.0,0.0,0.0,0.0,0.0,0.0,0.0,0.0,0.0,0.0,0.0,0.0,0.0,0.0,0.0,0.0,0.0,0.0,42.0,2.0,2.0,908.0,2.0,0.0,20.0,2,Shea Charles,Midfielder,Fulham
584,2023/24,108,2908,4,7,2,83,0,0,0,9,0,0,5,462,581.2,929.8,294.0,180.4,3.0,4.59,7.58,,,,,,,,,,,,,,,,,,,,,,42.0,2.0,2.0,908.0,2.0,0.0,20.0,0,Gustavo Hamer,Midfielder,Coventry City
590,2023/24,0,0,0,0,0,0,0,0,0,0,0,0,0,0,0.0,0.0,0.0,0.0,0.0,0.0,0.0,,,,,,,,,,,,,,,,,,,,,,157.0,10.0,9.0,2273.5,7.5,0.0,34.5,0,Steven Benda,Goalkeeper,Nott'm Forest
590,2024/25,0,0,0,0,0,0,0,0,0,0,0,0,0,0,0.0,0.0,0.0,0.0,0.0,0.0,0.0,0.0,0.0,0.0,0.0,0.0,0.0,0.0,0.0,0.0,0.0,0.0,0.0,0.0,0.0,0.0,0.0,0.0,0.0,0.0,0.0,0.0,158.0,11.0,10.0,2466.5,4.5,0.0,47.5,1,Steven Benda,Goalkeeper,Nott'm Forest
590,2025/26,0,0,0,0,0,0,0,0,0,0,0,0,0,0,0.0,0.0,0.0,0.0,0.0,0.0,0.0,0.0,0.0,0.0,0.0,0.0,0.0,0.0,0.0,0.0,0.0,0.0,0.0,0.0,0.0,0.0,0.0,0.0,0.0,0.0,0.0,0.0,126.0,7.0,10.0,2308.0,5.5,0.0,42.5,2,Steven Benda,Goalkeeper,Nott'm Forest
