player,team,pos,90s,shots,tackles_won,interceptions,league,season,shots_p90,tackles_won_p90,interceptions_p90
Aaron Ramsdale,Arsenal,GK,38.0,0,1,0,ENG-Premier League,2223,0.0,0.02631578947368421,0.0
Albert Sambi Lokonga,Arsenal,MF,2.2,0,1,4,ENG-Premier League,2223,0.0,0.45454545454545453,1.8181818181818181
Ben White,Arsenal,DF,33.9,10,33,21,ENG-Premier League,2223,0.2949852507374631,0.9734513274336284,0.6194690265486726
Bukayo Saka,Arsenal,"FW,MF",35.3,89,33,11,ENG-Premier League,2223,2.521246458923513,0.934844192634561,0.311614730878187
Cédric Soares,Arsenal,"DF,MF",0.3,0,0,0,ENG-Premier League,2223,0.0,0.0,0.0
Eddie Nketiah,Arsenal,FW,12.1,41,9,1,ENG-Premier League,2223,3.388429752066116,0.7438016528925621,0.08264462809917356
Emile Smith Rowe,Arsenal,MF,1.9,4,1,0,ENG-Premier League,2223,2.1052631578947367,0.5263157894736842,0.0
Fabio Vieira,Arsenal,MF,5.7,15,4,4,ENG-Premier League,2223,2.631578947368421,0.7017543859649122,0.7017543859649122
Gabriel Jesus,Arsenal,FW,22.9,77,24,11,ENG-Premier League,2223,3.3624454148471616,1.0480349344978166,0.48034934497816595
Gabriel Magalhães,Arsenal,DF,37.9,32,28,32,ENG-Premier League,2223,0.8443271767810027,0.7387862796833773,0.8443271767810027
Gabriel Martinelli,Arsenal,"FW,MF",31.0,79,22,9,ENG-Premier League,2223,2.5483870967741935,0.7096774193548387,0.2903225806451613
Granit Xhaka,Arsenal,MF,33.3,40,26,15,ENG-Premier League,2223,1.2012012012012012,0.7807807807807808,0.4504504504504505
Jakub Kiwior,Arsenal,DF,4.7,1,6,6,ENG-Premier League,2223,0.2127659574468085,1.276595744680851,1.276595744680851
Jorginho,Arsenal,MF,9.5,6,12,7,ENG-Premier League,2223,0.631578947368421,1.263157894736842,0.7368421052631579
Kieran Tierney,Arsenal,DF,8.8,7,10,10,ENG-Premier League,2223,0.7954545454545454,1.1363636363636362,1.1363636363636362
Leandro Trossard,Arsenal,FW,10.3,17,6,5,ENG-Premier League,2223,1.6504854368932038,0.5825242718446602,0.48543689320388345
Martin Ødegaard,Arsenal,MF,34.7,93,24,5,ENG-Premier League,2223,2.680115273775216,0.6916426512968299,0.1440922190201729
Mohamed Elneny,Arsenal,MF,1.3,0,1,0,ENG-Premier League,2223,0.0,0.7692307692307692,0.0
Oleksandr Zinchenko,Arsenal,DF,23.5,28,18,22,ENG-Premier League,2223,1.1914893617021276,0.7659574468085106,0.9361702127659575
Reiss Nelson,Arsenal,"FW,MF",2.4,12,1,0,ENG-Premier League,2223,5.0,0.4166666666666667,0.0
Rob Holding,Arsenal,DF,6.3,5,5,3,ENG-Premier League,2223,0.7936507936507937,0.7936507936507937,0.4761904761904762
Takehiro Tomiyasu,Arsenal,DF,7.4,3,19,12,ENG-Premier League,2223,0.4054054054054054,2.5675675675675675,1.6216216216216215
Thomas Partey,Arsenal,MF,27.6,28,40,26,ENG-Premier League,2223,1.0144927536231882,1.4492753623188406,0.9420289855072463
William Saliba,Arsenal,DF,26.8,6,19,18,ENG-Premier League,2223,0.22388059701492538,0.708955223880597,0.6716417910447761
Ashley Young,Aston Villa,DF,22.6,15,27,22,ENG-Premier League,2223,0.663716814159292,1.1946902654867255,0.9734513274336283
Bertrand Traoré,Aston Villa,MF,2.6,9,1,2,ENG-Premier League,2223,3.4615384615384612,0.3846153846153846,0.7692307692307692
Boubacar Kamara,Aston Villa,MF,19.7,4,27,19,ENG-Premier League,2223,0.20304568527918782,1.3705583756345179,0.9644670050761421
Calum Chambers,Aston Villa,DF,3.9,2,7,7,ENG-Premier League,2223,0.5128205128205129,1.794871794871795,1.794871794871795
Cameron Archer,Aston Villa,"FW,MF",0.5,0,0,0,ENG-Premier League,2223,0.0,0.0,0.0
Danny Ings,Aston Villa,FW,9.2,27,5,1,ENG-Premier League,2223,2.9347826086956523,0.5434782608695653,0.10869565217391305
Diego Carlos,Aston Villa,DF,2.3,4,0,1,ENG-Premier League,2223,1.7391304347826089,0.0,0.4347826086956522
Douglas Luiz,Aston Villa,MF,32.5,34,40,42,ENG-Premier League,2223,1.0461538461538462,1.2307692307692308,1.2923076923076924
Emi Buendía,Aston Villa,"MF,FW",26.8,49,24,19,ENG-Premier League,2223,1.828358208955224,0.8955223880597015,0.708955223880597
Emiliano Martínez,Aston Villa,GK,34.9,0,0,1,ENG-Premier League,2223,0.0,0.0,0.02865329512893983
Ezri Konsa,Aston Villa,DF,36.9,8,20,27,ENG-Premier League,2223,0.21680216802168023,0.5420054200542006,0.7317073170731707
Jacob Ramsey,Aston Villa,MF,29.3,33,40,22,ENG-Premier League,2223,1.1262798634812285,1.36518771331058,0.7508532423208191
Jan Bednarek,Aston Villa,DF,1.1,0,3,2,ENG-Premier League,2223,0.0,2.727272727272727,1.8181818181818181
John McGinn,Aston Villa,MF,29.9,42,36,23,ENG-Premier League,2223,1.4046822742474918,1.2040133779264215,0.7692307692307693
Jáder Durán,Aston Villa,FW,1.5,7,1,1,ENG-Premier League,2223,4.666666666666667,0.6666666666666666,0.6666666666666666
Leander Dendoncker,Aston Villa,MF,7.7,2,10,8,ENG-Premier League,2223,0.2597402597402597,1.2987012987012987,1.0389610389610389
Leon Bailey,Aston Villa,"FW,MF",21.9,51,6,3,ENG-Premier League,2223,2.328767123287671,0.27397260273972607,0.13698630136986303
Lucas Digne,Aston Villa,DF,16.7,8,13,18,ENG-Premier League,2223,0.47904191616766467,0.7784431137724551,1.0778443113772456
Ludwig Augustinsson,Aston Villa,DF,0.9,2,0,0,ENG-Premier League,2223,2.2222222222222223,0.0,0.0
Matty Cash,Aston Villa,DF,20.2,7,33,26,ENG-Premier League,2223,0.34653465346534656,1.6336633663366338,1.2871287128712872
Morgan Sanson,Aston Villa,MF,0.1,0,1,0,ENG-Premier League,2223,0.0,10.0,0.0
Ollie Watkins,Aston Villa,FW,34.7,85,11,10,ENG-Premier League,2223,2.4495677233429394,0.31700288184438036,0.2881844380403458
Philippe Coutinho,Aston Villa,"FW,MF",8.8,21,14,4,ENG-Premier League,2223,2.3863636363636362,1.5909090909090908,0.45454545454545453
Robin Olsen,Aston Villa,GK,3.1,0,0,0,ENG-Premier League,2223,0.0,0.0,0.0
Tyrone Mings,Aston Villa,DF,35.0,7,7,52,ENG-Premier League,2223,0.2,0.2,1.4857142857142858
Álex Moreno,Aston Villa,DF,14.8,13,15,7,ENG-Premier League,2223,0.8783783783783783,1.0135135135135134,0.47297297297297297
Adam Smith,Bournemouth,DF,32.7,5,28,26,ENG-Premier League,2223,0.1529051987767584,0.856269113149847,0.7951070336391437
Antoine Semenyo,Bournemouth,"MF,FW",2.9,3,0,2,ENG-Premier League,2223,1.0344827586206897,0.0,0.6896551724137931
Ben Pearson,Bournemouth,MF,3.2,2,4,2,ENG-Premier League,2223,0.625,1.25,0.625
Chris Mepham,Bournemouth,DF,24.4,8,23,29,ENG-Premier League,2223,0.3278688524590164,0.9426229508196722,1.1885245901639345
Dango Ouattara,Bournemouth,MF,13.8,26,15,10,ENG-Premier League,2223,1.8840579710144927,1.0869565217391304,0.7246376811594203
David Brooks,Bournemouth,MF,1.9,5,0,2,ENG-Premier League,2223,2.6315789473684212,0.0,1.0526315789473684
Dominic Solanke,Bournemouth,FW,31.8,76,9,6,ENG-Premier League,2223,2.389937106918239,0.2830188679245283,0.18867924528301885
Emiliano Marcondes,Bournemouth,"FW,MF",0.1,0,0,0,ENG-Premier League,2223,0.0,0.0,0.0
Hamed Junior Traorè,Bournemouth,MF,4.7,6,12,3,ENG-Premier League,2223,1.276595744680851,2.553191489361702,0.6382978723404255
Illia Zabarnyi,Bournemouth,DF,3.3,0,2,3,ENG-Premier League,2223,0.0,0.6060606060606061,0.9090909090909092
Jack Stacey,Bournemouth,"DF,MF",3.3,1,4,5,ENG-Premier League,2223,0.30303030303030304,1.2121212121212122,1.5151515151515151
Jack Stephens,Bournemouth,DF,13.0,2,11,16,ENG-Premier League,2223,0.15384615384615385,0.8461538461538461,1.2307692307692308
Jaidon Anthony,Bournemouth,MF,14.0,21,17,10,ENG-Premier League,2223,1.5,1.2142857142857142,0.7142857142857143
Jamal Lowe,Bournemouth,"FW,MF",0.1,0,0,0,ENG-Premier League,2223,0.0,0.0,0.0
Jefferson Lerma,Bournemouth,MF,36.1,35,30,45,ENG-Premier League,2223,0.9695290858725761,0.8310249307479224,1.2465373961218835
Joe Rothwell,Bournemouth,MF,11.3,3,15,8,ENG-Premier League,2223,0.2654867256637168,1.327433628318584,0.7079646017699115
Jordan Zemura,Bournemouth,"DF,MF",16.2,4,23,15,ENG-Premier League,2223,0.2469135802469136,1.4197530864197532,0.9259259259259259
Junior Stanislas,Bournemouth,MF,0.7,1,0,0,ENG-Premier League,2223,1.4285714285714286,0.0,0.0
Kieffer Moore,Bournemouth,FW,14.2,23,12,1,ENG-Premier League,2223,1.619718309859155,0.8450704225352114,0.07042253521126761
Lewis Cook,Bournemouth,MF,19.1,6,23,22,ENG-Premier League,2223,0.31413612565445026,1.2041884816753925,1.1518324607329842
Lloyd Kelly,Bournemouth,DF,22.7,3,19,25,ENG-Premier League,2223,0.13215859030837004,0.8370044052863437,1.1013215859030838
Marcos Senesi,Bournemouth,DF,27.7,8,33,42,ENG-Premier League,2223,0.2888086642599278,1.1913357400722022,1.516245487364621
Marcus Tavernier,Bournemouth,MF,19.4,37,22,8,ENG-Premier League,2223,1.907216494845361,1.1340206185567012,0.4123711340206186
Mark Travers,Bournemouth,GK,11.5,0,0,0,ENG-Premier League,2223,0.0,0.0,0.0
Matías Viña,Bournemouth,"DF,MF",5.1,9,11,4,ENG-Premier League,2223,1.7647058823529413,2.1568627450980395,0.7843137254901962
Neto,Bournemouth,GK,26.5,0,1,0,ENG-Premier League,2223,0.0,0.03773584905660377,0.0
Owen Bevan,Bournemouth,DF,0.1,0,0,0,ENG-Premier League,2223,0.0,0.0,0.0
Philip Billing,Bournemouth,"MF,FW",30.7,38,40,32,ENG-Premier League,2223,1.237785016286645,1.3029315960912053,1.0423452768729642
Ryan Christie,Bournemouth,MF,20.4,33,22,26,ENG-Premier League,2223,1.6176470588235294,1.0784313725490198,1.2745098039215688
Ryan Fredericks,Bournemouth,DF,5.9,0,3,1,ENG-Premier League,2223,0.0,0.5084745762711864,0.1694915254237288
Siriki Dembélé,Bournemouth,"FW,MF",1.2,2,1,1,ENG-Premier League,2223,1.6666666666666667,0.8333333333333334,0.8333333333333334
Aaron Hickey,Brentford,DF,21.3,11,25,17,ENG-Premier League,2223,0.5164319248826291,1.1737089201877935,0.7981220657276995
Ben Mee,Brentford,DF,36.3,27,25,48,ENG-Premier League,2223,0.7438016528925621,0.6887052341597797,1.322314049586777
Bryan Mbeumo,Brentford,FW,32.3,71,17,11,ENG-Premier League,2223,2.198142414860681,0.5263157894736843,0.3405572755417957
Christian Nørgaard,Brentford,MF,19.6,19,30,33,ENG-Premier League,2223,0.9693877551020408,1.530612244897959,1.683673469387755
David Raya,Brentford,GK,38.0,1,0,1,ENG-Premier League,2223,0.02631578947368421,0.0,0.02631578947368421
Ethan Pinnock,Brentford,DF,30.0,15,29,31,ENG-Premier League,2223,0.5,0.9666666666666667,1.0333333333333334
Frank Onyeka,Brentford,MF,9.4,9,12,9,ENG-Premier League,2223,0.9574468085106382,1.276595744680851,0.9574468085106382
Halil Dervişoğlu,Brentford,FW,0.1,1,0,0,ENG-Premier League,2223,10.0,0.0,0.0
Ivan Toney,Brentford,FW,32.8,94,11,15,ENG-Premier League,2223,2.8658536585365857,0.3353658536585366,0.4573170731707317
Josh Dasilva,Brentford,MF,15.4,18,8,5,ENG-Premier League,2223,1.1688311688311688,0.5194805194805194,0.3246753246753247
Keane Lewis-Potter,Brentford,FW,3.6,7,0,1,ENG-Premier League,2223,1.9444444444444444,0.0,0.2777777777777778
Kevin Schade,Brentford,FW,8.1,12,9,4,ENG-Premier League,2223,1.4814814814814816,1.1111111111111112,0.4938271604938272
Kristoffer Ajer,Brentford,DF,8.5,1,8,6,ENG-Premier League,2223,0.11764705882352941,0.9411764705882353,0.7058823529411765
Mads Bech Sørensen,Brentford,DF,0.2,0,0,0,ENG-Premier League,2223,0.0,0.0,0.0
Mads Roerslev,Brentford,"MF,DF",12.3,3,12,8,ENG-Premier League,2223,0.24390243902439024,0.975609756097561,0.6504065040650406
Mathias Jensen,Brentford,MF,31.1,23,35,31,ENG-Premier League,2223,0.7395498392282958,1.12540192926045,0.9967845659163986
Mathias Jørgensen,Brentford,DF,12.3,5,7,16,ENG-Premier League,2223,0.4065040650406504,0.5691056910569106,1.3008130081300813
Mikkel Damsgaard,Brentford,"MF,FW",11.0,12,20,9,ENG-Premier League,2223,1.0909090909090908,1.8181818181818181,0.8181818181818182
Pontus Jansson,Brentford,DF,8.0,4,3,9,ENG-Premier League,2223,0.5,0.375,1.125
Rico Henry,Brentford,"DF,MF",36.0,22,30,31,ENG-Premier League,2223,0.6111111111111112,0.8333333333333334,0.8611111111111112
Saman Ghoddos,Brentford,"FW,MF",1.5,1,1,3,ENG-Premier League,2223,0.6666666666666666,0.6666666666666666,2.0
Sergi Canós,Brentford,"FW,MF",0.9,1,0,0,ENG-Premier League,2223,1.1111111111111112,0.0,0.0
Shandon Baptiste,Brentford,MF,6.9,4,9,6,ENG-Premier League,2223,0.5797101449275363,1.3043478260869565,0.8695652173913043
Vitaly Janelt,Brentford,MF,24.5,14,26,28,ENG-Premier League,2223,0.5714285714285714,1.0612244897959184,1.1428571428571428
Yoane Wissa,Brentford,FW,17.8,32,13,6,ENG-Premier League,2223,1.797752808988764,0.7303370786516854,0.33707865168539325
Adam Lallana,Brighton,MF,8.0,8,6,2,ENG-Premier League,2223,1.0,0.75,0.25
Adam Webster,Brighton,DF,22.1,18,11,19,ENG-Premier League,2223,0.8144796380090498,0.4977375565610859,0.8597285067873303
Alexis Mac Allister,Brighton,MF,32.1,86,38,20,ENG-Premier League,2223,2.6791277258566977,1.1838006230529594,0.6230529595015576
Andrew Moran,Brighton,MF,0.1,0,0,0,ENG-Premier League,2223,0.0,0.0,0.0
Billy Gilmour,Brighton,MF,5.6,6,2,5,ENG-Premier League,2223,1.0714285714285714,0.35714285714285715,0.8928571428571429
Cameron Peupion,Brighton,MF,0.1,1,0,0,ENG-Premier League,2223,10.0,0.0,0.0
Danny Welbeck,Brighton,FW,20.6,62,7,5,ENG-Premier League,2223,3.0097087378640777,0.3398058252427184,0.24271844660194172
Deniz Undav,Brighton,"MF,FW",7.0,27,4,1,ENG-Premier League,2223,3.857142857142857,0.5714285714285714,0.14285714285714285
Enock Mwepu,Brighton,"MF,FW",2.4,2,5,2,ENG-Premier League,2223,0.8333333333333334,2.0833333333333335,0.8333333333333334
Evan Ferguson,Brighton,FW,10.6,36,3,2,ENG-Premier League,2223,3.3962264150943398,0.2830188679245283,0.18867924528301888
Facundo Buonanotte,Brighton,MF,6.3,11,1,4,ENG-Premier League,2223,1.746031746031746,0.15873015873015872,0.6349206349206349
Jan Paul van Hecke,Brighton,DF,3.3,2,6,6,ENG-Premier League,2223,0.6060606060606061,1.8181818181818183,1.8181818181818183
Jason Steele,Brighton,GK,15.0,0,0,0,ENG-Premier League,2223,0.0,0.0,0.0
Jeremy Sarmiento,Brighton,MF,2.0,5,3,1,ENG-Premier League,2223,2.5,1.5,0.5
Joël Veltman,Brighton,DF,24.3,14,34,17,ENG-Premier League,2223,0.5761316872427983,1.3991769547325101,0.6995884773662551
Julio Enciso,Brighton,"MF,FW",9.0,38,4,3,ENG-Premier League,2223,4.222222222222222,0.4444444444444444,0.3333333333333333
Kaoru Mitoma,Brighton,MF,25.8,52,26,17,ENG-Premier League,2223,2.0155038759689923,1.0077519379844961,0.6589147286821705
Leandro Trossard,Brighton,"MF,FW",14.6,38,4,5,ENG-Premier League,2223,2.6027397260273974,0.273972602739726,0.3424657534246575
Levi Colwill,Brighton,DF,13.6,8,7,14,ENG-Premier League,2223,0.5882352941176471,0.5147058823529412,1.0294117647058825
Lewis Dunk,Brighton,DF,36.0,22,18,30,ENG-Premier League,2223,0.6111111111111112,0.5,0.8333333333333334
Moisés Caicedo,Brighton,MF,34.9,27,50,50,ENG-Premier League,2223,0.7736389684813754,1.4326647564469914,1.4326647564469914
Odeluga Offiah,Brighton,DF,0.3,0,1,0,ENG-Premier League,2223,0.0,3.3333333333333335,0.0
Pascal Groß,Brighton,"MF,DF",36.0,40,36,13,ENG-Premier League,2223,1.1111111111111112,1.0,0.3611111111111111
Pervis Estupiñán,Brighton,"DF,MF",29.7,30,33,33,ENG-Premier League,2223,1.0101010101010102,1.1111111111111112,1.1111111111111112
Robert Sánchez,Brighton,GK,23.0,0,0,3,ENG-Premier League,2223,0.0,0.0,0.13043478260869565
Solly March,Brighton,MF,30.2,73,31,20,ENG-Premier League,2223,2.4172185430463577,1.0264900662251655,0.6622516556291391
Tariq Lamptey,Brighton,"DF,MF",5.0,5,5,7,ENG-Premier League,2223,1.0,1.0,1.4
Yasin Ayari,Brighton,MF,0.7,1,2,0,ENG-Premier League,2223,1.4285714285714286,2.857142857142857,0.0
Armando Broja,Chelsea,FW,3.3,6,1,1,ENG-Premier League,2223,1.8181818181818183,0.30303030303030304,0.30303030303030304
Ben Chilwell,Chelsea,"MF,DF",15.6,16,18,17,ENG-Premier League,2223,1.0256410256410258,1.153846153846154,1.0897435897435899
Benoît Badiashile,Chelsea,DF,10.1,6,9,14,ENG-Premier League,2223,0.594059405940594,0.8910891089108911,1.3861386138613863
Carney Chukwuemeka,Chelsea,MF,3.9,5,7,6,ENG-Premier League,2223,1.2820512820512822,1.794871794871795,1.5384615384615385
Christian Pulisic,Chelsea,"MF,FW",9.1,19,6,3,ENG-Premier League,2223,2.087912087912088,0.6593406593406593,0.32967032967032966
Conor Gallagher,Chelsea,MF,18.0,28,32,23,ENG-Premier League,2223,1.5555555555555556,1.7777777777777777,1.2777777777777777
César Azpilicueta,Chelsea,"DF,MF",17.0,9,25,19,ENG-Premier League,2223,0.5294117647058824,1.4705882352941178,1.1176470588235294
David Datro Fofana,Chelsea,FW,0.8,3,1,0,ENG-Premier League,2223,3.75,1.25,0.0
Denis Zakaria,Chelsea,MF,4.6,2,5,3,ENG-Premier League,2223,0.4347826086956522,1.0869565217391306,0.6521739130434783
Enzo Fernández,Chelsea,MF,17.2,20,26,12,ENG-Premier League,2223,1.1627906976744187,1.5116279069767442,0.6976744186046512
Hakim Ziyech,Chelsea,"MF,FW",7.3,16,13,5,ENG-Premier League,2223,2.191780821917808,1.7808219178082192,0.684931506849315
Jorginho,Chelsea,MF,14.2,5,23,19,ENG-Premier League,2223,0.35211267605633806,1.619718309859155,1.3380281690140845
João Félix,Chelsea,"FW,MF",10.5,46,7,1,ENG-Premier League,2223,4.380952380952381,0.6666666666666666,0.09523809523809523
Kai Havertz,Chelsea,"FW,MF",28.5,71,14,7,ENG-Premier League,2223,2.491228070175439,0.49122807017543857,0.24561403508771928
Kalidou Koulibaly,Chelsea,DF,20.0,11,30,28,ENG-Premier League,2223,0.55,1.5,1.4
Kepa Arrizabalaga,Chelsea,GK,28.5,0,2,1,ENG-Premier League,2223,0.0,0.07017543859649122,0.03508771929824561
Lewis Hall,Chelsea,"MF,DF",7.3,11,13,8,ENG-Premier League,2223,1.5068493150684932,1.7808219178082192,1.095890410958904
Marc Cucurella,Chelsea,"DF,MF",18.6,7,35,16,ENG-Premier League,2223,0.3763440860215054,1.8817204301075268,0.8602150537634408
Mason Mount,Chelsea,MF,18.3,33,20,8,ENG-Premier League,2223,1.8032786885245902,1.0928961748633879,0.4371584699453552
Mateo Kovačić,Chelsea,MF,19.0,23,23,16,ENG-Premier League,2223,1.2105263157894737,1.2105263157894737,0.8421052631578947
Mykhailo Mudryk,Chelsea,"FW,MF",7.3,14,9,1,ENG-Premier League,2223,1.9178082191780823,1.2328767123287672,0.136986301369863
N'Golo Kanté,Chelsea,MF,5.8,8,10,6,ENG-Premier League,2223,1.3793103448275863,1.7241379310344829,1.0344827586206897
Noni Madueke,Chelsea,"FW,MF",7.1,12,8,4,ENG-Premier League,2223,1.6901408450704227,1.1267605633802817,0.5633802816901409
Omari Hutchinson,Chelsea,MF,0.3,0,0,1,ENG-Premier League,2223,0.0,0.0,3.3333333333333335
Pierre-Emerick Aubameyang,Chelsea,FW,6.2,16,0,2,ENG-Premier League,2223,2.5806451612903225,0.0,0.3225806451612903
Raheem Sterling,Chelsea,"FW,MF",21.0,42,10,0,ENG-Premier League,2223,2.0,0.47619047619047616,0.0
Reece James,Chelsea,"DF,MF",13.8,16,20,13,ENG-Premier League,2223,1.1594202898550725,1.4492753623188406,0.9420289855072463
Ruben Loftus-Cheek,Chelsea,MF,17.1,9,15,13,ENG-Premier League,2223,0.5263157894736842,0.8771929824561403,0.7602339181286549
Thiago Silva,Chelsea,DF,26.1,15,25,34,ENG-Premier League,2223,0.5747126436781609,0.9578544061302682,1.3026819923371646
Trevoh Chalobah,Chelsea,DF,17.9,9,19,25,ENG-Premier League,2223,0.5027932960893855,1.0614525139664805,1.3966480446927376
Wesley Fofana,Chelsea,DF,13.1,6,18,18,ENG-Premier League,2223,0.4580152671755725,1.3740458015267176,1.3740458015267176
Édouard Mendy,Chelsea,GK,9.5,0,0,0,ENG-Premier League,2223,0.0,0.0,0.0
Albert Sambi Lokonga,Crystal Palace,MF,6.0,2,10,5,ENG-Premier League,2223,0.3333333333333333,1.6666666666666667,0.8333333333333334
Cheick Doucouré,Crystal Palace,MF,30.8,36,48,56,ENG-Premier League,2223,1.1688311688311688,1.5584415584415585,1.8181818181818181
Chris Richards,Crystal Palace,DF,5.0,4,6,7,ENG-Premier League,2223,0.8,1.2,1.4
Eberechi Eze,Crystal Palace,"MF,FW",29.3,70,24,10,ENG-Premier League,2223,2.3890784982935154,0.8191126279863481,0.341296928327645
James McArthur,Crystal Palace,MF,0.6,0,1,0,ENG-Premier League,2223,0.0,1.6666666666666667,0.0
James Tomkins,Crystal Palace,DF,3.8,3,3,6,ENG-Premier League,2223,0.7894736842105263,0.7894736842105263,1.5789473684210527
Jaïro Riedewald,Crystal Palace,"DF,MF",0.7,1,1,0,ENG-Premier League,2223,1.4285714285714286,1.4285714285714286,0.0
Jean-Philippe Mateta,Crystal Palace,FW,8.6,28,1,3,ENG-Premier League,2223,3.255813953488372,0.11627906976744186,0.3488372093023256
Jeffrey Schlupp,Crystal Palace,MF,28.1,28,46,23,ENG-Premier League,2223,0.9964412811387899,1.6370106761565835,0.8185053380782917
Joachim Andersen,Crystal Palace,DF,30.9,22,21,27,ENG-Premier League,2223,0.7119741100323624,0.6796116504854369,0.8737864077669903
Joel Ward,Crystal Palace,DF,25.1,7,35,22,ENG-Premier League,2223,0.2788844621513944,1.394422310756972,0.8764940239043825
Jordan Ayew,Crystal Palace,"FW,MF",30.2,32,41,15,ENG-Premier League,2223,1.0596026490066226,1.3576158940397351,0.49668874172185434
Joseph Whitworth,Crystal Palace,GK,2.0,0,0,0,ENG-Premier League,2223,0.0,0.0,0.0
Luka Milivojević,Crystal Palace,MF,5.7,7,8,12,ENG-Premier League,2223,1.2280701754385965,1.4035087719298245,2.1052631578947367
Malcolm Ebiowei,Crystal Palace,MF,0.4,0,1,0,ENG-Premier League,2223,0.0,2.5,0.0
Marc Guéhi,Crystal Palace,DF,37.0,14,27,42,ENG-Premier League,2223,0.3783783783783784,0.7297297297297297,1.135135135135135
Michael Olise,Crystal Palace,"MF,FW",30.5,51,35,26,ENG-Premier League,2223,1.6721311475409837,1.1475409836065573,0.8524590163934426
Naouirou Ahamada,Crystal Palace,MF,1.0,3,3,0,ENG-Premier League,2223,3.0,3.0,0.0
Nathaniel Clyne,Crystal Palace,DF,18.2,0,14,19,ENG-Premier League,2223,0.0,0.7692307692307693,1.043956043956044
Odsonne Édouard,Crystal Palace,FW,20.0,39,11,1,ENG-Premier League,2223,1.95,0.55,0.05
Sam Johnstone,Crystal Palace,GK,9.0,0,0,0,ENG-Premier League,2223,0.0,0.0,0.0
Tyrick Mitchell,Crystal Palace,DF,32.1,6,48,38,ENG-Premier League,2223,0.18691588785046728,1.4953271028037383,1.1838006230529594
Vicente Guaita,Crystal Palace,GK,27.0,0,0,0,ENG-Premier League,2223,0.0,0.0,0.0
Wilfried Zaha,Crystal Palace,"FW,MF",25.4,66,20,17,ENG-Premier League,2223,2.598425196850394,0.7874015748031497,0.6692913385826772
Will Hughes,Crystal Palace,MF,9.4,6,16,16,ENG-Premier League,2223,0.6382978723404255,1.702127659574468,1.702127659574468
Abdoulaye Doucouré,Everton,MF,17.0,20,20,12,ENG-Premier League,2223,1.1764705882352942,1.1764705882352942,0.7058823529411765
Alex Iwobi,Everton,MF,37.5,42,37,27,ENG-Premier League,2223,1.12,0.9866666666666667,0.72
Amadou Onana,Everton,MF,27.6,34,44,38,ENG-Premier League,2223,1.2318840579710144,1.5942028985507246,1.3768115942028984
Anthony Gordon,Everton,"FW,MF",12.2,26,21,5,ENG-Premier League,2223,2.1311475409836067,1.7213114754098362,0.4098360655737705
Asmir Begović,Everton,GK,1.0,0,0,0,ENG-Premier League,2223,0.0,0.0,0.0
Ben Godfrey,Everton,DF,8.9,6,11,8,ENG-Premier League,2223,0.6741573033707865,1.2359550561797752,0.898876404494382
Conor Coady,Everton,DF,23.3,4,10,13,ENG-Premier League,2223,0.17167381974248927,0.4291845493562232,0.5579399141630901
Dele Alli,Everton,"FW,MF",0.4,0,0,0,ENG-Premier League,2223,0.0,0.0,0.0
Demarai Gray,Everton,"FW,MF",27.9,59,24,12,ENG-Premier League,2223,2.1146953405017923,0.8602150537634409,0.43010752688172044
Dominic Calvert-Lewin,Everton,FW,12.9,31,2,3,ENG-Premier League,2223,2.4031007751937983,0.15503875968992248,0.23255813953488372
Dwight McNeil,Everton,"MF,FW",27.8,46,39,28,ENG-Premier League,2223,1.6546762589928057,1.4028776978417266,1.0071942446043165
Ellis Simms,Everton,FW,2.5,8,0,0,ENG-Premier League,2223,3.2,0.0,0.0
Idrissa Gueye,Everton,MF,28.6,15,57,56,ENG-Premier League,2223,0.5244755244755245,1.993006993006993,1.958041958041958
Isaac Price,Everton,MF,0.4,0,0,0,ENG-Premier League,2223,0.0,0.0,0.0
James Garner,Everton,MF,8.9,9,13,12,ENG-Premier League,2223,1.0112359550561798,1.4606741573033708,1.348314606741573
James Tarkowski,Everton,DF,38.0,32,29,49,ENG-Premier League,2223,0.8421052631578947,0.7631578947368421,1.2894736842105263
Jordan Pickford,Everton,GK,37.0,0,0,4,ENG-Premier League,2223,0.0,0.0,0.10810810810810811
Mason Holgate,Everton,DF,5.6,4,7,7,ENG-Premier League,2223,0.7142857142857143,1.25,1.25
Michael Keane,Everton,DF,10.9,14,4,14,ENG-Premier League,2223,1.2844036697247705,0.36697247706422015,1.2844036697247705
Nathan Patterson,Everton,"DF,MF",14.2,8,24,14,ENG-Premier League,2223,0.5633802816901409,1.6901408450704227,0.9859154929577465
Neal Maupay,Everton,FW,12.4,32,6,6,ENG-Premier League,2223,2.5806451612903225,0.48387096774193544,0.48387096774193544
Rúben Vinagre,Everton,"DF,MF",0.3,0,2,0,ENG-Premier League,2223,0.0,6.666666666666667,0.0
Salomón Rondón,Everton,FW,1.2,4,0,0,ENG-Premier League,2223,3.3333333333333335,0.0,0.0
Séamus Coleman,Everton,"DF,MF",18.4,7,26,22,ENG-Premier League,2223,0.3804347826086957,1.4130434782608696,1.1956521739130437
Tom Cannon,Everton,FW,0.3,1,0,0,ENG-Premier League,2223,3.3333333333333335,0.0,0.0
Tom Davies,Everton,MF,6.0,9,9,3,ENG-Premier League,2223,1.5,1.5,0.5
Vitaliy Mykolenko,Everton,"DF,MF",29.5,10,37,48,ENG-Premier League,2223,0.3389830508474576,1.2542372881355932,1.6271186440677967
Yerry Mina,Everton,DF,6.6,8,7,6,ENG-Premier League,2223,1.2121212121212122,1.0606060606060606,0.9090909090909092
Aleksandar Mitrović,Fulham,FW,22.3,93,6,3,ENG-Premier League,2223,4.170403587443946,0.26905829596412556,0.13452914798206278
Andreas Pereira,Fulham,MF,29.9,62,8,6,ENG-Premier League,2223,2.0735785953177257,0.26755852842809363,0.20066889632107024
Antonee Robinson,Fulham,DF,34.3,3,41,52,ENG-Premier League,2223,0.08746355685131196,1.1953352769679302,1.5160349854227406
Bernd Leno,Fulham,GK,36.0,0,0,0,ENG-Premier League,2223,0.0,0.0,0.0
Bobby De Cordova-Reid,Fulham,"MF,DF",27.5,31,24,18,ENG-Premier League,2223,1.1272727272727272,0.8727272727272727,0.6545454545454545
Carlos Vinícius,Fulham,FW,12.3,21,2,0,ENG-Premier League,2223,1.7073170731707317,0.16260162601626016,0.0
Cédric Soares,Fulham,DF,2.2,2,5,1,ENG-Premier League,2223,0.9090909090909091,2.2727272727272725,0.45454545454545453
Daniel James,Fulham,"MF,FW",6.9,14,5,1,ENG-Premier League,2223,2.0289855072463765,0.7246376811594203,0.14492753623188406
Harrison Reed,Fulham,MF,31.8,20,26,19,ENG-Premier League,2223,0.6289308176100629,0.8176100628930817,0.5974842767295597
Harry Wilson,Fulham,MF,12.2,18,13,7,ENG-Premier League,2223,1.4754098360655739,1.0655737704918034,0.5737704918032788
Issa Diop,Fulham,DF,22.4,3,18,31,ENG-Premier League,2223,0.13392857142857142,0.8035714285714286,1.3839285714285716
Jay Stansfield,Fulham,MF,1.0,2,0,1,ENG-Premier League,2223,2.0,0.0,1.0
Josh Onomah,Fulham,"FW,MF",0.2,0,0,0,ENG-Premier League,2223,0.0,0.0,0.0
João Palhinha,Fulham,MF,34.5,38,82,43,ENG-Premier League,2223,1.1014492753623188,2.3768115942028984,1.2463768115942029
Kenny Tete,Fulham,DF,28.5,13,49,51,ENG-Premier League,2223,0.45614035087719296,1.719298245614035,1.7894736842105263
Kevin Mbabu,Fulham,DF,1.6,0,2,3,ENG-Premier League,2223,0.0,1.25,1.875
Layvin Kurzawa,Fulham,DF,1.5,0,2,2,ENG-Premier League,2223,0.0,1.3333333333333333,1.3333333333333333
Luke Harris,Fulham,MF,0.1,0,0,0,ENG-Premier League,2223,0.0,0.0,0.0
Manor Solomon,Fulham,MF,6.4,11,12,5,ENG-Premier League,2223,1.71875,1.875,0.78125
Marek Rodák,Fulham,GK,2.0,0,0,0,ENG-Premier League,2223,0.0,0.0,0.0
Nathaniel Chalobah,Fulham,MF,0.1,1,1,0,ENG-Premier League,2223,10.0,10.0,0.0
Neeskens Kebano,Fulham,MF,8.5,9,9,1,ENG-Premier League,2223,1.0588235294117647,1.0588235294117647,0.11764705882352941
Saša Lukić,Fulham,MF,4.6,5,3,5,ENG-Premier League,2223,1.0869565217391306,0.6521739130434783,1.0869565217391306
Shane Duffy,Fulham,"DF,MF",0.2,1,0,0,ENG-Premier League,2223,5.0,0.0,0.0
Tim Ream,Fulham,DF,32.2,3,19,42,ENG-Premier League,2223,0.09316770186335403,0.5900621118012421,1.3043478260869563
Tom Cairney,Fulham,MF,11.0,21,7,4,ENG-Premier League,2223,1.9090909090909092,0.6363636363636364,0.36363636363636365
Tosin Adarabioyo,Fulham,DF,23.2,17,14,25,ENG-Premier League,2223,0.7327586206896552,0.603448275862069,1.0775862068965518
Willian,Fulham,MF,23.6,41,8,9,ENG-Premier League,2223,1.7372881355932202,0.3389830508474576,0.3813559322033898
Adam Forshaw,Leeds United,MF,5.3,1,9,4,ENG-Premier League,2223,0.18867924528301888,1.6981132075471699,0.7547169811320755
Brenden Aaronson,Leeds United,MF,26.4,41,18,4,ENG-Premier League,2223,1.5530303030303032,0.6818181818181819,0.15151515151515152
Cody Drameh,Leeds United,DF,0.8,0,4,1,ENG-Premier League,2223,0.0,5.0,1.25
Crysencio Summerville,Leeds United,"MF,FW",15.8,29,21,13,ENG-Premier League,2223,1.8354430379746836,1.3291139240506329,0.8227848101265822
Daniel James,Leeds United,MF,2.2,3,2,2,ENG-Premier League,2223,1.3636363636363635,0.9090909090909091,0.9090909090909091
Darko Gyabi,Leeds United,MF,0.1,1,2,0,ENG-Premier League,2223,10.0,20.0,0.0
Diego Llorente,Leeds United,DF,7.2,6,10,16,ENG-Premier League,2223,0.8333333333333333,1.3888888888888888,2.2222222222222223
Georginio Rutter,Leeds United,FW,3.0,4,10,3,ENG-Premier League,2223,1.3333333333333333,3.3333333333333335,1.0
Illan Meslier,Leeds United,GK,34.0,1,1,1,ENG-Premier League,2223,0.029411764705882353,0.029411764705882353,0.029411764705882353
Jack Harrison,Leeds United,MF,30.1,39,15,22,ENG-Premier League,2223,1.2956810631229236,0.4983388704318937,0.7308970099667774
Joe Gelhardt,Leeds United,FW,2.4,10,2,0,ENG-Premier League,2223,4.166666666666667,0.8333333333333334,0.0
Joel Robles,Leeds United,GK,4.0,0,0,0,ENG-Premier League,2223,0.0,0.0,0.0
Junior Firpo,Leeds United,DF,15.2,2,23,24,ENG-Premier League,2223,0.13157894736842105,1.5131578947368423,1.5789473684210527
Liam Cooper,Leeds United,DF,15.8,10,24,34,ENG-Premier League,2223,0.6329113924050632,1.5189873417721518,2.151898734177215
Luis Sinisterra,Leeds United,MF,9.6,28,14,7,ENG-Premier League,2223,2.916666666666667,1.4583333333333335,0.7291666666666667
Luke Ayling,Leeds United,DF,22.8,24,38,25,ENG-Premier League,2223,1.0526315789473684,1.6666666666666665,1.0964912280701753
Marc Roca,Leeds United,MF,25.7,35,40,24,ENG-Premier League,2223,1.3618677042801557,1.556420233463035,0.933852140077821
Mateo Joseph,Leeds United,FW,0.3,1,0,0,ENG-Premier League,2223,3.3333333333333335,0.0,0.0
Mateusz Klich,Leeds United,MF,3.1,4,8,0,ENG-Premier League,2223,1.2903225806451613,2.5806451612903225,0.0
Maximilian Wöber,Leeds United,DF,14.1,9,17,26,ENG-Premier League,2223,0.6382978723404256,1.2056737588652482,1.8439716312056738
Pascal Struijk,Leeds United,DF,24.4,16,60,34,ENG-Premier League,2223,0.6557377049180328,2.459016393442623,1.3934426229508197
Patrick Bamford,Leeds United,FW,16.8,50,6,5,ENG-Premier League,2223,2.9761904761904763,0.35714285714285715,0.2976190476190476
Rasmus Kristensen,Leeds United,DF,21.8,13,34,32,ENG-Premier League,2223,0.5963302752293578,1.5596330275229358,1.4678899082568806
Robin Koch,Leeds United,DF,35.3,17,30,42,ENG-Premier League,2223,0.481586402266289,0.8498583569405099,1.189801699716714
Rodrigo,Leeds United,"FW,MF",21.5,67,9,6,ENG-Premier League,2223,3.116279069767442,0.4186046511627907,0.27906976744186046
Sam Greenwood,Leeds United,MF,4.7,12,7,1,ENG-Premier League,2223,2.553191489361702,1.4893617021276595,0.2127659574468085
Tyler Adams,Leeds United,MF,24.0,4,44,32,ENG-Premier League,2223,0.16666666666666666,1.8333333333333333,1.3333333333333333
Weston McKennie,Leeds United,MF,16.0,13,14,22,ENG-Premier League,2223,0.8125,0.875,1.375
Wilfried Gnonto,Leeds United,"MF,FW",15.0,22,16,4,ENG-Premier League,2223,1.4666666666666666,1.0666666666666667,0.26666666666666666
Ayoze Pérez,Leicester City,MF,4.2,8,8,2,ENG-Premier League,2223,1.9047619047619047,1.9047619047619047,0.47619047619047616
Boubakary Soumaré,Leicester City,MF,18.1,1,34,31,ENG-Premier League,2223,0.055248618784530384,1.878453038674033,1.7127071823204418
Daniel Amartey,Leicester City,DF,17.9,6,8,9,ENG-Premier League,2223,0.335195530726257,0.446927374301676,0.5027932960893855
Daniel Iversen,Leicester City,GK,12.0,0,0,0,ENG-Premier League,2223,0.0,0.0,0.0
Danny Ward,Leicester City,GK,26.0,0,1,0,ENG-Premier League,2223,0.0,0.038461538461538464,0.0
Dennis Praet,Leicester City,MF,7.2,5,8,5,ENG-Premier League,2223,0.6944444444444444,1.1111111111111112,0.6944444444444444
Harry Souttar,Leicester City,DF,11.0,8,10,10,ENG-Premier League,2223,0.7272727272727273,0.9090909090909091,0.9090909090909091
Harvey Barnes,Leicester City,"MF,FW",30.1,72,14,8,ENG-Premier League,2223,2.3920265780730894,0.46511627906976744,0.26578073089700993
James Justin,Leicester City,"DF,MF",13.9,5,18,14,ENG-Premier League,2223,0.3597122302158273,1.2949640287769784,1.0071942446043165
James Maddison,Leicester City,"MF,FW",27.6,85,25,12,ENG-Premier League,2223,3.079710144927536,0.9057971014492753,0.43478260869565216
Jamie Vardy,Leicester City,FW,20.6,28,5,2,ENG-Premier League,2223,1.3592233009708736,0.24271844660194172,0.0970873786407767
Jonny Evans,Leicester City,DF,11.7,1,5,17,ENG-Premier League,2223,0.08547008547008547,0.4273504273504274,1.4529914529914532
Kelechi Iheanacho,Leicester City,FW,12.5,39,2,0,ENG-Premier League,2223,3.12,0.16,0.0
Kiernan Dewsbury-Hall,Leicester City,MF,25.6,26,28,28,ENG-Premier League,2223,1.015625,1.09375,1.09375
Lewis Brunt,Leicester City,"DF,MF",0.3,0,0,0,ENG-Premier League,2223,0.0,0.0,0.0
Luke Thomas,Leicester City,DF,11.9,3,18,27,ENG-Premier League,2223,0.25210084033613445,1.5126050420168067,2.26890756302521
Marc Albrighton,Leicester City,MF,2.6,2,1,1,ENG-Premier League,2223,0.7692307692307692,0.3846153846153846,0.3846153846153846
Nampalys Mendy,Leicester City,MF,8.4,2,9,13,ENG-Premier League,2223,0.23809523809523808,1.0714285714285714,1.5476190476190474
Patson Daka,Leicester City,FW,13.2,30,9,7,ENG-Premier League,2223,2.272727272727273,0.6818181818181819,0.5303030303030303
Ricardo Pereira,Leicester City,"DF,MF",5.0,2,8,4,ENG-Premier League,2223,0.4,1.6,0.8
Tetê,Leicester City,"MF,FW",8.2,15,8,2,ENG-Premier League,2223,1.829268292682927,0.9756097560975611,0.24390243902439027
Timothy Castagne,Leicester City,"DF,MF",36.2,18,42,43,ENG-Premier League,2223,0.49723756906077343,1.160220994475138,1.1878453038674033
Victor Bernth Kristiansen,Leicester City,DF,9.9,3,24,3,ENG-Premier League,2223,0.30303030303030304,2.4242424242424243,0.30303030303030304
Wesley Fofana,Leicester City,DF,2.0,2,2,9,ENG-Premier League,2223,1.0,1.0,4.5
Wilfred Ndidi,Leicester City,"MF,DF",18.7,7,41,36,ENG-Premier League,2223,0.37433155080213903,2.192513368983957,1.9251336898395723
Wout Faes,Leicester City,DF,31.0,13,31,42,ENG-Premier League,2223,0.41935483870967744,1.0,1.3548387096774193
Youri Tielemans,Leicester City,MF,26.0,31,41,29,ENG-Premier League,2223,1.1923076923076923,1.5769230769230769,1.1153846153846154
Çağlar Söyüncü,Leicester City,DF,5.9,5,9,7,ENG-Premier League,2223,0.847457627118644,1.5254237288135593,1.1864406779661016
Alex Oxlade-Chamberlain,Liverpool,FW,3.7,7,4,0,ENG-Premier League,2223,1.8918918918918919,1.081081081081081,0.0
Alisson,Liverpool,GK,37.0,0,0,0,ENG-Premier League,2223,0.0,0.0,0.0
Andy Robertson,Liverpool,DF,28.7,13,21,16,ENG-Premier League,2223,0.4529616724738676,0.7317073170731707,0.5574912891986062
Ben Gannon-Doak,Liverpool,MF,0.3,0,2,0,ENG-Premier League,2223,0.0,6.666666666666667,0.0
Bobby Clark,Liverpool,MF,0.1,0,0,0,ENG-Premier League,2223,0.0,0.0,0.0
Caoimhín Kelleher,Liverpool,GK,1.0,0,0,0,ENG-Premier League,2223,0.0,0.0,0.0
Cody Gakpo,Liverpool,FW,16.2,39,15,4,ENG-Premier League,2223,2.4074074074074074,0.9259259259259259,0.2469135802469136
Curtis Jones,Liverpool,MF,11.5,15,17,3,ENG-Premier League,2223,1.3043478260869565,1.4782608695652173,0.2608695652173913
Darwin Núñez,Liverpool,FW,18.8,84,5,2,ENG-Premier League,2223,4.468085106382978,0.26595744680851063,0.10638297872340426
Diogo Jota,Liverpool,"FW,MF",12.6,35,14,3,ENG-Premier League,2223,2.7777777777777777,1.1111111111111112,0.2380952380952381
Fabinho,Liverpool,MF,29.7,18,37,36,ENG-Premier League,2223,0.6060606060606061,1.245791245791246,1.2121212121212122
Fabio Carvalho,Liverpool,"MF,FW",3.9,11,8,6,ENG-Premier League,2223,2.8205128205128207,2.0512820512820515,1.5384615384615385
Harvey Elliott,Liverpool,MF,17.9,36,20,14,ENG-Premier League,2223,2.011173184357542,1.11731843575419,0.782122905027933
Ibrahima Konaté,Liverpool,DF,17.2,11,26,26,ENG-Premier League,2223,0.6395348837209303,1.5116279069767442,1.5116279069767442
James Milner,Liverpool,"MF,DF",10.1,7,15,10,ENG-Premier League,2223,0.6930693069306931,1.4851485148514851,0.9900990099009901
Joe Gomez,Liverpool,DF,16.3,6,21,22,ENG-Premier League,2223,0.36809815950920244,1.2883435582822085,1.3496932515337423
Jordan Henderson,Liverpool,MF,23.0,23,23,21,ENG-Premier League,2223,1.0,1.0,0.9130434782608695
Joël Matip,Liverpool,DF,12.1,5,8,17,ENG-Premier League,2223,0.4132231404958678,0.6611570247933884,1.4049586776859504
Kostas Tsimikas,Liverpool,DF,8.6,7,9,11,ENG-Premier League,2223,0.813953488372093,1.0465116279069768,1.2790697674418605
Luis Díaz,Liverpool,FW,11.1,27,11,5,ENG-Premier League,2223,2.4324324324324325,0.990990990990991,0.45045045045045046
Mohamed Salah,Liverpool,FW,36.6,125,12,6,ENG-Premier League,2223,3.4153005464480874,0.32786885245901637,0.16393442622950818
Naby Keïta,Liverpool,MF,3.3,10,4,2,ENG-Premier League,2223,3.0303030303030303,1.2121212121212122,0.6060606060606061
Nathaniel Phillips,Liverpool,DF,0.7,1,1,2,ENG-Premier League,2223,1.4285714285714286,1.4285714285714286,2.857142857142857
Roberto Firmino,Liverpool,FW,13.5,39,13,7,ENG-Premier League,2223,2.888888888888889,0.9629629629629629,0.5185185185185185
Stefan Bajcetic,Liverpool,MF,5.8,6,8,6,ENG-Premier League,2223,1.0344827586206897,1.3793103448275863,1.0344827586206897
Thiago Alcántara,Liverpool,MF,13.9,10,27,20,ENG-Premier League,2223,0.7194244604316546,1.9424460431654675,1.4388489208633093
Trent Alexander-Arnold,Liverpool,DF,32.5,40,38,40,ENG-Premier League,2223,1.2307692307692308,1.1692307692307693,1.2307692307692308
Virgil van Dijk,Liverpool,DF,31.5,30,14,26,ENG-Premier League,2223,0.9523809523809523,0.4444444444444444,0.8253968253968254
Aymeric Laporte,Manchester City,"DF,MF",11.0,10,6,3,ENG-Premier League,2223,0.9090909090909091,0.5454545454545454,0.2727272727272727
Bernardo Silva,Manchester City,"MF,FW",24.5,25,25,14,ENG-Premier League,2223,1.0204081632653061,1.0204081632653061,0.5714285714285714
Cole Palmer,Manchester City,"MF,FW",4.1,11,1,1,ENG-Premier League,2223,2.682926829268293,0.24390243902439027,0.24390243902439027
Ederson Moraes,Manchester City,GK,35.0,0,1,1,ENG-Premier League,2223,0.0,0.02857142857142857,0.02857142857142857
Erling Haaland,Manchester City,"FW,MF",30.8,123,2,3,ENG-Premier League,2223,3.9935064935064934,0.06493506493506493,0.09740259740259741
Jack Grealish,Manchester City,"FW,MF",22.8,41,16,8,ENG-Premier League,2223,1.7982456140350878,0.7017543859649122,0.3508771929824561
John Stones,Manchester City,"DF,MF",20.5,11,14,8,ENG-Premier League,2223,0.5365853658536586,0.6829268292682927,0.3902439024390244
João Cancelo,Manchester City,DF,14.2,17,18,19,ENG-Premier League,2223,1.1971830985915493,1.267605633802817,1.3380281690140845
Julián Álvarez,Manchester City,"MF,FW",16.3,47,16,2,ENG-Premier League,2223,2.8834355828220857,0.9815950920245399,0.12269938650306748
Kalvin Phillips,Manchester City,"MF,DF",3.3,6,4,4,ENG-Premier League,2223,1.8181818181818183,1.2121212121212122,1.2121212121212122
Kevin De Bruyne,Manchester City,MF,26.9,65,13,8,ENG-Premier League,2223,2.41635687732342,0.483271375464684,0.29739776951672864
Kyle Walker,Manchester City,"DF,MF",21.8,5,9,19,ENG-Premier League,2223,0.2293577981651376,0.4128440366972477,0.8715596330275229
Manuel Akanji,Manchester City,"DF,MF",25.4,15,24,15,ENG-Premier League,2223,0.5905511811023623,0.9448818897637796,0.5905511811023623
Máximo Perrone,Manchester City,MF,0.2,0,0,0,ENG-Premier League,2223,0.0,0.0,0.0
Nathan Aké,Manchester City,DF,20.8,9,12,19,ENG-Premier League,2223,0.43269230769230765,0.5769230769230769,0.9134615384615384
Phil Foden,Manchester City,"FW,MF",20.5,46,10,5,ENG-Premier League,2223,2.2439024390243905,0.4878048780487805,0.24390243902439024
Rico Lewis,Manchester City,"DF,MF",10.0,5,10,4,ENG-Premier League,2223,0.5,1.0,0.4
Riyad Mahrez,Manchester City,"MF,FW",21.3,43,13,9,ENG-Premier League,2223,2.0187793427230045,0.6103286384976525,0.4225352112676056
Rodri,Manchester City,"MF,DF",32.3,50,41,31,ENG-Premier League,2223,1.5479876160990713,1.2693498452012384,0.9597523219814242
Rúben Dias,Manchester City,"DF,MF",22.2,10,14,18,ENG-Premier League,2223,0.45045045045045046,0.6306306306306306,0.8108108108108109
Sergio Gómez,Manchester City,"MF,FW",3.9,7,4,2,ENG-Premier League,2223,1.794871794871795,1.0256410256410258,0.5128205128205129
Shea Charles,Manchester City,"DF,MF",0.3,0,0,1,ENG-Premier League,2223,0.0,0.0,3.3333333333333335
Stefan Ortega,Manchester City,GK,3.0,0,0,0,ENG-Premier League,2223,0.0,0.0,0.0
İlkay Gündoğan,Manchester City,MF,26.1,54,19,20,ENG-Premier League,2223,2.068965517241379,0.7279693486590038,0.7662835249042145
Aaron Wan-Bissaka,Manchester Utd,DF,15.9,10,23,20,ENG-Premier League,2223,0.6289308176100629,1.4465408805031446,1.2578616352201257
Alejandro Garnacho,Manchester Utd,MF,6.3,24,2,4,ENG-Premier League,2223,3.8095238095238098,0.31746031746031744,0.6349206349206349
Anthony Elanga,Manchester Utd,MF,4.7,10,0,2,ENG-Premier League,2223,2.127659574468085,0.0,0.425531914893617
Anthony Martial,Manchester Utd,FW,10.9,27,3,1,ENG-Premier League,2223,2.477064220183486,0.27522935779816515,0.09174311926605504
Antony,Manchester Utd,MF,20.0,72,9,11,ENG-Premier League,2223,3.6,0.45,0.55
Bruno Fernandes,Manchester Utd,MF,36.8,92,42,25,ENG-Premier League,2223,2.5,1.1413043478260871,0.6793478260869565
Casemiro,Manchester Utd,MF,23.6,34,44,29,ENG-Premier League,2223,1.4406779661016949,1.8644067796610169,1.2288135593220337
Christian Eriksen,Manchester Utd,MF,22.8,38,19,10,ENG-Premier League,2223,1.6666666666666665,0.8333333333333333,0.43859649122807015
Cristiano Ronaldo,Manchester Utd,FW,5.8,25,2,1,ENG-Premier League,2223,4.310344827586207,0.3448275862068966,0.1724137931034483
David de Gea,Manchester Utd,GK,38.0,0,0,0,ENG-Premier League,2223,0.0,0.0,0.0
Diogo Dalot,Manchester Utd,DF,23.9,22,40,37,ENG-Premier League,2223,0.9205020920502093,1.6736401673640169,1.5481171548117156
Donny van de Beek,Manchester Utd,MF,1.9,2,0,1,ENG-Premier League,2223,1.0526315789473684,0.0,0.5263157894736842
Facundo Pellistri,Manchester Utd,"FW,MF",0.7,0,1,0,ENG-Premier League,2223,0.0,1.4285714285714286,0.0
Fred,Manchester Utd,MF,13.9,26,31,19,ENG-Premier League,2223,1.870503597122302,2.2302158273381294,1.3669064748201438
Harry Maguire,Manchester Utd,DF,8.5,3,6,13,ENG-Premier League,2223,0.35294117647058826,0.7058823529411765,1.5294117647058822
Jadon Sancho,Manchester Utd,MF,18.7,21,9,5,ENG-Premier League,2223,1.1229946524064172,0.4812834224598931,0.26737967914438504
Kobbie Mainoo,Manchester Utd,MF,0.1,0,0,0,ENG-Premier League,2223,0.0,0.0,0.0
Lisandro Martínez,Manchester Utd,DF,23.5,10,30,34,ENG-Premier League,2223,0.425531914893617,1.2765957446808511,1.446808510638298
Luke Shaw,Manchester Utd,DF,28.4,14,36,35,ENG-Premier League,2223,0.49295774647887325,1.267605633802817,1.2323943661971832
Marcel Sabitzer,Manchester Utd,MF,7.0,11,8,6,ENG-Premier League,2223,1.5714285714285714,1.1428571428571428,0.8571428571428571
Marcus Rashford,Manchester Utd,"FW,MF",32.0,108,10,6,ENG-Premier League,2223,3.375,0.3125,0.1875
Raphaël Varane,Manchester Utd,DF,21.2,8,10,9,ENG-Premier League,2223,0.37735849056603776,0.4716981132075472,0.42452830188679247
Scott McTominay,Manchester Utd,MF,12.9,13,20,10,ENG-Premier League,2223,1.0077519379844961,1.5503875968992247,0.7751937984496123
Tyrell Malacia,Manchester Utd,DF,15.5,5,33,24,ENG-Premier League,2223,0.3225806451612903,2.129032258064516,1.5483870967741935
Victor Lindelöf,Manchester Utd,DF,15.2,3,17,19,ENG-Premier League,2223,0.19736842105263158,1.118421052631579,1.25
Wout Weghorst,Manchester Utd,"FW,MF",8.9,14,5,6,ENG-Premier League,2223,1.5730337078651684,0.5617977528089887,0.6741573033707865
Alexander Isak,Newcastle,FW,16.9,51,8,4,ENG-Premier League,2223,3.017751479289941,0.4733727810650888,0.2366863905325444
Allan Saint-Maximin,Newcastle,FW,12.4,28,4,4,ENG-Premier League,2223,2.258064516129032,0.3225806451612903,0.3225806451612903
Anthony Gordon,Newcastle,"FW,MF",5.4,8,11,1,ENG-Premier League,2223,1.4814814814814814,2.0370370370370368,0.18518518518518517
Bruno Guimarães,Newcastle,MF,30.3,28,43,36,ENG-Premier League,2223,0.9240924092409241,1.4191419141914192,1.188118811881188
Callum Wilson,Newcastle,FW,20.9,73,3,1,ENG-Premier League,2223,3.4928229665071773,0.14354066985645933,0.04784688995215311
Chris Wood,Newcastle,FW,5.0,9,4,1,ENG-Premier League,2223,1.8,0.8,0.2
Dan Burn,Newcastle,DF,34.6,21,38,29,ENG-Premier League,2223,0.6069364161849711,1.0982658959537572,0.838150289017341
Elliot Anderson,Newcastle,MF,4.6,11,5,5,ENG-Premier League,2223,2.3913043478260874,1.0869565217391306,1.0869565217391306
Fabian Schär,Newcastle,DF,35.6,56,21,51,ENG-Premier League,2223,1.5730337078651684,0.5898876404494382,1.4325842696629212
Jacob Murphy,Newcastle,FW,13.9,29,9,6,ENG-Premier League,2223,2.0863309352517985,0.6474820143884892,0.4316546762589928
Jamaal Lascelles,Newcastle,DF,2.4,2,0,0,ENG-Premier League,2223,0.8333333333333334,0.0,0.0
Jamal Lewis,Newcastle,"DF,MF",0.1,0,0,0,ENG-Premier League,2223,0.0,0.0,0.0
Javier Manquillo,Newcastle,DF,0.4,0,2,1,ENG-Premier League,2223,0.0,5.0,2.5
Joe Willock,Newcastle,MF,28.4,58,30,27,ENG-Premier League,2223,2.0422535211267605,1.0563380281690142,0.9507042253521127
Joelinton,Newcastle,"MF,FW",29.6,51,49,46,ENG-Premier League,2223,1.7229729729729728,1.6554054054054053,1.554054054054054
Jonjo Shelvey,Newcastle,MF,0.4,0,0,0,ENG-Premier League,2223,0.0,0.0,0.0
Kieran Trippier,Newcastle,DF,37.1,14,48,43,ENG-Premier League,2223,0.3773584905660377,1.2938005390835579,1.1590296495956873
Lewis Miley,Newcastle,MF,0.2,1,0,0,ENG-Premier League,2223,5.0,0.0,0.0
Martin Dúbravka,Newcastle,GK,1.7,0,0,0,ENG-Premier League,2223,0.0,0.0,0.0
Matt Ritchie,Newcastle,"DF,MF",0.4,0,0,1,ENG-Premier League,2223,0.0,0.0,2.5
Matt Targett,Newcastle,DF,6.8,1,10,10,ENG-Premier League,2223,0.14705882352941177,1.4705882352941178,1.4705882352941178
Miguel Almirón,Newcastle,FW,27.7,69,29,10,ENG-Premier League,2223,2.490974729241877,1.0469314079422383,0.36101083032490977
Nick Pope,Newcastle,GK,36.2,0,0,0,ENG-Premier League,2223,0.0,0.0,0.0
Ryan Fraser,Newcastle,FW,3.5,6,2,0,ENG-Premier League,2223,1.7142857142857142,0.5714285714285714,0.0
Sean Longstaff,Newcastle,MF,28.0,33,24,16,ENG-Premier League,2223,1.1785714285714286,0.8571428571428571,0.5714285714285714
Sven Botman,Newcastle,DF,34.7,22,26,34,ENG-Premier League,2223,0.6340057636887607,0.7492795389048991,0.9798270893371757
Alex Mighten,Nottingham,"FW,MF",0.1,0,0,0,ENG-Premier League,2223,0.0,0.0,0.0
André Ayew,Nottingham,FW,3.5,4,3,0,ENG-Premier League,2223,1.1428571428571428,0.8571428571428571,0.0
Brennan Johnson,Nottingham,"FW,MF",32.6,55,18,4,ENG-Premier League,2223,1.687116564417178,0.5521472392638036,0.12269938650306748
Cafú,Nottingham,MF,0.1,0,0,0,ENG-Premier League,2223,0.0,0.0,0.0
Cheikhou Kouyaté,Nottingham,"MF,DF",9.8,6,22,10,ENG-Premier League,2223,0.6122448979591836,2.2448979591836733,1.0204081632653061
Chris Wood,Nottingham,FW,4.1,3,0,1,ENG-Premier League,2223,0.7317073170731708,0.0,0.24390243902439027
Danilo Santos,Nottingham,MF,10.8,15,6,10,ENG-Premier League,2223,1.3888888888888888,0.5555555555555555,0.9259259259259258
Dean Henderson,Nottingham,GK,18.0,0,0,0,ENG-Premier League,2223,0.0,0.0,0.0
Emmanuel Dennis,Nottingham,"MF,FW",8.0,21,12,2,ENG-Premier League,2223,2.625,1.5,0.25
Felipe,Nottingham,DF,15.8,13,23,38,ENG-Premier League,2223,0.8227848101265822,1.4556962025316456,2.4050632911392404
Giulian Biancone,Nottingham,"DF,MF",0.2,0,1,1,ENG-Premier League,2223,0.0,5.0,5.0
Gustavo Scarpa,Nottingham,MF,2.0,7,2,0,ENG-Premier League,2223,3.5,1.0,0.0
Harry Toffolo,Nottingham,"DF,MF",10.4,6,8,7,ENG-Premier League,2223,0.5769230769230769,0.7692307692307692,0.673076923076923
Jack Colback,Nottingham,MF,5.5,0,14,2,ENG-Premier League,2223,0.0,2.5454545454545454,0.36363636363636365
Jesse Lingard,Nottingham,"MF,FW",10.3,10,5,4,ENG-Premier League,2223,0.9708737864077669,0.48543689320388345,0.3883495145631068
Joe Worrall,Nottingham,DF,24.7,7,26,26,ENG-Premier League,2223,0.2834008097165992,1.0526315789473684,1.0526315789473684
Jonjo Shelvey,Nottingham,MF,6.0,6,1,5,ENG-Premier League,2223,1.0,0.16666666666666666,0.8333333333333334
Keylor Navas,Nottingham,GK,17.0,0,0,1,ENG-Premier League,2223,0.0,0.0,0.058823529411764705
Lewis O'Brien,Nottingham,MF,6.5,7,7,6,ENG-Premier League,2223,1.0769230769230769,1.0769230769230769,0.9230769230769231
Morgan Gibbs-White,Nottingham,"MF,FW",33.0,59,14,13,ENG-Premier League,2223,1.7878787878787878,0.42424242424242425,0.3939393939393939
Moussa Niakhaté,Nottingham,DF,12.9,6,9,20,ENG-Premier League,2223,0.46511627906976744,0.6976744186046512,1.5503875968992247
Neco Williams,Nottingham,"DF,MF",20.9,25,47,31,ENG-Premier League,2223,1.1961722488038278,2.248803827751196,1.4832535885167466
Orel Mangala,Nottingham,MF,17.2,9,19,24,ENG-Premier League,2223,0.5232558139534884,1.1046511627906976,1.3953488372093024
Remo Freuler,Nottingham,MF,24.0,8,26,29,ENG-Premier League,2223,0.3333333333333333,1.0833333333333333,1.2083333333333333
Renan Lodi,Nottingham,"DF,MF",24.6,15,41,33,ENG-Premier League,2223,0.6097560975609756,1.6666666666666665,1.3414634146341462
Ryan Yates,Nottingham,MF,20.4,26,19,10,ENG-Premier League,2223,1.2745098039215688,0.9313725490196079,0.4901960784313726
Sam Surridge,Nottingham,FW,3.6,9,2,0,ENG-Premier League,2223,2.5,0.5555555555555556,0.0
Scott McKenna,Nottingham,DF,17.5,2,8,11,ENG-Premier League,2223,0.11428571428571428,0.45714285714285713,0.6285714285714286
Serge Aurier,Nottingham,"DF,MF",21.6,9,41,27,ENG-Premier League,2223,0.41666666666666663,1.898148148148148,1.25
Steve Cook,Nottingham,DF,10.6,3,4,12,ENG-Premier League,2223,0.2830188679245283,0.37735849056603776,1.1320754716981132
Taiwo Awoniyi,Nottingham,FW,15.6,35,10,3,ENG-Premier League,2223,2.2435897435897436,0.6410256410256411,0.19230769230769232
Wayne Hennessey,Nottingham,GK,3.0,0,0,0,ENG-Premier League,2223,0.0,0.0,0.0
Willy Boly,Nottingham,DF,7.6,2,6,11,ENG-Premier League,2223,0.2631578947368421,0.7894736842105263,1.4473684210526316
Adam Armstrong,Southampton,"MF,FW",14.8,25,9,3,ENG-Premier League,2223,1.689189189189189,0.6081081081081081,0.2027027027027027
Ainsley Maitland-Niles,Southampton,"DF,MF",15.6,1,24,22,ENG-Premier League,2223,0.06410256410256411,1.5384615384615385,1.4102564102564104
Alex McCarthy,Southampton,GK,6.0,0,0,1,ENG-Premier League,2223,0.0,0.0,0.16666666666666666
Armel Bella Kotchap,Southampton,DF,20.9,14,18,44,ENG-Premier League,2223,0.6698564593301436,0.861244019138756,2.105263157894737
Carlos Alcaraz,Southampton,"MF,FW",11.4,24,5,1,ENG-Premier League,2223,2.1052631578947367,0.43859649122807015,0.08771929824561403
Ché Adams,Southampton,FW,22.1,47,13,4,ENG-Premier League,2223,2.1266968325791855,0.588235294117647,0.18099547511312217
Dominic Ballard,Southampton,FW,0.3,0,0,1,ENG-Premier League,2223,0.0,0.0,3.3333333333333335
Duje Ćaleta-Car,Southampton,DF,10.5,5,11,15,ENG-Premier League,2223,0.47619047619047616,1.0476190476190477,1.4285714285714286
Gavin Bazunu,Southampton,GK,32.0,0,0,1,ENG-Premier League,2223,0.0,0.0,0.03125
Ibrahima Diallo,Southampton,MF,9.1,6,15,7,ENG-Premier League,2223,0.6593406593406593,1.6483516483516485,0.7692307692307693
Jack Stephens,Southampton,DF,0.5,0,2,1,ENG-Premier League,2223,0.0,4.0,2.0
James Bree,Southampton,DF,4.1,1,3,6,ENG-Premier League,2223,0.24390243902439027,0.7317073170731708,1.4634146341463417
James Ward-Prowse,Southampton,MF,37.5,44,37,52,ENG-Premier League,2223,1.1733333333333333,0.9866666666666667,1.3866666666666667
Jan Bednarek,Southampton,DF,18.6,8,19,45,ENG-Premier League,2223,0.4301075268817204,1.021505376344086,2.419354838709677
Joe Aribo,Southampton,"MF,FW",13.6,14,19,10,ENG-Premier League,2223,1.0294117647058825,1.397058823529412,0.7352941176470589
Juan Larios,Southampton,DF,1.7,0,6,2,ENG-Premier League,2223,0.0,3.5294117647058822,1.1764705882352942
Kamaldeen Sulemana,Southampton,"FW,MF",10.7,25,9,6,ENG-Premier League,2223,2.336448598130841,0.8411214953271029,0.5607476635514019
Kami Doyle,Southampton,MF,0.1,0,0,0,ENG-Premier League,2223,0.0,0.0,0.0
Kyle Walker-Peters,Southampton,"DF,MF",29.4,12,34,28,ENG-Premier League,2223,0.40816326530612246,1.1564625850340136,0.9523809523809524
Lyanco,Southampton,DF,13.1,12,17,20,ENG-Premier League,2223,0.916030534351145,1.297709923664122,1.5267175572519085
Mislav Oršić,Southampton,"FW,MF",0.1,0,1,0,ENG-Premier League,2223,0.0,10.0,0.0
Mohamed Elyounoussi,Southampton,MF,24.1,36,30,25,ENG-Premier League,2223,1.4937759336099585,1.2448132780082988,1.0373443983402488
Mohammed Salisu,Southampton,DF,21.9,19,31,30,ENG-Premier League,2223,0.8675799086757991,1.4155251141552512,1.3698630136986303
Moussa Djenepo,Southampton,"DF,MF",7.9,3,11,12,ENG-Premier League,2223,0.37974683544303794,1.3924050632911391,1.5189873417721518
Oriol Romeu,Southampton,MF,0.8,0,0,1,ENG-Premier League,2223,0.0,0.0,1.25
Paul Onuachu,Southampton,FW,4.5,11,2,0,ENG-Premier League,2223,2.4444444444444446,0.4444444444444444,0.0
Romain Perraud,Southampton,DF,20.4,30,33,21,ENG-Premier League,2223,1.4705882352941178,1.6176470588235294,1.0294117647058825
Roméo Lavia,Southampton,MF,24.7,12,35,33,ENG-Premier League,2223,0.4858299595141701,1.417004048582996,1.3360323886639676
Samuel Edozie,Southampton,"MF,FW",6.3,8,11,5,ENG-Premier League,2223,1.2698412698412698,1.746031746031746,0.7936507936507937
Sekou Mara,Southampton,FW,6.2,16,9,1,ENG-Premier League,2223,2.5806451612903225,1.4516129032258065,0.16129032258064516
Stuart Armstrong,Southampton,MF,15.6,23,21,10,ENG-Premier League,2223,1.4743589743589745,1.3461538461538463,0.6410256410256411
Theo Walcott,Southampton,"MF,FW",12.5,20,6,9,ENG-Premier League,2223,1.6,0.48,0.72
Tino Livramento,Southampton,"DF,MF",0.3,0,1,2,ENG-Premier League,2223,0.0,3.3333333333333335,6.666666666666667
Yan Valery,Southampton,DF,0.5,0,0,0,ENG-Premier League,2223,0.0,0.0,0.0
Arnaut Danjuma,Tottenham,MF,1.9,6,0,0,ENG-Premier League,2223,3.1578947368421053,0.0,0.0
Ben Davies,Tottenham,"DF,MF",25.4,14,12,19,ENG-Premier League,2223,0.5511811023622047,0.4724409448818898,0.7480314960629921
Bryan Gil,Tottenham,"MF,FW",1.6,2,1,1,ENG-Premier League,2223,1.25,0.625,0.625
Clément Lenglet,Tottenham,DF,22.4,13,24,20,ENG-Premier League,2223,0.5803571428571429,1.0714285714285714,0.8928571428571429
Cristian Romero,Tottenham,DF,26.3,11,38,37,ENG-Premier League,2223,0.4182509505703422,1.4448669201520912,1.4068441064638784
Davinson Sánchez,Tottenham,DF,9.5,6,10,12,ENG-Premier League,2223,0.631578947368421,1.0526315789473684,1.263157894736842
Dejan Kulusevski,Tottenham,"MF,FW",23.0,43,16,12,ENG-Premier League,2223,1.8695652173913044,0.6956521739130435,0.5217391304347826
Djed Spence,Tottenham,"DF,MF",0.1,1,0,0,ENG-Premier League,2223,10.0,0.0,0.0
Emerson,Tottenham,"MF,DF",19.3,17,36,18,ENG-Premier League,2223,0.8808290155440415,1.8652849740932642,0.9326424870466321
Eric Dier,Tottenham,DF,31.3,17,20,33,ENG-Premier League,2223,0.5431309904153354,0.6389776357827476,1.0543130990415335
Fraser Forster,Tottenham,GK,13.5,0,0,0,ENG-Premier League,2223,0.0,0.0,0.0
Harry Kane,Tottenham,FW,37.8,132,12,2,ENG-Premier League,2223,3.4920634920634925,0.3174603174603175,0.052910052910052914
Harvey White,Tottenham,MF,0.1,0,0,0,ENG-Premier League,2223,0.0,0.0,0.0
Hugo Lloris,Tottenham,GK,24.5,0,1,0,ENG-Premier League,2223,0.0,0.04081632653061224,0.0
Ivan Perišić,Tottenham,MF,23.4,29,24,21,ENG-Premier League,2223,1.2393162393162394,1.0256410256410258,0.8974358974358975
Japhet Tanganga,Tottenham,DF,1.6,0,2,2,ENG-Premier League,2223,0.0,1.25,1.25
Lucas Moura,Tottenham,"FW,MF",1.7,4,5,2,ENG-Premier League,2223,2.3529411764705883,2.9411764705882355,1.1764705882352942
Matt Doherty,Tottenham,MF,7.4,10,11,7,ENG-Premier League,2223,1.3513513513513513,1.4864864864864864,0.9459459459459459
Matthew Craig,Tottenham,MF,0.2,0,1,0,ENG-Premier League,2223,0.0,5.0,0.0
Oliver Skipp,Tottenham,MF,16.6,7,16,17,ENG-Premier League,2223,0.4216867469879518,0.9638554216867469,1.0240963855421685
Pape Matar Sarr,Tottenham,MF,2.4,2,6,6,ENG-Premier League,2223,0.8333333333333334,2.5,2.5
Pedro Porro,Tottenham,MF,12.6,26,16,17,ENG-Premier League,2223,2.0634920634920637,1.2698412698412698,1.3492063492063493
Pierre Højbjerg,Tottenham,MF,34.8,33,31,47,ENG-Premier League,2223,0.9482758620689656,0.8908045977011495,1.3505747126436782
Richarlison,Tottenham,"MF,FW",11.2,27,16,5,ENG-Premier League,2223,2.410714285714286,1.4285714285714286,0.44642857142857145
Rodrigo Bentancur,Tottenham,MF,16.7,15,28,19,ENG-Premier League,2223,0.8982035928143713,1.6766467065868265,1.1377245508982037
Ryan Sessegnon,Tottenham,"MF,DF",9.0,18,12,6,ENG-Premier League,2223,2.0,1.3333333333333333,0.6666666666666666
Son Heung-min,Tottenham,"MF,FW",32.1,81,12,13,ENG-Premier League,2223,2.5233644859813085,0.37383177570093457,0.40498442367601245
Yves Bissouma,Tottenham,MF,11.2,6,13,12,ENG-Premier League,2223,0.5357142857142857,1.1607142857142858,1.0714285714285714
Aaron Cresswell,West Ham,DF,24.8,9,12,27,ENG-Premier League,2223,0.3629032258064516,0.48387096774193544,1.0887096774193548
Alphonse Areola,West Ham,GK,3.4,0,0,0,ENG-Premier League,2223,0.0,0.0,0.0
Angelo Ogbonna,West Ham,DF,13.7,3,4,18,ENG-Premier League,2223,0.21897810218978103,0.29197080291970806,1.3138686131386863
Ben Johnson,West Ham,"DF,MF",9.6,2,15,8,ENG-Premier League,2223,0.20833333333333334,1.5625,0.8333333333333334
Craig Dawson,West Ham,DF,8.0,6,6,6,ENG-Premier League,2223,0.75,0.75,0.75
Danny Ings,West Ham,FW,8.6,15,8,3,ENG-Premier League,2223,1.744186046511628,0.9302325581395349,0.3488372093023256
Declan Rice,West Ham,MF,36.4,36,36,62,ENG-Premier League,2223,0.989010989010989,0.989010989010989,1.7032967032967035
Divin Mubama,West Ham,FW,0.4,0,1,0,ENG-Premier League,2223,0.0,2.5,0.0
Emerson Palmieri,West Ham,"MF,DF",14.7,11,14,14,ENG-Premier League,2223,0.7482993197278912,0.9523809523809524,0.9523809523809524
Flynn Downes,West Ham,MF,8.5,4,8,7,ENG-Premier League,2223,0.47058823529411764,0.9411764705882353,0.8235294117647058
Gianluca Scamacca,West Ham,FW,10.3,30,4,5,ENG-Premier League,2223,2.9126213592233006,0.3883495145631068,0.48543689320388345
Jarrod Bowen,West Ham,"MF,FW",35.9,75,17,35,ENG-Premier League,2223,2.0891364902506964,0.4735376044568245,0.9749303621169917
Kurt Zouma,West Ham,DF,22.1,19,4,28,ENG-Premier League,2223,0.8597285067873303,0.18099547511312217,1.2669683257918551
Lucas Paquetá,West Ham,MF,23.9,53,53,15,ENG-Premier League,2223,2.2175732217573225,2.2175732217573225,0.6276150627615064
Manuel Lanzini,West Ham,MF,2.8,3,2,2,ENG-Premier League,2223,1.0714285714285714,0.7142857142857143,0.7142857142857143
Maxwel Cornet,West Ham,MF,2.7,9,3,2,ENG-Premier League,2223,3.333333333333333,1.111111111111111,0.7407407407407407
Michail Antonio,West Ham,FW,20.3,39,7,5,ENG-Premier League,2223,1.921182266009852,0.3448275862068965,0.24630541871921183
Nayef Aguerd,West Ham,DF,17.7,12,20,19,ENG-Premier League,2223,0.6779661016949153,1.1299435028248588,1.073446327683616
Pablo Fornals,West Ham,MF,16.7,27,14,14,ENG-Premier League,2223,1.6167664670658684,0.8383233532934132,0.8383233532934132
Saïd Benrahma,West Ham,"MF,FW",23.0,73,13,9,ENG-Premier League,2223,3.1739130434782608,0.5652173913043478,0.391304347826087
Thilo Kehrer,West Ham,DF,24.8,8,21,35,ENG-Premier League,2223,0.3225806451612903,0.8467741935483871,1.411290322580645
Tomáš Souček,West Ham,MF,31.3,34,41,58,ENG-Premier League,2223,1.0862619808306708,1.3099041533546325,1.853035143769968
Vladimír Coufal,West Ham,"DF,MF",23.7,6,30,36,ENG-Premier League,2223,0.25316455696202533,1.2658227848101267,1.518987341772152
Łukasz Fabiański,West Ham,GK,34.6,0,0,0,ENG-Premier League,2223,0.0,0.0,0.0
Adama Traoré,Wolves,"MF,FW",16.6,19,7,3,ENG-Premier League,2223,1.1445783132530118,0.4216867469879518,0.18072289156626503
Boubacar Traoré,Wolves,MF,4.6,3,6,7,ENG-Premier League,2223,0.6521739130434783,1.3043478260869565,1.5217391304347827
Chem Campbell,Wolves,"FW,MF",0.8,2,1,1,ENG-Premier League,2223,2.5,1.25,1.25
Craig Dawson,Wolves,DF,15.7,11,6,13,ENG-Premier League,2223,0.7006369426751593,0.3821656050955414,0.8280254777070064
Daniel Bentley,Wolves,GK,2.0,0,1,0,ENG-Premier League,2223,0.0,0.5,0.0
Daniel Podence,Wolves,"MF,FW",19.7,43,17,7,ENG-Premier League,2223,2.182741116751269,0.8629441624365483,0.3553299492385787
Dexter Lembikisa,Wolves,"DF,MF",0.3,0,0,0,ENG-Premier League,2223,0.0,0.0,0.0
Diego Costa,Wolves,FW,13.8,28,1,1,ENG-Premier League,2223,2.0289855072463765,0.07246376811594203,0.07246376811594203
Gonçalo Guedes,Wolves,"FW,MF",7.9,19,6,1,ENG-Premier League,2223,2.4050632911392404,0.7594936708860759,0.12658227848101264
Hugo Bueno,Wolves,DF,14.6,4,16,9,ENG-Premier League,2223,0.273972602739726,1.095890410958904,0.6164383561643836
Hwang Hee-chan,Wolves,"FW,MF",12.6,18,9,3,ENG-Premier League,2223,1.4285714285714286,0.7142857142857143,0.2380952380952381
Joe Hodge,Wolves,MF,1.9,2,2,0,ENG-Premier League,2223,1.0526315789473684,1.0526315789473684,0.0
Jonny Castro,Wolves,DF,14.0,9,16,13,ENG-Premier League,2223,0.6428571428571429,1.1428571428571428,0.9285714285714286
José Sá,Wolves,GK,36.0,0,0,0,ENG-Premier League,2223,0.0,0.0,0.0
João Gomes,Wolves,MF,7.3,4,14,3,ENG-Premier League,2223,0.547945205479452,1.9178082191780823,0.4109589041095891
João Moutinho,Wolves,MF,19.8,16,30,18,ENG-Premier League,2223,0.8080808080808081,1.5151515151515151,0.9090909090909091
Leander Dendoncker,Wolves,MF,2.4,3,2,9,ENG-Premier League,2223,1.25,0.8333333333333334,3.75
Mario Lemina,Wolves,MF,14.4,9,25,13,ENG-Premier League,2223,0.625,1.7361111111111112,0.9027777777777778
Matheus Cunha,Wolves,FW,10.7,26,3,8,ENG-Premier League,2223,2.429906542056075,0.28037383177570097,0.7476635514018692
Matheus Nunes,Wolves,MF,27.4,28,42,16,ENG-Premier League,2223,1.0218978102189782,1.5328467153284673,0.5839416058394161
Max Kilman,Wolves,DF,36.7,14,21,18,ENG-Premier League,2223,0.38147138964577654,0.5722070844686648,0.49046321525885556
Morgan Gibbs-White,Wolves,MF,2.0,3,1,1,ENG-Premier League,2223,1.5,0.5,0.5
Nathan Collins,Wolves,DF,20.2,3,14,21,ENG-Premier League,2223,0.1485148514851485,0.6930693069306931,1.0396039603960396
Nélson Semedo,Wolves,DF,29.2,9,42,26,ENG-Premier League,2223,0.3082191780821918,1.4383561643835616,0.8904109589041096
Pablo Sarabia,Wolves,"MF,FW",8.5,20,6,1,ENG-Premier League,2223,2.3529411764705883,0.7058823529411765,0.11764705882352941
Pedro Neto,Wolves,"MF,FW",10.7,17,5,4,ENG-Premier League,2223,1.5887850467289721,0.4672897196261683,0.3738317757009346
Rayan Aït-Nouri,Wolves,"DF,MF",12.0,10,19,11,ENG-Premier League,2223,0.8333333333333334,1.5833333333333333,0.9166666666666666
Raúl Jiménez,Wolves,FW,9.4,20,4,0,ENG-Premier League,2223,2.127659574468085,0.425531914893617,0.0
Rúben Neves,Wolves,MF,33.5,67,40,49,ENG-Premier League,2223,2.0,1.1940298507462686,1.462686567164179
Saša Kalajdžić,Wolves,FW,0.5,1,0,1,ENG-Premier League,2223,2.0,0.0,2.0
Toti Gomes,Wolves,DF,10.9,5,9,10,ENG-Premier League,2223,0.4587155963302752,0.8256880733944953,0.9174311926605504
Aaron Ramsdale,Arsenal,GK,6.0,0,0,0,ENG-Premier League,2324,0.0,0.0,0.0
Ben White,Arsenal,DF,33.2,13,28,30,ENG-Premier League,2324,0.39156626506024095,0.8433734939759036,0.9036144578313252
Bukayo Saka,Arsenal,FW,32.4,107,37,16,ENG-Premier League,2324,3.302469135802469,1.1419753086419753,0.4938271604938272
Cédric Soares,Arsenal,"DF,MF",0.7,0,0,0,ENG-Premier League,2324,0.0,0.0,0.0
David Raya,Arsenal,GK,32.0,0,1,0,ENG-Premier League,2324,0.0,0.03125,0.0
Declan Rice,Arsenal,MF,35.8,58,50,44,ENG-Premier League,2324,1.6201117318435756,1.3966480446927376,1.229050279329609
Eddie Nketiah,Arsenal,FW,12.0,38,7,4,ENG-Premier League,2324,3.1666666666666665,0.5833333333333334,0.3333333333333333
Emile Smith Rowe,Arsenal,MF,3.9,15,1,3,ENG-Premier League,2324,3.8461538461538463,0.25641025641025644,0.7692307692307693
Ethan Nwaneri,Arsenal,MF,0.2,0,0,0,ENG-Premier League,2324,0.0,0.0,0.0
Fabio Vieira,Arsenal,MF,3.3,7,2,2,ENG-Premier League,2324,2.121212121212121,0.6060606060606061,0.6060606060606061
Gabriel Jesus,Arsenal,FW,16.4,55,17,13,ENG-Premier League,2324,3.353658536585366,1.0365853658536586,0.7926829268292683
Gabriel Magalhães,Arsenal,DF,33.8,31,29,29,ENG-Premier League,2324,0.9171597633136096,0.8579881656804734,0.8579881656804734
Gabriel Martinelli,Arsenal,FW,22.4,58,23,4,ENG-Premier League,2324,2.5892857142857144,1.0267857142857144,0.17857142857142858
Jakub Kiwior,Arsenal,DF,10.5,6,13,7,ENG-Premier League,2324,0.5714285714285714,1.2380952380952381,0.6666666666666666
Jorginho,Arsenal,MF,10.2,4,10,11,ENG-Premier League,2324,0.3921568627450981,0.9803921568627452,1.0784313725490198
Jurriën Timber,Arsenal,DF,0.8,0,2,0,ENG-Premier League,2324,0.0,2.5,0.0
Kai Havertz,Arsenal,"MF,FW",29.3,69,17,18,ENG-Premier League,2324,2.354948805460751,0.5802047781569966,0.6143344709897611
Leandro Trossard,Arsenal,"FW,MF",18.3,60,14,8,ENG-Premier League,2324,3.278688524590164,0.7650273224043715,0.4371584699453552
Martin Ødegaard,Arsenal,MF,34.3,77,18,14,ENG-Premier League,2324,2.2448979591836737,0.5247813411078718,0.40816326530612246
Mohamed Elneny,Arsenal,MF,0.3,2,0,1,ENG-Premier League,2324,6.666666666666667,0.0,3.3333333333333335
Oleksandr Zinchenko,Arsenal,DF,19.1,17,30,19,ENG-Premier League,2324,0.8900523560209423,1.5706806282722512,0.9947643979057591
Reiss Nelson,Arsenal,FW,3.0,4,5,1,ENG-Premier League,2324,1.3333333333333333,1.6666666666666667,0.3333333333333333
Takehiro Tomiyasu,Arsenal,DF,12.8,17,8,18,ENG-Premier League,2324,1.328125,0.625,1.40625
Thomas Partey,Arsenal,"MF,DF",8.8,8,11,10,ENG-Premier League,2324,0.9090909090909091,1.25,1.1363636363636362
William Saliba,Arsenal,DF,38.0,10,26,29,ENG-Premier League,2324,0.2631578947368421,0.6842105263157895,0.7631578947368421
Bertrand Traoré,Aston Villa,"FW,MF",0.1,0,1,0,ENG-Premier League,2324,0.0,10.0,0.0
Boubacar Kamara,Aston Villa,MF,18.4,5,30,20,ENG-Premier League,2324,0.27173913043478265,1.6304347826086958,1.0869565217391306
Calum Chambers,Aston Villa,MF,1.7,0,0,2,ENG-Premier League,2324,0.0,0.0,1.1764705882352942
Cameron Archer,Aston Villa,"FW,MF",0.1,0,0,0,ENG-Premier League,2324,0.0,0.0,0.0
Clément Lenglet,Aston Villa,DF,12.8,7,9,8,ENG-Premier League,2324,0.546875,0.703125,0.625
Diego Carlos,Aston Villa,DF,20.2,10,16,12,ENG-Premier League,2324,0.49504950495049505,0.7920792079207921,0.594059405940594
Douglas Luiz,Aston Villa,MF,33.3,48,37,22,ENG-Premier League,2324,1.4414414414414416,1.1111111111111112,0.6606606606606608
Emiliano Martínez,Aston Villa,GK,33.5,0,0,0,ENG-Premier League,2324,0.0,0.0,0.0
Ezri Konsa,Aston Villa,DF,34.1,19,33,26,ENG-Premier League,2324,0.5571847507331378,0.9677419354838709,0.7624633431085044
Jacob Ramsey,Aston Villa,MF,9.5,19,8,3,ENG-Premier League,2324,2.0,0.8421052631578947,0.3157894736842105
John McGinn,Aston Villa,MF,33.3,40,34,20,ENG-Premier League,2324,1.2012012012012012,1.021021021021021,0.6006006006006006
Jáder Durán,Aston Villa,FW,5.3,20,5,1,ENG-Premier League,2324,3.7735849056603774,0.9433962264150944,0.18867924528301888
Kaine Kesler-Hayden,Aston Villa,"DF,MF",0.1,0,0,0,ENG-Premier League,2324,0.0,0.0,0.0
Leander Dendoncker,Aston Villa,MF,1.3,2,4,2,ENG-Premier League,2324,1.5384615384615383,3.0769230769230766,1.5384615384615383
Leon Bailey,Aston Villa,MF,23.0,53,8,9,ENG-Premier League,2324,2.3043478260869565,0.34782608695652173,0.391304347826087
Lucas Digne,Aston Villa,DF,26.8,20,21,25,ENG-Premier League,2324,0.7462686567164178,0.7835820895522387,0.9328358208955224
Matty Cash,Aston Villa,"DF,MF",23.8,33,30,18,ENG-Premier League,2324,1.3865546218487395,1.2605042016806722,0.7563025210084033
Morgan Rogers,Aston Villa,MF,7.1,11,1,3,ENG-Premier League,2324,1.5492957746478875,0.14084507042253522,0.4225352112676057
Moussa Diaby,Aston Villa,"MF,FW",24.2,54,5,9,ENG-Premier League,2324,2.231404958677686,0.2066115702479339,0.37190082644628103
Nicolò Zaniolo,Aston Villa,"MF,FW",9.3,27,9,1,ENG-Premier League,2324,2.9032258064516125,0.9677419354838709,0.1075268817204301
Ollie Watkins,Aston Villa,FW,35.7,106,7,4,ENG-Premier League,2324,2.9691876750700277,0.19607843137254902,0.11204481792717086
Omari Kellyman,Aston Villa,"FW,MF",0.4,1,0,0,ENG-Premier League,2324,2.5,0.0,0.0
Pau Torres,Aston Villa,DF,27.4,12,16,11,ENG-Premier League,2324,0.43795620437956206,0.5839416058394161,0.40145985401459855
Philippe Coutinho,Aston Villa,"FW,MF",0.3,3,0,0,ENG-Premier League,2324,10.0,0.0,0.0
Robin Olsen,Aston Villa,GK,4.5,0,0,0,ENG-Premier League,2324,0.0,0.0,0.0
Tim Iroegbunam,Aston Villa,MF,1.8,0,4,3,ENG-Premier League,2324,0.0,2.2222222222222223,1.6666666666666665
Tyrone Mings,Aston Villa,DF,0.3,1,0,1,ENG-Premier League,2324,3.3333333333333335,0.0,3.3333333333333335
Youri Tielemans,Aston Villa,"MF,FW",18.0,14,21,14,ENG-Premier League,2324,0.7777777777777778,1.1666666666666667,0.7777777777777778
Álex Moreno,Aston Villa,DF,11.5,8,12,11,ENG-Premier League,2324,0.6956521739130435,1.0434782608695652,0.9565217391304348
Adam Smith,Bournemouth,DF,23.9,2,23,21,ENG-Premier League,2324,0.08368200836820085,0.9623430962343097,0.8786610878661089
Alex Scott,Bournemouth,MF,11.3,15,16,11,ENG-Premier League,2324,1.327433628318584,1.415929203539823,0.9734513274336283
Antoine Semenyo,Bournemouth,MF,23.4,70,17,5,ENG-Premier League,2324,2.9914529914529915,0.7264957264957266,0.2136752136752137
Chris Mepham,Bournemouth,DF,6.9,1,11,5,ENG-Premier League,2324,0.14492753623188406,1.5942028985507246,0.7246376811594203
Dango Ouattara,Bournemouth,"DF,MF",13.7,30,26,21,ENG-Premier League,2324,2.18978102189781,1.8978102189781023,1.5328467153284673
David Brooks,Bournemouth,MF,3.1,13,4,2,ENG-Premier League,2324,4.193548387096774,1.2903225806451613,0.6451612903225806
Dominic Solanke,Bournemouth,FW,36.9,109,9,7,ENG-Premier League,2324,2.9539295392953933,0.24390243902439027,0.1897018970189702
Enes Ünal,Bournemouth,FW,3.6,23,4,1,ENG-Premier League,2324,6.388888888888888,1.1111111111111112,0.2777777777777778
Hamed Junior Traorè,Bournemouth,MF,0.5,3,0,0,ENG-Premier League,2324,6.0,0.0,0.0
Illia Zabarnyi,Bournemouth,DF,37.0,8,31,31,ENG-Premier League,2324,0.21621621621621623,0.8378378378378378,0.8378378378378378
Ionuț Radu,Bournemouth,GK,2.0,0,0,0,ENG-Premier League,2324,0.0,0.0,0.0
Jaidon Anthony,Bournemouth,MF,1.7,2,1,0,ENG-Premier League,2324,1.1764705882352942,0.5882352941176471,0.0
James Hill,Bournemouth,DF,0.8,0,2,3,ENG-Premier League,2324,0.0,2.5,3.75
Joe Rothwell,Bournemouth,MF,4.3,2,2,2,ENG-Premier League,2324,0.46511627906976744,0.46511627906976744,0.46511627906976744
Justin Kluivert,Bournemouth,MF,21.3,56,17,7,ENG-Premier League,2324,2.629107981220657,0.7981220657276995,0.32863849765258213
Kieffer Moore,Bournemouth,"DF,FW",1.2,6,0,0,ENG-Premier League,2324,5.0,0.0,0.0
Lewis Cook,Bournemouth,MF,31.0,12,42,67,ENG-Premier League,2324,0.3870967741935484,1.3548387096774193,2.161290322580645
Lloyd Kelly,Bournemouth,DF,17.3,4,20,13,ENG-Premier League,2324,0.23121387283236994,1.1560693641618496,0.7514450867052023
Luis Sinisterra,Bournemouth,MF,7.8,27,12,8,ENG-Premier League,2324,3.4615384615384617,1.5384615384615385,1.0256410256410258
Marcos Senesi,Bournemouth,DF,24.9,13,35,33,ENG-Premier League,2324,0.5220883534136547,1.4056224899598395,1.3253012048192772
Marcus Tavernier,Bournemouth,MF,23.5,53,33,4,ENG-Premier League,2324,2.25531914893617,1.4042553191489362,0.1702127659574468
Mark Travers,Bournemouth,GK,4.0,0,0,0,ENG-Premier League,2324,0.0,0.0,0.0
Max Aarons,Bournemouth,DF,13.7,2,19,8,ENG-Premier League,2324,0.14598540145985403,1.3868613138686132,0.5839416058394161
Milos Kerkez,Bournemouth,DF,21.9,16,25,16,ENG-Premier League,2324,0.7305936073059361,1.1415525114155252,0.7305936073059361
Neto,Bournemouth,GK,32.0,0,0,1,ENG-Premier League,2324,0.0,0.0,0.03125
Philip Billing,Bournemouth,MF,15.5,30,19,18,ENG-Premier League,2324,1.935483870967742,1.2258064516129032,1.1612903225806452
Romain Faivre,Bournemouth,MF,0.5,2,1,0,ENG-Premier League,2324,4.0,2.0,0.0
Ryan Christie,Bournemouth,MF,32.3,43,43,51,ENG-Premier League,2324,1.3312693498452013,1.3312693498452013,1.5789473684210529
Tyler Adams,Bournemouth,MF,1.3,0,3,4,ENG-Premier League,2324,0.0,2.3076923076923075,3.0769230769230766
Aaron Hickey,Brentford,"DF,MF",7.9,7,10,3,ENG-Premier League,2324,0.8860759493670886,1.2658227848101264,0.37974683544303794
Ben Mee,Brentford,DF,14.1,10,14,13,ENG-Premier League,2324,0.7092198581560284,0.9929078014184397,0.9219858156028369
Bryan Mbeumo,Brentford,FW,21.8,53,9,7,ENG-Premier League,2324,2.4311926605504586,0.4128440366972477,0.3211009174311926
Christian Nørgaard,Brentford,MF,27.8,35,50,53,ENG-Premier League,2324,1.2589928057553956,1.7985611510791366,1.9064748201438848
Ethan Pinnock,Brentford,DF,28.0,19,23,43,ENG-Premier League,2324,0.6785714285714286,0.8214285714285714,1.5357142857142858
Frank Onyeka,Brentford,MF,12.9,22,20,23,ENG-Premier League,2324,1.7054263565891472,1.5503875968992247,1.7829457364341086
Ivan Toney,Brentford,FW,16.1,51,4,10,ENG-Premier League,2324,3.167701863354037,0.24844720496894407,0.6211180124223602
Josh Dasilva,Brentford,MF,0.3,0,1,0,ENG-Premier League,2324,0.0,3.3333333333333335,0.0
Keane Lewis-Potter,Brentford,"FW,MF",16.0,43,7,7,ENG-Premier League,2324,2.6875,0.4375,0.4375
Kevin Schade,Brentford,FW,3.7,8,2,1,ENG-Premier League,2324,2.162162162162162,0.5405405405405405,0.27027027027027023
Kristoffer Ajer,Brentford,DF,20.4,12,23,21,ENG-Premier League,2324,0.5882352941176471,1.1274509803921569,1.0294117647058825
Mads Roerslev,Brentford,"MF,DF",22.1,7,31,20,ENG-Premier League,2324,0.3167420814479638,1.4027149321266967,0.9049773755656108
Mark Flekken,Brentford,GK,36.5,0,1,0,ENG-Premier League,2324,0.0,0.0273972602739726,0.0
Mathias Jensen,Brentford,MF,24.5,14,33,21,ENG-Premier League,2324,0.5714285714285714,1.346938775510204,0.8571428571428571
Mathias Jørgensen,Brentford,DF,12.1,8,12,11,ENG-Premier League,2324,0.6611570247933884,0.9917355371900827,0.9090909090909092
Michael Olakigbe,Brentford,MF,0.7,3,0,1,ENG-Premier League,2324,4.285714285714286,0.0,1.4285714285714286
Mikkel Damsgaard,Brentford,MF,9.4,9,18,12,ENG-Premier League,2324,0.9574468085106382,1.9148936170212765,1.276595744680851
Myles Peart-Harris,Brentford,MF,0.1,0,0,0,ENG-Premier League,2324,0.0,0.0,0.0
Nathan Collins,Brentford,DF,29.5,10,20,43,ENG-Premier League,2324,0.3389830508474576,0.6779661016949152,1.4576271186440677
Neal Maupay,Brentford,FW,14.7,37,7,2,ENG-Premier League,2324,2.5170068027210886,0.4761904761904762,0.1360544217687075
Rico Henry,Brentford,DF,4.5,2,5,5,ENG-Premier League,2324,0.4444444444444444,1.1111111111111112,1.1111111111111112
Saman Ghoddos,Brentford,"DF,MF",8.2,9,21,5,ENG-Premier League,2324,1.0975609756097562,2.5609756097560976,0.6097560975609757
Sergio Reguilón,Brentford,"MF,DF",12.4,13,22,15,ENG-Premier League,2324,1.0483870967741935,1.7741935483870968,1.2096774193548387
Shandon Baptiste,Brentford,MF,2.5,2,3,3,ENG-Premier League,2324,0.8,1.2,1.2
Thomas Strakosha,Brentford,GK,1.5,0,0,0,ENG-Premier League,2324,0.0,0.0,0.0
Vitaly Janelt,Brentford,"MF,DF",33.9,21,36,37,ENG-Premier League,2324,0.6194690265486726,1.0619469026548674,1.0914454277286136
Yehor Yarmoliuk,Brentford,MF,7.6,11,11,6,ENG-Premier League,2324,1.4473684210526316,1.4473684210526316,0.7894736842105263
Yoane Wissa,Brentford,FW,27.7,67,14,9,ENG-Premier League,2324,2.4187725631768955,0.5054151624548736,0.3249097472924188
Adam Lallana,Brighton,MF,9.4,11,3,3,ENG-Premier League,2324,1.1702127659574468,0.3191489361702127,0.3191489361702127
Adam Webster,Brighton,DF,12.7,8,12,16,ENG-Premier League,2324,0.6299212598425197,0.9448818897637796,1.2598425196850394
Ansu Fati,Brighton,"MF,FW",5.8,26,3,2,ENG-Premier League,2324,4.482758620689656,0.5172413793103449,0.3448275862068966
Bart Verbruggen,Brighton,GK,21.0,0,1,0,ENG-Premier League,2324,0.0,0.047619047619047616,0.0
Benicio Boaitey,Brighton,FW,0.4,1,0,0,ENG-Premier League,2324,2.5,0.0,0.0
Billy Gilmour,Brighton,MF,23.6,25,18,10,ENG-Premier League,2324,1.059322033898305,0.7627118644067796,0.423728813559322
Carlos Baleba,Brighton,MF,14.7,21,21,18,ENG-Premier League,2324,1.4285714285714286,1.4285714285714286,1.2244897959183674
Danny Welbeck,Brighton,"FW,MF",18.8,41,18,8,ENG-Premier League,2324,2.1808510638297873,0.9574468085106382,0.425531914893617
Evan Ferguson,Brighton,FW,15.2,33,7,2,ENG-Premier League,2324,2.1710526315789473,0.46052631578947373,0.13157894736842105
Facundo Buonanotte,Brighton,"MF,FW",15.2,21,22,7,ENG-Premier League,2324,1.381578947368421,1.4473684210526316,0.46052631578947373
Igor,Brighton,DF,18.2,5,18,14,ENG-Premier League,2324,0.27472527472527475,0.989010989010989,0.7692307692307693
Jack Hinshelwood,Brighton,"DF,MF",9.7,14,5,14,ENG-Premier League,2324,1.4432989690721651,0.5154639175257733,1.4432989690721651
Jakub Moder,Brighton,"MF,DF",6.9,11,10,1,ENG-Premier League,2324,1.5942028985507246,1.4492753623188406,0.14492753623188406
James Milner,Brighton,"DF,MF",8.6,5,14,8,ENG-Premier League,2324,0.5813953488372093,1.627906976744186,0.9302325581395349
Jan Paul van Hecke,Brighton,DF,26.3,15,25,30,ENG-Premier League,2324,0.5703422053231939,0.9505703422053232,1.1406844106463878
Jason Steele,Brighton,GK,17.0,0,0,0,ENG-Premier League,2324,0.0,0.0,0.0
João Pedro,Brighton,"MF,FW",22.7,75,15,10,ENG-Premier League,2324,3.303964757709251,0.6607929515418502,0.4405286343612335
Joël Veltman,Brighton,DF,17.6,6,41,18,ENG-Premier League,2324,0.3409090909090909,2.329545454545454,1.0227272727272727
Julio Enciso,Brighton,MF,5.3,28,2,0,ENG-Premier League,2324,5.283018867924529,0.37735849056603776,0.0
Kaoru Mitoma,Brighton,"MF,FW",16.5,34,5,5,ENG-Premier League,2324,2.0606060606060606,0.30303030303030304,0.30303030303030304
Lewis Dunk,Brighton,DF,31.9,33,16,31,ENG-Premier League,2324,1.0344827586206897,0.5015673981191223,0.9717868338557994
Mahmoud Dahoud,Brighton,MF,5.0,6,4,1,ENG-Premier League,2324,1.2,0.8,0.2
Mark O'Mahony,Brighton,FW,0.7,1,0,0,ENG-Premier League,2324,1.4285714285714286,0.0,0.0
Odeluga Offiah,Brighton,DF,1.4,0,0,1,ENG-Premier League,2324,0.0,0.0,0.7142857142857143
Pascal Groß,Brighton,"MF,DF",34.6,55,46,21,ENG-Premier League,2324,1.5895953757225434,1.329479768786127,0.6069364161849711
Pervis Estupiñán,Brighton,"DF,MF",13.8,11,13,20,ENG-Premier League,2324,0.7971014492753623,0.9420289855072463,1.4492753623188406
Simon Adingra,Brighton,MF,24.7,52,20,21,ENG-Premier League,2324,2.1052631578947367,0.8097165991902834,0.8502024291497976
Solly March,Brighton,"MF,DF",6.2,14,13,11,ENG-Premier League,2324,2.258064516129032,2.096774193548387,1.7741935483870968
Tariq Lamptey,Brighton,"DF,MF",10.2,6,14,5,ENG-Premier League,2324,0.5882352941176471,1.3725490196078431,0.4901960784313726
Valentín Barco,Brighton,DF,3.4,4,5,4,ENG-Premier League,2324,1.1764705882352942,1.4705882352941178,1.1764705882352942
Aaron Ramsey,Burnley,MF,5.9,6,14,1,ENG-Premier League,2324,1.0169491525423728,2.3728813559322033,0.1694915254237288
Ameen Al-Dakhil,Burnley,DF,11.7,8,5,11,ENG-Premier League,2324,0.6837606837606838,0.4273504273504274,0.9401709401709403
Anass Zaroury,Burnley,FW,1.7,3,0,0,ENG-Premier League,2324,1.7647058823529411,0.0,0.0
Arijanet Muric,Burnley,GK,10.0,0,1,0,ENG-Premier League,2324,0.0,0.1,0.0
Benson Manuel,Burnley,MF,1.3,4,2,0,ENG-Premier League,2324,3.0769230769230766,1.5384615384615383,0.0
Charlie Taylor,Burnley,DF,25.9,10,20,21,ENG-Premier League,2324,0.3861003861003861,0.7722007722007722,0.8108108108108109
Connor Roberts,Burnley,DF,9.1,0,5,4,ENG-Premier League,2324,0.0,0.5494505494505495,0.43956043956043955
Dara O'Shea,Burnley,DF,32.1,19,18,33,ENG-Premier League,2324,0.5919003115264797,0.5607476635514018,1.02803738317757
David Datro Fofana,Burnley,FW,9.8,19,5,1,ENG-Premier League,2324,1.9387755102040816,0.5102040816326531,0.1020408163265306
Han-Noah Massengo,Burnley,MF,0.2,0,1,0,ENG-Premier League,2324,0.0,5.0,0.0
Hannes Delcroix,Burnley,DF,6.5,4,6,12,ENG-Premier League,2324,0.6153846153846154,0.9230769230769231,1.8461538461538463
Hjalmar Ekdal,Burnley,DF,4.9,2,2,6,ENG-Premier League,2324,0.4081632653061224,0.4081632653061224,1.2244897959183672
Jack Cork,Burnley,"DF,MF",0.3,0,0,1,ENG-Premier League,2324,0.0,0.0,3.3333333333333335
Jacob Bruun Larsen,Burnley,MF,13.9,44,4,8,ENG-Premier League,2324,3.1654676258992804,0.28776978417266186,0.5755395683453237
James Trafford,Burnley,GK,28.0,0,1,1,ENG-Premier League,2324,0.0,0.03571428571428571,0.03571428571428571
Jay Rodriguez,Burnley,FW,9.1,22,9,1,ENG-Premier League,2324,2.417582417582418,0.989010989010989,0.10989010989010989
Jordan Beyer,Burnley,DF,13.7,5,19,17,ENG-Premier League,2324,0.36496350364963503,1.3868613138686132,1.2408759124087592
Josh Brownhill,Burnley,MF,25.0,28,35,33,ENG-Premier League,2324,1.12,1.4,1.32
Josh Cullen,Burnley,MF,22.9,16,26,14,ENG-Premier League,2324,0.6986899563318778,1.1353711790393013,0.6113537117903931
Jóhann Berg Guðmundsson,Burnley,MF,13.2,15,4,15,ENG-Premier League,2324,1.1363636363636365,0.30303030303030304,1.1363636363636365
Lorenz Assignon,Burnley,DF,13.7,9,17,17,ENG-Premier League,2324,0.6569343065693432,1.2408759124087592,1.2408759124087592
Luca Koleosho,Burnley,"MF,FW",10.8,23,5,2,ENG-Premier League,2324,2.1296296296296293,0.4629629629629629,0.18518518518518517
Lyle Foster,Burnley,"FW,MF",21.1,34,10,1,ENG-Premier League,2324,1.6113744075829384,0.4739336492890995,0.04739336492890995
Maxime Estève,Burnley,DF,14.5,7,11,28,ENG-Premier League,2324,0.4827586206896552,0.7586206896551724,1.9310344827586208
Michael Obafemi,Burnley,FW,0.2,2,0,0,ENG-Premier League,2324,10.0,0.0,0.0
Mike Trésor,Burnley,"MF,FW",4.7,5,6,1,ENG-Premier League,2324,1.0638297872340425,1.276595744680851,0.2127659574468085
Nathan Redmond,Burnley,"FW,MF",1.6,0,1,0,ENG-Premier League,2324,0.0,0.625,0.0
Sander Berge,Burnley,MF,33.4,25,47,24,ENG-Premier League,2324,0.7485029940119761,1.407185628742515,0.718562874251497
Vitinho,Burnley,"DF,MF",25.7,25,34,9,ENG-Premier League,2324,0.9727626459143969,1.3229571984435797,0.3501945525291829
Wilson Odobert,Burnley,"MF,FW",23.3,49,13,6,ENG-Premier League,2324,2.1030042918454934,0.5579399141630901,0.2575107296137339
Zeki Amdouni,Burnley,FW,21.7,49,19,10,ENG-Premier League,2324,2.2580645161290325,0.8755760368663594,0.4608294930875576
Alfie Gilchrist,Chelsea,DF,2.3,5,0,3,ENG-Premier League,2324,2.173913043478261,0.0,1.3043478260869565
Armando Broja,Chelsea,FW,5.0,13,0,0,ENG-Premier League,2324,2.6,0.0,0.0
Axel Disasi,Chelsea,DF,28.7,16,19,17,ENG-Premier League,2324,0.5574912891986062,0.662020905923345,0.5923344947735192
Ben Chilwell,Chelsea,"MF,DF",8.4,12,10,4,ENG-Premier League,2324,1.4285714285714286,1.1904761904761905,0.47619047619047616
Benoît Badiashile,Chelsea,DF,14.9,6,15,18,ENG-Premier League,2324,0.40268456375838924,1.006711409395973,1.2080536912751678
Carney Chukwuemeka,Chelsea,MF,2.5,3,4,0,ENG-Premier League,2324,1.2,1.6,0.0
Cesare Casadei,Chelsea,MF,0.9,0,3,0,ENG-Premier League,2324,0.0,3.333333333333333,0.0
Christopher Nkunku,Chelsea,"MF,FW",4.9,16,4,2,ENG-Premier League,2324,3.265306122448979,0.8163265306122448,0.4081632653061224
Cole Palmer,Chelsea,"MF,FW",29.0,108,12,19,ENG-Premier League,2324,3.7241379310344827,0.41379310344827586,0.6551724137931034
Conor Gallagher,Chelsea,MF,34.8,48,49,40,ENG-Premier League,2324,1.3793103448275863,1.4080459770114944,1.149425287356322
Deivid Washington,Chelsea,FW,0.1,1,1,0,ENG-Premier League,2324,10.0,10.0,0.0
Enzo Fernández,Chelsea,MF,24.5,47,24,17,ENG-Premier League,2324,1.9183673469387754,0.9795918367346939,0.6938775510204082
Ian Maatsen,Chelsea,MF,2.3,5,2,3,ENG-Premier League,2324,2.173913043478261,0.8695652173913044,1.3043478260869565
Joshua Acheampong,Chelsea,DF,0.1,0,0,0,ENG-Premier League,2324,0.0,0.0,0.0
Lesley Ugochukwu,Chelsea,MF,3.3,0,10,1,ENG-Premier League,2324,0.0,3.0303030303030303,0.30303030303030304
Levi Colwill,Chelsea,DF,20.0,11,33,25,ENG-Premier League,2324,0.55,1.65,1.25
Malo Gusto,Chelsea,"DF,MF",19.5,15,29,17,ENG-Premier League,2324,0.7692307692307693,1.4871794871794872,0.8717948717948718
Marc Cucurella,Chelsea,DF,19.8,8,39,21,ENG-Premier League,2324,0.40404040404040403,1.9696969696969697,1.0606060606060606
Mason Burstow,Chelsea,FW,0.1,0,0,0,ENG-Premier League,2324,0.0,0.0,0.0
Moisés Caicedo,Chelsea,MF,31.8,13,46,34,ENG-Premier League,2324,0.40880503144654085,1.4465408805031446,1.069182389937107
Mykhailo Mudryk,Chelsea,MF,17.5,35,13,9,ENG-Premier League,2324,2.0,0.7428571428571429,0.5142857142857142
Nicolas Jackson,Chelsea,FW,31.1,80,14,4,ENG-Premier League,2324,2.572347266881029,0.45016077170418006,0.12861736334405144
Noni Madueke,Chelsea,MF,11.7,32,11,4,ENG-Premier League,2324,2.735042735042735,0.9401709401709403,0.3418803418803419
Raheem Sterling,Chelsea,MF,22.0,51,9,10,ENG-Premier League,2324,2.3181818181818183,0.4090909090909091,0.45454545454545453
Reece James,Chelsea,"DF,MF",4.7,7,9,3,ENG-Premier League,2324,1.4893617021276595,1.9148936170212765,0.6382978723404255
Robert Sánchez,Chelsea,GK,15.9,0,0,0,ENG-Premier League,2324,0.0,0.0,0.0
Roméo Lavia,Chelsea,MF,0.4,0,0,0,ENG-Premier League,2324,0.0,0.0,0.0
Thiago Silva,Chelsea,DF,28.1,14,15,25,ENG-Premier League,2324,0.49822064056939497,0.5338078291814946,0.889679715302491
Trevoh Chalobah,Chelsea,DF,10.6,2,12,8,ENG-Premier League,2324,0.18867924528301888,1.1320754716981132,0.7547169811320755
Đorđe Petrović,Chelsea,GK,22.1,0,0,0,ENG-Premier League,2324,0.0,0.0,0.0
Adam Wharton,Crystal Palace,MF,14.4,10,31,18,ENG-Premier League,2324,0.6944444444444444,2.1527777777777777,1.25
Cheick Doucouré,Crystal Palace,MF,10.2,6,16,19,ENG-Premier League,2324,0.5882352941176471,1.5686274509803924,1.8627450980392157
Chris Richards,Crystal Palace,"DF,MF",23.3,11,27,24,ENG-Premier League,2324,0.4721030042918455,1.1587982832618025,1.0300429184549356
Daniel Muñoz,Crystal Palace,"MF,DF",16.0,8,36,23,ENG-Premier League,2324,0.5,2.25,1.4375
David Ozoh,Crystal Palace,MF,1.7,0,6,0,ENG-Premier League,2324,0.0,3.5294117647058822,0.0
Dean Henderson,Crystal Palace,GK,18.0,0,1,0,ENG-Premier League,2324,0.0,0.05555555555555555,0.0
Eberechi Eze,Crystal Palace,"MF,FW",22.8,83,17,11,ENG-Premier League,2324,3.6403508771929824,0.7456140350877193,0.4824561403508772
James Tomkins,Crystal Palace,"DF,MF",0.1,0,0,0,ENG-Premier League,2324,0.0,0.0,0.0
Jaïro Riedewald,Crystal Palace,MF,2.6,1,3,2,ENG-Premier League,2324,0.3846153846153846,1.1538461538461537,0.7692307692307692
Jean-Philippe Mateta,Crystal Palace,FW,25.4,46,16,4,ENG-Premier League,2324,1.8110236220472442,0.6299212598425197,0.15748031496062992
Jefferson Lerma,Crystal Palace,"MF,DF",26.7,34,25,36,ENG-Premier League,2324,1.2734082397003745,0.9363295880149813,1.348314606741573
Jeffrey Schlupp,Crystal Palace,"MF,FW",15.0,19,21,7,ENG-Premier League,2324,1.2666666666666666,1.4,0.4666666666666667
Jesurun Rak Sakyi,Crystal Palace,"FW,MF",1.5,5,1,3,ENG-Premier League,2324,3.3333333333333335,0.6666666666666666,2.0
Joachim Andersen,Crystal Palace,DF,37.9,21,36,42,ENG-Premier League,2324,0.554089709762533,0.949868073878628,1.108179419525066
Joel Ward,Crystal Palace,DF,22.0,10,28,13,ENG-Premier League,2324,0.45454545454545453,1.2727272727272727,0.5909090909090909
Jordan Ayew,Crystal Palace,"MF,FW",28.3,48,37,17,ENG-Premier League,2324,1.696113074204947,1.3074204946996466,0.6007067137809187
Marc Guéhi,Crystal Palace,DF,22.5,5,16,15,ENG-Premier League,2324,0.2222222222222222,0.7111111111111111,0.6666666666666666
Matheus França,Crystal Palace,MF,2.6,8,3,1,ENG-Premier League,2324,3.0769230769230766,1.1538461538461537,0.3846153846153846
Michael Olise,Crystal Palace,"MF,FW",14.2,57,10,9,ENG-Premier League,2324,4.014084507042254,0.7042253521126761,0.6338028169014085
Naouirou Ahamada,Crystal Palace,MF,3.9,9,9,2,ENG-Premier League,2324,2.307692307692308,2.307692307692308,0.5128205128205129
Nathaniel Clyne,Crystal Palace,DF,14.9,4,15,9,ENG-Premier League,2324,0.2684563758389262,1.006711409395973,0.6040268456375839
Odsonne Édouard,Crystal Palace,"FW,MF",17.3,51,12,5,ENG-Premier League,2324,2.9479768786127165,0.6936416184971098,0.2890173410404624
Sam Johnstone,Crystal Palace,GK,20.0,0,0,1,ENG-Premier League,2324,0.0,0.0,0.05
Tyrick Mitchell,Crystal Palace,"DF,MF",35.6,12,59,24,ENG-Premier League,2324,0.33707865168539325,1.6573033707865168,0.6741573033707865
Will Hughes,Crystal Palace,MF,21.0,8,33,18,ENG-Premier League,2324,0.38095238095238093,1.5714285714285714,0.8571428571428571
Abdoulaye Doucouré,Everton,MF,29.2,47,28,16,ENG-Premier League,2324,1.6095890410958904,0.9589041095890412,0.547945205479452
Alex Iwobi,Everton,MF,1.6,4,0,1,ENG-Premier League,2324,2.5,0.0,0.625
Amadou Onana,Everton,MF,23.2,29,39,19,ENG-Premier League,2324,1.25,1.6810344827586208,0.8189655172413793
André Gomes,Everton,MF,5.6,8,4,3,ENG-Premier League,2324,1.4285714285714286,0.7142857142857143,0.5357142857142857
Arnaut Danjuma,Everton,"MF,FW",6.6,25,4,3,ENG-Premier League,2324,3.787878787878788,0.6060606060606061,0.4545454545454546
Ashley Young,Everton,"DF,MF",25.3,13,36,22,ENG-Premier League,2324,0.5138339920948617,1.4229249011857708,0.8695652173913043
Ben Godfrey,Everton,DF,12.4,15,21,16,ENG-Premier League,2324,1.2096774193548387,1.6935483870967742,1.2903225806451613
Beto,Everton,FW,10.6,43,6,1,ENG-Premier League,2324,4.056603773584905,0.5660377358490566,0.09433962264150944
Dominic Calvert-Lewin,Everton,FW,24.1,73,6,4,ENG-Premier League,2324,3.029045643153527,0.24896265560165973,0.16597510373443983
Dwight McNeil,Everton,MF,32.1,57,27,20,ENG-Premier League,2324,1.7757009345794392,0.8411214953271028,0.6230529595015576
Idrissa Gueye,Everton,MF,20.9,26,41,28,ENG-Premier League,2324,1.244019138755981,1.9617224880382778,1.3397129186602872
Jack Harrison,Everton,MF,24.6,34,22,11,ENG-Premier League,2324,1.3821138211382114,0.8943089430894309,0.44715447154471544
James Garner,Everton,MF,33.4,41,42,46,ENG-Premier League,2324,1.2275449101796407,1.25748502994012,1.377245508982036
James Tarkowski,Everton,DF,38.0,25,42,55,ENG-Premier League,2324,0.6578947368421053,1.105263157894737,1.4473684210526316
Jarrad Branthwaite,Everton,DF,34.6,14,33,48,ENG-Premier League,2324,0.40462427745664736,0.9537572254335259,1.3872832369942196
Jordan Pickford,Everton,GK,38.0,0,0,0,ENG-Premier League,2324,0.0,0.0,0.0
Lewis Dobbin,Everton,MF,2.6,5,7,1,ENG-Premier League,2324,1.923076923076923,2.692307692307692,0.3846153846153846
Michael Keane,Everton,DF,4.9,6,3,5,ENG-Premier League,2324,1.2244897959183672,0.6122448979591836,1.0204081632653061
Nathan Patterson,Everton,DF,11.2,4,25,11,ENG-Premier League,2324,0.35714285714285715,2.232142857142857,0.9821428571428572
Neal Maupay,Everton,FW,1.2,5,0,0,ENG-Premier League,2324,4.166666666666667,0.0,0.0
Séamus Coleman,Everton,DF,7.4,0,14,7,ENG-Premier League,2324,0.0,1.8918918918918919,0.9459459459459459
Vitaliy Mykolenko,Everton,DF,27.4,26,37,34,ENG-Premier League,2324,0.9489051094890512,1.3503649635036497,1.2408759124087592
Youssef Chermiti,Everton,FW,2.3,7,2,1,ENG-Premier League,2324,3.0434782608695654,0.8695652173913044,0.4347826086956522
Adama Traoré,Fulham,MF,4.2,11,3,1,ENG-Premier League,2324,2.619047619047619,0.7142857142857143,0.23809523809523808
Aleksandar Mitrović,Fulham,FW,0.4,2,0,0,ENG-Premier League,2324,5.0,0.0,0.0
Alex Iwobi,Fulham,MF,24.4,51,16,15,ENG-Premier League,2324,2.0901639344262297,0.6557377049180328,0.6147540983606558
Andreas Pereira,Fulham,MF,29.0,52,13,4,ENG-Premier League,2324,1.793103448275862,0.4482758620689655,0.13793103448275862
Antonee Robinson,Fulham,DF,36.3,16,56,81,ENG-Premier League,2324,0.44077134986225897,1.5426997245179064,2.231404958677686
Armando Broja,Fulham,FW,1.0,0,0,0,ENG-Premier League,2324,0.0,0.0,0.0
Bernd Leno,Fulham,GK,38.0,0,0,0,ENG-Premier League,2324,0.0,0.0,0.0
Bobby De Cordova-Reid,Fulham,"MF,FW",15.8,33,14,5,ENG-Premier League,2324,2.088607594936709,0.8860759493670886,0.3164556962025316
Calvin Bassey,Fulham,DF,25.6,5,29,27,ENG-Premier League,2324,0.1953125,1.1328125,1.0546875
Carlos Vinícius,Fulham,FW,3.5,9,2,0,ENG-Premier League,2324,2.5714285714285716,0.5714285714285714,0.0
Fodé Ballo-Touré,Fulham,"DF,MF",0.8,0,2,3,ENG-Premier League,2324,0.0,2.5,3.75
Harrison Reed,Fulham,MF,14.7,9,17,9,ENG-Premier League,2324,0.6122448979591837,1.1564625850340136,0.6122448979591837
Harry Wilson,Fulham,"MF,FW",18.0,40,13,9,ENG-Premier League,2324,2.2222222222222223,0.7222222222222222,0.5
Issa Diop,Fulham,DF,15.8,5,14,17,ENG-Premier League,2324,0.3164556962025316,0.8860759493670886,1.0759493670886076
João Palhinha,Fulham,MF,30.0,44,77,48,ENG-Premier League,2324,1.4666666666666666,2.566666666666667,1.6
Kenny Tete,Fulham,DF,9.6,4,19,16,ENG-Premier League,2324,0.4166666666666667,1.9791666666666667,1.6666666666666667
Luke Harris,Fulham,MF,0.8,1,1,0,ENG-Premier League,2324,1.25,1.25,0.0
Raúl Jiménez,Fulham,FW,15.5,41,12,4,ENG-Premier League,2324,2.6451612903225805,0.7741935483870968,0.25806451612903225
Rodrigo Muniz,Fulham,FW,17.7,73,4,6,ENG-Premier League,2324,4.124293785310734,0.22598870056497175,0.33898305084745767
Saša Lukić,Fulham,MF,12.5,13,21,14,ENG-Premier League,2324,1.04,1.68,1.12
Tim Ream,Fulham,DF,16.7,1,9,26,ENG-Premier League,2324,0.059880239520958084,0.5389221556886228,1.5568862275449102
Timothy Castagne,Fulham,DF,29.3,14,25,37,ENG-Premier League,2324,0.4778156996587031,0.8532423208191126,1.2627986348122866
Tom Cairney,Fulham,MF,16.5,17,17,12,ENG-Premier League,2324,1.0303030303030303,1.0303030303030303,0.7272727272727273
Tosin Adarabioyo,Fulham,DF,18.0,14,12,24,ENG-Premier League,2324,0.7777777777777778,0.6666666666666666,1.3333333333333333
Willian,Fulham,"MF,FW",22.8,45,11,9,ENG-Premier League,2324,1.9736842105263157,0.4824561403508772,0.39473684210526316
Alexis Mac Allister,Liverpool,MF,28.9,44,52,32,ENG-Premier League,2324,1.5224913494809689,1.7993079584775087,1.1072664359861593
Alisson,Liverpool,GK,28.0,0,0,0,ENG-Premier League,2324,0.0,0.0,0.0
Andy Robertson,Liverpool,DF,18.8,12,25,13,ENG-Premier League,2324,0.6382978723404255,1.3297872340425532,0.6914893617021276
Ben Gannon-Doak,Liverpool,MF,0.2,0,0,0,ENG-Premier League,2324,0.0,0.0,0.0
Bobby Clark,Liverpool,MF,1.0,2,1,1,ENG-Premier League,2324,2.0,1.0,1.0
Caoimhín Kelleher,Liverpool,GK,10.0,0,0,0,ENG-Premier League,2324,0.0,0.0,0.0
Cody Gakpo,Liverpool,"FW,MF",18.3,66,18,11,ENG-Premier League,2324,3.6065573770491803,0.9836065573770492,0.6010928961748634
Conor Bradley,Liverpool,DF,8.4,12,25,10,ENG-Premier League,2324,1.4285714285714286,2.9761904761904763,1.1904761904761905
Curtis Jones,Liverpool,MF,13.0,19,14,7,ENG-Premier League,2324,1.4615384615384615,1.0769230769230769,0.5384615384615384
Darwin Núñez,Liverpool,FW,22.7,108,13,2,ENG-Premier League,2324,4.757709251101322,0.5726872246696035,0.0881057268722467
Diogo Jota,Liverpool,FW,12.7,41,13,7,ENG-Premier League,2324,3.2283464566929134,1.0236220472440944,0.5511811023622047
Dominik Szoboszlai,Liverpool,MF,23.4,60,18,14,ENG-Premier League,2324,2.5641025641025643,0.7692307692307693,0.5982905982905983
Harvey Elliott,Liverpool,"MF,FW",15.0,49,17,5,ENG-Premier League,2324,3.2666666666666666,1.1333333333333333,0.3333333333333333
Ibrahima Konaté,Liverpool,DF,17.5,11,23,19,ENG-Premier League,2324,0.6285714285714286,1.3142857142857143,1.0857142857142856
Jarell Quansah,Liverpool,DF,13.2,6,22,16,ENG-Premier League,2324,0.4545454545454546,1.6666666666666667,1.2121212121212122
Jayden Danns,Liverpool,FW,0.1,0,0,0,ENG-Premier League,2324,0.0,0.0,0.0
Joe Gomez,Liverpool,DF,19.8,19,30,19,ENG-Premier League,2324,0.9595959595959596,1.5151515151515151,0.9595959595959596
Joël Matip,Liverpool,DF,8.7,5,7,9,ENG-Premier League,2324,0.574712643678161,0.8045977011494253,1.0344827586206897
Kostas Tsimikas,Liverpool,DF,7.5,3,12,4,ENG-Premier League,2324,0.4,1.6,0.5333333333333333
Luis Díaz,Liverpool,FW,29.2,94,26,3,ENG-Premier League,2324,3.219178082191781,0.8904109589041096,0.10273972602739727
Mohamed Salah,Liverpool,FW,28.2,114,11,2,ENG-Premier League,2324,4.042553191489362,0.3900709219858156,0.07092198581560284
Owen Beck,Liverpool,"DF,MF",0.1,0,1,0,ENG-Premier League,2324,0.0,10.0,0.0
Ryan Gravenberch,Liverpool,MF,12.5,23,12,15,ENG-Premier League,2324,1.84,0.96,1.2
Stefan Bajcetic,Liverpool,MF,0.3,0,1,0,ENG-Premier League,2324,0.0,3.3333333333333335,0.0
Thiago Alcántara,Liverpool,MF,0.1,0,0,0,ENG-Premier League,2324,0.0,0.0,0.0
Trent Alexander-Arnold,Liverpool,DF,23.9,47,27,29,ENG-Premier League,2324,1.9665271966527198,1.1297071129707115,1.2133891213389123
Virgil van Dijk,Liverpool,DF,35.3,45,23,35,ENG-Premier League,2324,1.274787535410765,0.651558073654391,0.991501416430595
Wataru Endo,Liverpool,MF,19.1,10,28,19,ENG-Premier League,2324,0.5235602094240838,1.4659685863874345,0.9947643979057591
Albert Sambi Lokonga,Luton Town,MF,14.5,8,18,11,ENG-Premier League,2324,0.5517241379310345,1.2413793103448276,0.7586206896551724
Alfie Doughty,Luton Town,"MF,DF",32.5,26,37,30,ENG-Premier League,2324,0.8,1.1384615384615384,0.9230769230769231
Amari'i Bell,Luton Town,DF,19.1,2,31,26,ENG-Premier League,2324,0.10471204188481674,1.6230366492146595,1.3612565445026177
Andros Townsend,Luton Town,"MF,FW",13.4,20,13,4,ENG-Premier League,2324,1.4925373134328357,0.9701492537313433,0.29850746268656714
Carlton Morris,Luton Town,"FW,MF",31.8,73,9,1,ENG-Premier League,2324,2.2955974842767297,0.2830188679245283,0.031446540880503145
Cauley Woodrow,Luton Town,FW,4.7,16,10,1,ENG-Premier League,2324,3.404255319148936,2.127659574468085,0.2127659574468085
Chiedozie Ogbene,Luton Town,MF,22.2,35,9,7,ENG-Premier League,2324,1.5765765765765767,0.40540540540540543,0.3153153153153153
Daiki Hashioka,Luton Town,"DF,MF",6.6,2,6,8,ENG-Premier League,2324,0.30303030303030304,0.9090909090909092,1.2121212121212122
Elijah Adebayo,Luton Town,FW,15.8,30,1,4,ENG-Premier League,2324,1.8987341772151898,0.06329113924050632,0.2531645569620253
Fred Onyedinma,Luton Town,MF,4.5,5,5,1,ENG-Premier League,2324,1.1111111111111112,1.1111111111111112,0.2222222222222222
Gabriel Osho,Luton Town,DF,20.5,10,23,28,ENG-Premier League,2324,0.4878048780487805,1.1219512195121952,1.3658536585365855
Issa Kaboré,Luton Town,"MF,DF",19.2,6,28,15,ENG-Premier League,2324,0.3125,1.4583333333333335,0.78125
Jacob Brown,Luton Town,"MF,FW",11.3,25,12,9,ENG-Premier League,2324,2.2123893805309733,1.0619469026548671,0.7964601769911503
James Shea,Luton Town,GK,0.2,0,0,0,ENG-Premier League,2324,0.0,0.0,0.0
Jordan Clark,Luton Town,MF,14.5,17,16,10,ENG-Premier League,2324,1.1724137931034482,1.103448275862069,0.6896551724137931
Joseph Johnson,Luton Town,DF,0.9,0,0,0,ENG-Premier League,2324,0.0,0.0,0.0
Luke Berry,Luton Town,MF,3.6,8,2,0,ENG-Premier League,2324,2.2222222222222223,0.5555555555555556,0.0
Mads Juel Andersen,Luton Town,DF,4.4,3,5,8,ENG-Premier League,2324,0.6818181818181818,1.1363636363636362,1.8181818181818181
Marvelous Nakamba,Luton Town,MF,12.6,5,26,10,ENG-Premier League,2324,0.39682539682539686,2.0634920634920637,0.7936507936507937
Pelly Ruddock Mpanzu,Luton Town,MF,12.2,11,5,9,ENG-Premier League,2324,0.9016393442622951,0.4098360655737705,0.7377049180327869
Reece Burke,Luton Town,DF,18.4,13,24,21,ENG-Premier League,2324,0.7065217391304348,1.3043478260869565,1.1413043478260871
Ross Barkley,Luton Town,MF,29.1,66,20,25,ENG-Premier League,2324,2.268041237113402,0.6872852233676976,0.8591065292096219
Ryan Giles,Luton Town,"MF,DF",5.6,2,6,4,ENG-Premier League,2324,0.35714285714285715,1.0714285714285714,0.7142857142857143
Tahith Chong,Luton Town,"MF,FW",22.0,30,20,7,ENG-Premier League,2324,1.3636363636363635,0.9090909090909091,0.3181818181818182
Teden Mengi,Luton Town,DF,27.4,11,22,54,ENG-Premier League,2324,0.40145985401459855,0.8029197080291971,1.9708029197080292
Thomas Kaminski,Luton Town,GK,37.8,0,1,0,ENG-Premier League,2324,0.0,0.026455026455026457,0.0
Tom Lockyer,Luton Town,DF,13.0,7,16,23,ENG-Premier League,2324,0.5384615384615384,1.2307692307692308,1.7692307692307692
Zack Nelson,Luton Town,MF,0.1,0,0,0,ENG-Premier League,2324,0.0,0.0,0.0
Aymeric Laporte,Manchester City,DF,0.1,1,0,0,ENG-Premier League,2324,10.0,0.0,0.0
Bernardo Silva,Manchester City,MF,28.6,34,24,14,ENG-Premier League,2324,1.1888111888111887,0.8391608391608392,0.4895104895104895
Cole Palmer,Manchester City,"FW,MF",0.1,0,0,0,ENG-Premier League,2324,0.0,0.0,0.0
Ederson Moraes,Manchester City,GK,30.9,0,0,0,ENG-Premier League,2324,0.0,0.0,0.0
Erling Haaland,Manchester City,"FW,MF",28.4,121,3,2,ENG-Premier League,2324,4.26056338028169,0.10563380281690142,0.07042253521126761
Jack Grealish,Manchester City,"MF,FW",11.2,22,8,6,ENG-Premier League,2324,1.9642857142857144,0.7142857142857143,0.5357142857142857
Jeremy Doku,Manchester City,"MF,FW",17.7,56,22,9,ENG-Premier League,2324,3.1638418079096047,1.2429378531073447,0.5084745762711864
John Stones,Manchester City,DF,11.8,4,1,10,ENG-Premier League,2324,0.3389830508474576,0.0847457627118644,0.847457627118644
Joško Gvardiol,Manchester City,DF,25.9,32,33,27,ENG-Premier League,2324,1.2355212355212355,1.2741312741312742,1.0424710424710426
Julián Álvarez,Manchester City,"MF,FW",29.4,98,13,2,ENG-Premier League,2324,3.3333333333333335,0.44217687074829937,0.06802721088435375
Kalvin Phillips,Manchester City,"DF,MF",1.0,2,3,2,ENG-Premier League,2324,2.0,3.0,2.0
Kevin De Bruyne,Manchester City,MF,13.6,44,9,3,ENG-Premier League,2324,3.235294117647059,0.6617647058823529,0.22058823529411764
Kyle Walker,Manchester City,"DF,MF",30.7,16,24,24,ENG-Premier League,2324,0.5211726384364821,0.7817589576547231,0.7817589576547231
Manuel Akanji,Manchester City,"DF,MF",27.9,15,28,22,ENG-Premier League,2324,0.5376344086021506,1.0035842293906811,0.7885304659498208
Mateo Kovačić,Manchester City,MF,17.2,22,26,10,ENG-Premier League,2324,1.2790697674418605,1.5116279069767442,0.5813953488372093
Matheus Nunes,Manchester City,"MF,FW",7.3,9,6,1,ENG-Premier League,2324,1.2328767123287672,0.8219178082191781,0.136986301369863
Nathan Aké,Manchester City,DF,22.7,20,16,15,ENG-Premier League,2324,0.881057268722467,0.7048458149779736,0.6607929515418502
Oscar Bobb,Manchester City,MF,3.4,4,3,5,ENG-Premier League,2324,1.1764705882352942,0.8823529411764706,1.4705882352941178
Phil Foden,Manchester City,MF,31.7,105,20,12,ENG-Premier League,2324,3.3123028391167195,0.6309148264984227,0.37854889589905366
Rico Lewis,Manchester City,"DF,MF",9.0,5,7,4,ENG-Premier League,2324,0.5555555555555556,0.7777777777777778,0.4444444444444444
Rodri,Manchester City,"MF,DF",32.6,62,43,25,ENG-Premier League,2324,1.901840490797546,1.3190184049079754,0.7668711656441718
Rúben Dias,Manchester City,"DF,MF",28.4,20,21,30,ENG-Premier League,2324,0.7042253521126761,0.7394366197183099,1.0563380281690142
Sergio Gómez,Manchester City,"DF,MF",0.6,2,0,1,ENG-Premier League,2324,3.3333333333333335,0.0,1.6666666666666667
Stefan Ortega,Manchester City,GK,7.1,0,0,0,ENG-Premier League,2324,0.0,0.0,0.0
Aaron Wan-Bissaka,Manchester Utd,DF,19.8,3,25,39,ENG-Premier League,2324,0.15151515151515152,1.2626262626262625,1.9696969696969697
Alejandro Garnacho,Manchester Utd,MF,28.5,100,15,18,ENG-Premier League,2324,3.508771929824561,0.5263157894736842,0.631578947368421
Amad Diallo,Manchester Utd,MF,4.3,10,4,1,ENG-Premier League,2324,2.3255813953488373,0.9302325581395349,0.23255813953488372
André Onana,Manchester Utd,GK,38.0,0,0,0,ENG-Premier League,2324,0.0,0.0,0.0
Anthony Martial,Manchester Utd,FW,5.0,6,1,0,ENG-Premier League,2324,1.2,0.2,0.0
Antony,Manchester Utd,MF,14.7,43,22,11,ENG-Premier League,2324,2.925170068027211,1.4965986394557824,0.7482993197278912
Bruno Fernandes,Manchester Utd,MF,34.6,95,37,25,ENG-Premier League,2324,2.745664739884393,1.069364161849711,0.722543352601156
Casemiro,Manchester Utd,"MF,DF",22.0,39,54,18,ENG-Premier League,2324,1.7727272727272727,2.4545454545454546,0.8181818181818182
Christian Eriksen,Manchester Utd,MF,12.7,13,14,4,ENG-Premier League,2324,1.0236220472440944,1.1023622047244095,0.31496062992125984
Diogo Dalot,Manchester Utd,DF,35.3,30,50,38,ENG-Premier League,2324,0.8498583569405099,1.41643059490085,1.076487252124646
Ethan Wheatley,Manchester Utd,FW,0.2,0,1,2,ENG-Premier League,2324,0.0,5.0,10.0
Facundo Pellistri,Manchester Utd,MF,1.9,4,2,1,ENG-Premier League,2324,2.1052631578947367,1.0526315789473684,0.5263157894736842
Hannibal Mejbri,Manchester Utd,MF,1.5,1,3,0,ENG-Premier League,2324,0.6666666666666666,2.0,0.0
Harry Maguire,Manchester Utd,DF,18.4,20,17,24,ENG-Premier League,2324,1.0869565217391306,0.923913043478261,1.3043478260869565
Jadon Sancho,Manchester Utd,"FW,MF",0.9,0,1,1,ENG-Premier League,2324,0.0,1.1111111111111112,1.1111111111111112
Jonny Evans,Manchester Utd,DF,15.5,1,15,23,ENG-Premier League,2324,0.06451612903225806,0.967741935483871,1.4838709677419355
Kobbie Mainoo,Manchester Utd,MF,21.4,11,26,22,ENG-Premier League,2324,0.5140186915887851,1.2149532710280375,1.0280373831775702
Lisandro Martínez,Manchester Utd,DF,7.2,0,9,5,ENG-Premier League,2324,0.0,1.25,0.6944444444444444
Luke Shaw,Manchester Utd,DF,10.7,2,9,6,ENG-Premier League,2324,0.1869158878504673,0.8411214953271029,0.5607476635514019
Marcus Rashford,Manchester Utd,"MF,FW",25.2,62,13,4,ENG-Premier League,2324,2.4603174603174605,0.5158730158730159,0.15873015873015872
Mason Mount,Manchester Utd,MF,5.7,5,14,6,ENG-Premier League,2324,0.8771929824561403,2.456140350877193,1.0526315789473684
Omari Forson,Manchester Utd,MF,0.8,1,0,0,ENG-Premier League,2324,1.25,0.0,0.0
Raphaël Varane,Manchester Utd,DF,15.3,8,10,14,ENG-Premier League,2324,0.5228758169934641,0.6535947712418301,0.9150326797385621
Rasmus Højlund,Manchester Utd,FW,24.0,38,6,1,ENG-Premier League,2324,1.5833333333333333,0.25,0.041666666666666664
Scott McTominay,Manchester Utd,"MF,FW",21.1,44,23,14,ENG-Premier League,2324,2.0853080568720377,1.0900473933649288,0.6635071090047393
Sergio Reguilón,Manchester Utd,DF,4.6,4,9,5,ENG-Premier League,2324,0.8695652173913044,1.956521739130435,1.0869565217391306
Sofyan Amrabat,Manchester Utd,"MF,DF",10.4,3,15,8,ENG-Premier League,2324,0.28846153846153844,1.4423076923076923,0.7692307692307692
Victor Lindelöf,Manchester Utd,DF,14.8,6,11,13,ENG-Premier League,2324,0.4054054054054054,0.7432432432432432,0.8783783783783783
Willy Kambwala,Manchester Utd,DF,3.7,0,1,4,ENG-Premier League,2324,0.0,0.27027027027027023,1.081081081081081
Alex Murphy,Newcastle,DF,0.1,0,1,1,ENG-Premier League,2324,0.0,10.0,10.0
Alexander Isak,Newcastle,FW,25.1,78,0,6,ENG-Premier League,2324,3.1075697211155378,0.0,0.2390438247011952
Anthony Gordon,Newcastle,FW,32.1,81,33,6,ENG-Premier League,2324,2.5233644859813085,1.02803738317757,0.18691588785046728
Ben Parkinson,Newcastle,FW,0.3,0,0,0,ENG-Premier League,2324,0.0,0.0,0.0
Bruno Guimarães,Newcastle,MF,36.3,48,52,31,ENG-Premier League,2324,1.322314049586777,1.4325068870523416,0.8539944903581268
Callum Wilson,Newcastle,FW,11.0,35,3,1,ENG-Premier League,2324,3.1818181818181817,0.2727272727272727,0.09090909090909091
Dan Burn,Newcastle,DF,30.3,23,34,35,ENG-Premier League,2324,0.759075907590759,1.1221122112211221,1.155115511551155
Elliot Anderson,Newcastle,"MF,FW",11.4,19,18,9,ENG-Premier League,2324,1.6666666666666665,1.5789473684210527,0.7894736842105263
Emil Krafth,Newcastle,DF,10.1,4,11,8,ENG-Premier League,2324,0.39603960396039606,1.0891089108910892,0.7920792079207921
Fabian Schär,Newcastle,DF,33.9,35,25,33,ENG-Premier League,2324,1.032448377581121,0.7374631268436579,0.9734513274336284
Harvey Barnes,Newcastle,"FW,MF",8.9,27,1,3,ENG-Premier League,2324,3.033707865168539,0.11235955056179775,0.33707865168539325
Jacob Murphy,Newcastle,"FW,MF",13.2,30,12,5,ENG-Premier League,2324,2.272727272727273,0.9090909090909092,0.3787878787878788
Jamaal Lascelles,Newcastle,DF,12.0,6,9,5,ENG-Premier League,2324,0.5,0.75,0.4166666666666667
Joe White,Newcastle,MF,0.1,0,1,0,ENG-Premier League,2324,0.0,10.0,0.0
Joe Willock,Newcastle,MF,4.7,7,7,1,ENG-Premier League,2324,1.4893617021276595,1.4893617021276595,0.2127659574468085
Joelinton,Newcastle,"MF,FW",14.2,19,26,19,ENG-Premier League,2324,1.3380281690140845,1.8309859154929577,1.3380281690140845
Kieran Trippier,Newcastle,DF,24.8,8,27,24,ENG-Premier League,2324,0.3225806451612903,1.0887096774193548,0.9677419354838709
Lewis Hall,Newcastle,DF,8.7,11,17,13,ENG-Premier League,2324,1.264367816091954,1.9540229885057472,1.4942528735632186
Lewis Miley,Newcastle,MF,13.4,13,21,8,ENG-Premier League,2324,0.9701492537313433,1.5671641791044775,0.5970149253731343
Loris Karius,Newcastle,GK,1.0,0,0,0,ENG-Premier League,2324,0.0,0.0,0.0
Martin Dúbravka,Newcastle,GK,22.1,0,0,0,ENG-Premier League,2324,0.0,0.0,0.0
Matt Ritchie,Newcastle,"DF,MF",1.4,6,3,1,ENG-Premier League,2324,4.285714285714286,2.142857142857143,0.7142857142857143
Matt Targett,Newcastle,DF,0.9,0,0,0,ENG-Premier League,2324,0.0,0.0,0.0
Miguel Almirón,Newcastle,FW,21.5,41,24,10,ENG-Premier League,2324,1.9069767441860466,1.1162790697674418,0.46511627906976744
Nick Pope,Newcastle,GK,14.9,1,0,0,ENG-Premier League,2324,0.06711409395973154,0.0,0.0
Paul Dummett,Newcastle,DF,0.2,1,0,0,ENG-Premier League,2324,5.0,0.0,0.0
Sandro Tonali,Newcastle,MF,4.9,3,7,2,ENG-Premier League,2324,0.6122448979591836,1.4285714285714284,0.4081632653061224
Sean Longstaff,Newcastle,MF,30.5,41,31,16,ENG-Premier League,2324,1.3442622950819672,1.0163934426229508,0.5245901639344263
Sven Botman,Newcastle,DF,15.3,10,13,9,ENG-Premier League,2324,0.6535947712418301,0.8496732026143791,0.5882352941176471
Tino Livramento,Newcastle,DF,14.6,4,14,24,ENG-Premier League,2324,0.273972602739726,0.9589041095890412,1.6438356164383563
Andrew Omobamidele,Nottingham,DF,8.7,1,3,12,ENG-Premier League,2324,0.1149425287356322,0.3448275862068966,1.3793103448275863
Andrey Santos,Nottingham,MF,0.1,2,0,0,ENG-Premier League,2324,20.0,0.0,0.0
Anthony Elanga,Nottingham,"MF,FW",27.0,54,19,8,ENG-Premier League,2324,2.0,0.7037037037037037,0.2962962962962963
Brandon Aguilera,Nottingham,MF,0.1,0,0,0,ENG-Premier League,2324,0.0,0.0,0.0
Brennan Johnson,Nottingham,"FW,MF",2.6,3,0,0,ENG-Premier League,2324,1.1538461538461537,0.0,0.0
Callum Hudson-Odoi,Nottingham,"MF,FW",20.6,38,8,6,ENG-Premier League,2324,1.8446601941747571,0.3883495145631068,0.2912621359223301
Cheikhou Kouyaté,Nottingham,MF,2.4,5,5,2,ENG-Premier League,2324,2.0833333333333335,2.0833333333333335,0.8333333333333334
Chris Wood,Nottingham,FW,20.1,48,4,1,ENG-Premier League,2324,2.388059701492537,0.1990049751243781,0.04975124378109452
Danilo Santos,Nottingham,MF,19.9,23,22,33,ENG-Premier League,2324,1.155778894472362,1.105527638190955,1.6582914572864322
Divock Origi,Nottingham,"MF,FW",6.7,14,4,2,ENG-Premier League,2324,2.08955223880597,0.5970149253731343,0.29850746268656714
Felipe,Nottingham,DF,4.2,3,9,4,ENG-Premier League,2324,0.7142857142857143,2.142857142857143,0.9523809523809523
Gio Reyna,Nottingham,MF,2.6,5,3,2,ENG-Premier League,2324,1.923076923076923,1.1538461538461537,0.7692307692307692
Gonzalo Montiel,Nottingham,DF,8.9,3,19,7,ENG-Premier League,2324,0.33707865168539325,2.134831460674157,0.7865168539325842
Harry Toffolo,Nottingham,"DF,MF",16.2,8,15,12,ENG-Premier League,2324,0.4938271604938272,0.9259259259259259,0.7407407407407408
Ibrahim Sangaré,Nottingham,MF,11.5,8,22,14,ENG-Premier League,2324,0.6956521739130435,1.9130434782608696,1.2173913043478262
Joe Worrall,Nottingham,DF,4.9,2,5,3,ENG-Premier League,2324,0.4081632653061224,1.0204081632653061,0.6122448979591836
Matt Turner,Nottingham,GK,17.0,0,0,0,ENG-Premier League,2324,0.0,0.0,0.0
Matz Sels,Nottingham,GK,16.0,0,0,0,ENG-Premier League,2324,0.0,0.0,0.0
Morgan Gibbs-White,Nottingham,"MF,FW",35.1,71,24,18,ENG-Premier League,2324,2.022792022792023,0.6837606837606838,0.5128205128205128
Moussa Niakhaté,Nottingham,DF,16.2,5,25,14,ENG-Premier League,2324,0.308641975308642,1.5432098765432098,0.8641975308641976
Murillo,Nottingham,DF,31.0,17,33,40,ENG-Premier League,2324,0.5483870967741935,1.064516129032258,1.2903225806451613
Neco Williams,Nottingham,"DF,MF",18.2,15,39,23,ENG-Premier League,2324,0.8241758241758242,2.142857142857143,1.2637362637362637
Nicolás Domínguez,Nottingham,MF,16.6,22,35,18,ENG-Premier League,2324,1.325301204819277,2.108433734939759,1.0843373493975903
Nuno Tavares,Nottingham,DF,5.1,7,7,1,ENG-Premier League,2324,1.3725490196078431,1.3725490196078431,0.19607843137254904
Odysseas Vlachodimos,Nottingham,GK,5.0,0,0,0,ENG-Premier League,2324,0.0,0.0,0.0
Ola Aina,Nottingham,"DF,MF",18.8,11,29,17,ENG-Premier League,2324,0.5851063829787234,1.5425531914893615,0.9042553191489361
Orel Mangala,Nottingham,MF,17.4,10,12,27,ENG-Premier League,2324,0.574712643678161,0.6896551724137931,1.5517241379310347
Rodrigo Ribeiro,Nottingham,FW,0.2,0,0,1,ENG-Premier League,2324,0.0,0.0,5.0
Ryan Yates,Nottingham,MF,22.1,32,37,21,ENG-Premier League,2324,1.4479638009049773,1.67420814479638,0.9502262443438914
Scott McKenna,Nottingham,DF,4.6,2,0,4,ENG-Premier League,2324,0.4347826086956522,0.0,0.8695652173913044
Serge Aurier,Nottingham,"DF,MF",9.3,6,14,8,ENG-Premier League,2324,0.6451612903225806,1.5053763440860215,0.8602150537634408
Taiwo Awoniyi,Nottingham,FW,11.6,22,6,1,ENG-Premier League,2324,1.896551724137931,0.5172413793103449,0.08620689655172414
Willy Boly,Nottingham,DF,16.0,14,30,24,ENG-Premier League,2324,0.875,1.875,1.5
Andre Brooks,Sheffield United,MF,10.4,9,10,15,ENG-Premier League,2324,0.8653846153846153,0.9615384615384615,1.4423076923076923
Anel Ahmedhodžić,Sheffield United,DF,29.4,19,35,33,ENG-Premier League,2324,0.6462585034013606,1.1904761904761905,1.1224489795918369
Anis Ben Slimane,Sheffield United,MF,4.7,8,6,5,ENG-Premier League,2324,1.702127659574468,1.276595744680851,1.0638297872340425
Antwoine Hackford,Sheffield United,FW,0.1,0,0,0,ENG-Premier League,2324,0.0,0.0,0.0
Auston Trusty,Sheffield United,DF,28.6,8,29,34,ENG-Premier League,2324,0.2797202797202797,1.013986013986014,1.1888111888111887
Ben Brereton,Sheffield United,"FW,MF",12.3,35,4,3,ENG-Premier League,2324,2.8455284552845526,0.3252032520325203,0.24390243902439024
Ben Osborn,Sheffield United,MF,15.2,4,8,8,ENG-Premier League,2324,0.2631578947368421,0.5263157894736842,0.5263157894736842
Bénie Traoré,Sheffield United,"FW,MF",4.3,1,2,1,ENG-Premier League,2324,0.23255813953488372,0.46511627906976744,0.23255813953488372
Cameron Archer,Sheffield United,"FW,MF",20.4,42,12,1,ENG-Premier League,2324,2.058823529411765,0.5882352941176471,0.04901960784313726
Chris Basham,Sheffield United,"DF,MF",3.6,2,2,4,ENG-Premier League,2324,0.5555555555555556,0.5555555555555556,1.1111111111111112
Daniel Jebbison,Sheffield United,FW,0.2,0,0,0,ENG-Premier League,2324,0.0,0.0,0.0
George Baldock,Sheffield United,"DF,MF",10.8,1,9,10,ENG-Premier League,2324,0.09259259259259259,0.8333333333333333,0.9259259259259258
Gustavo Hamer,Sheffield United,MF,32.3,49,20,26,ENG-Premier League,2324,1.51702786377709,0.6191950464396285,0.8049535603715171
Ivo Grbić,Sheffield United,GK,8.6,0,0,0,ENG-Premier League,2324,0.0,0.0,0.0
Jack Robinson,Sheffield United,DF,32.1,14,30,29,ENG-Premier League,2324,0.43613707165109034,0.9345794392523364,0.9034267912772586
James Mcatee,Sheffield United,"MF,FW",20.2,26,20,11,ENG-Premier League,2324,1.2871287128712872,0.9900990099009901,0.5445544554455446
Jayden Bogle,Sheffield United,"MF,DF",31.0,32,37,32,ENG-Premier League,2324,1.032258064516129,1.1935483870967742,1.032258064516129
John Egan,Sheffield United,DF,5.4,3,3,13,ENG-Premier League,2324,0.5555555555555555,0.5555555555555555,2.4074074074074074
John Fleck,Sheffield United,MF,1.0,0,0,0,ENG-Premier League,2324,0.0,0.0,0.0
Luke Thomas,Sheffield United,"MF,DF",10.2,6,9,10,ENG-Premier League,2324,0.5882352941176471,0.8823529411764707,0.9803921568627452
Mason Holgate,Sheffield United,DF,7.9,3,7,10,ENG-Premier League,2324,0.37974683544303794,0.8860759493670886,1.2658227848101264
Max Lowe,Sheffield United,"MF,DF",5.6,2,9,4,ENG-Premier League,2324,0.35714285714285715,1.6071428571428572,0.7142857142857143
Oliver Arblaster,Sheffield United,MF,10.5,1,17,15,ENG-Premier League,2324,0.09523809523809523,1.619047619047619,1.4285714285714286
Oliver McBurnie,Sheffield United,FW,14.2,33,6,5,ENG-Premier League,2324,2.323943661971831,0.4225352112676057,0.35211267605633806
Oliver Norwood,Sheffield United,MF,16.0,15,26,19,ENG-Premier League,2324,0.9375,1.625,1.1875
Rhian Brewster,Sheffield United,FW,3.8,7,1,1,ENG-Premier League,2324,1.842105263157895,0.2631578947368421,0.2631578947368421
Rhys Norrington-Davies,Sheffield United,DF,1.2,0,1,1,ENG-Premier League,2324,0.0,0.8333333333333334,0.8333333333333334
Ryan One,Sheffield United,MF,0.1,0,0,0,ENG-Premier League,2324,0.0,0.0,0.0
Sam Curtis,Sheffield United,DF,0.3,0,0,0,ENG-Premier League,2324,0.0,0.0,0.0
Sydie Peck,Sheffield United,MF,0.1,0,0,0,ENG-Premier League,2324,0.0,0.0,0.0
Tom Davies,Sheffield United,MF,2.5,4,5,3,ENG-Premier League,2324,1.6,2.0,1.2
Vinicius Souza,Sheffield United,MF,29.6,14,73,30,ENG-Premier League,2324,0.47297297297297297,2.4662162162162162,1.0135135135135134
Wes Foderingham,Sheffield United,GK,29.4,0,5,0,ENG-Premier League,2324,0.0,0.17006802721088435,0.0
William Osula,Sheffield United,FW,8.7,21,2,2,ENG-Premier League,2324,2.4137931034482762,0.2298850574712644,0.2298850574712644
Yasser Larouci,Sheffield United,MF,5.9,6,9,7,ENG-Premier League,2324,1.0169491525423728,1.5254237288135593,1.1864406779661016
Alejo Véliz,Tottenham,FW,0.6,2,0,0,ENG-Premier League,2324,3.3333333333333335,0.0,0.0
Ben Davies,Tottenham,DF,12.1,12,16,10,ENG-Premier League,2324,0.9917355371900827,1.322314049586777,0.8264462809917356
Brennan Johnson,Tottenham,"MF,FW",23.2,50,15,9,ENG-Premier League,2324,2.1551724137931036,0.646551724137931,0.3879310344827586
Bryan Gil,Tottenham,MF,2.3,4,0,2,ENG-Premier League,2324,1.7391304347826089,0.0,0.8695652173913044
Cristian Romero,Tottenham,DF,31.0,24,41,43,ENG-Premier League,2324,0.7741935483870968,1.3225806451612903,1.3870967741935485
Dane Scarlett,Tottenham,FW,0.2,0,1,0,ENG-Premier League,2324,0.0,5.0,0.0
Davinson Sánchez,Tottenham,DF,0.9,1,0,1,ENG-Premier League,2324,1.1111111111111112,0.0,1.1111111111111112
Dejan Kulusevski,Tottenham,"MF,FW",30.7,57,33,17,ENG-Premier League,2324,1.8566775244299674,1.0749185667752443,0.5537459283387622
Destiny Udogie,Tottenham,DF,26.6,9,33,37,ENG-Premier League,2324,0.3383458646616541,1.2406015037593985,1.3909774436090225
Emerson,Tottenham,DF,12.9,6,24,18,ENG-Premier League,2324,0.46511627906976744,1.8604651162790697,1.3953488372093024
Eric Dier,Tottenham,DF,2.2,0,1,1,ENG-Premier League,2324,0.0,0.45454545454545453,0.45454545454545453
Giovani Lo Celso,Tottenham,MF,5.6,13,13,5,ENG-Premier League,2324,2.3214285714285716,2.3214285714285716,0.8928571428571429
Guglielmo Vicario,Tottenham,GK,38.0,0,0,1,ENG-Premier League,2324,0.0,0.0,0.02631578947368421
Ivan Perišić,Tottenham,"FW,MF",1.1,2,2,2,ENG-Premier League,2324,1.8181818181818181,1.8181818181818181,1.8181818181818181
James Maddison,Tottenham,MF,23.7,57,19,14,ENG-Premier League,2324,2.4050632911392404,0.8016877637130801,0.5907172995780591
Manor Solomon,Tottenham,MF,2.2,7,3,3,ENG-Premier League,2324,3.1818181818181817,1.3636363636363635,1.3636363636363635
Micky van de Ven,Tottenham,DF,26.0,8,34,17,ENG-Premier League,2324,0.3076923076923077,1.3076923076923077,0.6538461538461539
Oliver Skipp,Tottenham,"MF,DF",7.9,4,13,4,ENG-Premier League,2324,0.5063291139240506,1.6455696202531644,0.5063291139240506
Pape Matar Sarr,Tottenham,MF,23.0,36,24,30,ENG-Premier League,2324,1.565217391304348,1.0434782608695652,1.3043478260869565
Pedro Porro,Tottenham,DF,34.3,53,65,33,ENG-Premier League,2324,1.545189504373178,1.8950437317784259,0.9620991253644315
Pierre Højbjerg,Tottenham,MF,14.6,19,16,16,ENG-Premier League,2324,1.3013698630136987,1.095890410958904,1.095890410958904
Radu Drăgușin,Tottenham,DF,4.8,1,3,8,ENG-Premier League,2324,0.20833333333333334,0.625,1.6666666666666667
Richarlison,Tottenham,"FW,MF",16.6,61,11,8,ENG-Premier League,2324,3.6746987951807224,0.6626506024096385,0.48192771084337344
Rodrigo Bentancur,Tottenham,MF,11.2,18,16,16,ENG-Premier League,2324,1.6071428571428572,1.4285714285714286,1.4285714285714286
Son Heung-min,Tottenham,"FW,MF",32.6,85,13,8,ENG-Premier League,2324,2.607361963190184,0.3987730061349693,0.24539877300613497
Timo Werner,Tottenham,"MF,FW",9.0,29,4,3,ENG-Premier League,2324,3.2222222222222223,0.4444444444444444,0.3333333333333333
Yves Bissouma,Tottenham,MF,23.0,24,51,34,ENG-Premier League,2324,1.0434782608695652,2.217391304347826,1.4782608695652173
Aaron Cresswell,West Ham,DF,4.8,0,2,4,ENG-Premier League,2324,0.0,0.4166666666666667,0.8333333333333334
Alphonse Areola,West Ham,GK,30.0,0,1,1,ENG-Premier League,2324,0.0,0.03333333333333333,0.03333333333333333
Angelo Ogbonna,West Ham,DF,7.1,1,5,3,ENG-Premier League,2324,0.14084507042253522,0.7042253521126761,0.4225352112676057
Ben Johnson,West Ham,"MF,DF",6.0,6,6,5,ENG-Premier League,2324,1.0,1.0,0.8333333333333334
Danny Ings,West Ham,"FW,MF",4.5,12,3,4,ENG-Premier League,2324,2.6666666666666665,0.6666666666666666,0.8888888888888888
Divin Mubama,West Ham,FW,0.9,1,0,0,ENG-Premier League,2324,1.1111111111111112,0.0,0.0
Edson Álvarez,West Ham,MF,26.4,17,40,43,ENG-Premier League,2324,0.6439393939393939,1.5151515151515151,1.628787878787879
Emerson Palmieri,West Ham,DF,34.9,19,67,40,ENG-Premier League,2324,0.5444126074498568,1.9197707736389686,1.1461318051575933
George Earthy,West Ham,MF,0.4,1,0,1,ENG-Premier League,2324,2.5,0.0,2.5
James Ward-Prowse,West Ham,MF,33.3,44,30,38,ENG-Premier League,2324,1.3213213213213215,0.900900900900901,1.1411411411411412
Jarrod Bowen,West Ham,"MF,FW",33.5,85,29,19,ENG-Premier League,2324,2.537313432835821,0.8656716417910447,0.5671641791044776
Kalvin Phillips,West Ham,MF,3.4,3,5,3,ENG-Premier League,2324,0.8823529411764706,1.4705882352941178,0.8823529411764706
Konstantinos Mavropanos,West Ham,DF,16.7,12,15,24,ENG-Premier League,2324,0.718562874251497,0.8982035928143713,1.437125748502994
Kurt Zouma,West Ham,DF,31.5,16,17,27,ENG-Premier League,2324,0.5079365079365079,0.5396825396825397,0.8571428571428571
Lucas Paquetá,West Ham,MF,29.1,42,46,22,ENG-Premier League,2324,1.443298969072165,1.5807560137457044,0.7560137457044673
Maxwel Cornet,West Ham,MF,1.2,4,2,2,ENG-Premier League,2324,3.3333333333333335,1.6666666666666667,1.6666666666666667
Michail Antonio,West Ham,FW,18.8,30,8,2,ENG-Premier League,2324,1.5957446808510638,0.425531914893617,0.10638297872340426
Mohammed Kudus,West Ham,MF,27.6,67,46,11,ENG-Premier League,2324,2.4275362318840576,1.6666666666666665,0.39855072463768115
Nayef Aguerd,West Ham,DF,20.6,14,14,16,ENG-Premier League,2324,0.6796116504854368,0.6796116504854368,0.7766990291262136
Pablo Fornals,West Ham,MF,4.7,7,6,6,ENG-Premier League,2324,1.4893617021276595,1.276595744680851,1.276595744680851
Saïd Benrahma,West Ham,MF,6.9,19,4,5,ENG-Premier League,2324,2.753623188405797,0.5797101449275363,0.7246376811594203
Thilo Kehrer,West Ham,DF,0.2,0,1,0,ENG-Premier League,2324,0.0,5.0,0.0
Tomáš Souček,West Ham,MF,31.9,42,36,33,ENG-Premier League,2324,1.316614420062696,1.1285266457680252,1.0344827586206897
Vladimír Coufal,West Ham,DF,34.8,8,42,38,ENG-Premier League,2324,0.2298850574712644,1.2068965517241381,1.0919540229885059
Łukasz Fabiański,West Ham,GK,8.0,0,0,1,ENG-Premier League,2324,0.0,0.0,0.125
Boubacar Traoré,Wolves,MF,9.1,11,22,5,ENG-Premier League,2324,1.208791208791209,2.417582417582418,0.5494505494505495
Craig Dawson,Wolves,DF,24.5,16,19,16,ENG-Premier League,2324,0.6530612244897959,0.7755102040816326,0.6530612244897959
Daniel Bentley,Wolves,GK,4.3,0,0,0,ENG-Premier League,2324,0.0,0.0,0.0
Fábio Silva,Wolves,FW,2.9,7,4,2,ENG-Premier League,2324,2.413793103448276,1.3793103448275863,0.6896551724137931
Hugo Bueno,Wolves,"MF,DF",8.2,5,14,5,ENG-Premier League,2324,0.6097560975609757,1.707317073170732,0.6097560975609757
Hwang Hee-chan,Wolves,"FW,MF",23.5,45,10,9,ENG-Premier League,2324,1.9148936170212767,0.425531914893617,0.3829787234042553
Jean-Ricner Bellegarde,Wolves,"MF,FW",10.6,15,9,8,ENG-Premier League,2324,1.4150943396226416,0.8490566037735849,0.7547169811320755
Jonny Castro,Wolves,"DF,MF",0.1,0,0,0,ENG-Premier League,2324,0.0,0.0,0.0
José Sá,Wolves,GK,33.7,0,1,0,ENG-Premier League,2324,0.0,0.029673590504451036,0.0
João Gomes,Wolves,MF,29.4,26,75,18,ENG-Premier League,2324,0.8843537414965987,2.5510204081632653,0.6122448979591837
Leon Chiwome,Wolves,FW,1.9,2,1,0,ENG-Premier League,2324,1.0526315789473684,0.5263157894736842,0.0
Mario Lemina,Wolves,MF,33.0,48,58,41,ENG-Premier League,2324,1.4545454545454546,1.7575757575757576,1.2424242424242424
Matheus Cunha,Wolves,"FW,MF",27.1,73,15,11,ENG-Premier League,2324,2.6937269372693726,0.5535055350553505,0.4059040590405904
Matheus Nunes,Wolves,MF,2.0,1,1,5,ENG-Premier League,2324,0.5,0.5,2.5
Matt Doherty,Wolves,"MF,DF",12.8,8,18,7,ENG-Premier League,2324,0.625,1.40625,0.546875
Max Kilman,Wolves,DF,38.0,14,19,38,ENG-Premier League,2324,0.3684210526315789,0.5,1.0
Nathan Fraser,Wolves,FW,2.1,3,2,1,ENG-Premier League,2324,1.4285714285714286,0.9523809523809523,0.47619047619047616
Nélson Semedo,Wolves,"MF,DF",34.3,17,48,35,ENG-Premier League,2324,0.4956268221574344,1.3994169096209914,1.0204081632653061
Pablo Sarabia,Wolves,"MF,FW",19.4,46,14,9,ENG-Premier League,2324,2.3711340206185567,0.7216494845360826,0.4639175257731959
Pedro Neto,Wolves,"MF,FW",16.8,36,4,5,ENG-Premier League,2324,2.142857142857143,0.23809523809523808,0.2976190476190476
Rayan Aït-Nouri,Wolves,"MF,DF",25.9,23,45,16,ENG-Premier League,2324,0.888030888030888,1.7374517374517375,0.6177606177606177
Santiago Bueno,Wolves,DF,9.1,0,7,6,ENG-Premier League,2324,0.0,0.7692307692307693,0.6593406593406593
Saša Kalajdžić,Wolves,FW,1.8,4,2,1,ENG-Premier League,2324,2.2222222222222223,1.1111111111111112,0.5555555555555556
Tawanda Chirewa,Wolves,FW,1.6,3,3,1,ENG-Premier League,2324,1.875,1.875,0.625
Tommy Doyle,Wolves,MF,13.6,14,13,13,ENG-Premier League,2324,1.0294117647058825,0.9558823529411765,0.9558823529411765
Toti Gomes,Wolves,DF,30.8,10,23,23,ENG-Premier League,2324,0.3246753246753247,0.7467532467532467,0.7467532467532467
Ben White,Arsenal,DF,13.3,9,15,16,ENG-Premier League,2425,0.6766917293233082,1.1278195488721805,1.2030075187969924
Bukayo Saka,Arsenal,"FW,MF",19.2,67,15,3,ENG-Premier League,2425,3.4895833333333335,0.78125,0.15625
David Raya,Arsenal,GK,38.0,0,0,0,ENG-Premier League,2425,0.0,0.0,0.0
Declan Rice,Arsenal,MF,31.4,48,23,27,ENG-Premier League,2425,1.5286624203821657,0.7324840764331211,0.8598726114649682
Ethan Nwaneri,Arsenal,"FW,MF",9.9,24,6,3,ENG-Premier League,2425,2.4242424242424243,0.6060606060606061,0.30303030303030304
Gabriel Jesus,Arsenal,FW,6.8,20,6,5,ENG-Premier League,2425,2.9411764705882355,0.8823529411764706,0.7352941176470589
Gabriel Magalhães,Arsenal,DF,26.3,22,15,16,ENG-Premier League,2425,0.8365019011406843,0.5703422053231939,0.6083650190114068
Gabriel Martinelli,Arsenal,"FW,MF",25.4,56,15,4,ENG-Premier League,2425,2.204724409448819,0.5905511811023623,0.15748031496062992
Jakub Kiwior,Arsenal,DF,12.5,3,8,6,ENG-Premier League,2425,0.24,0.64,0.48
Jorginho,Arsenal,MF,7.8,2,4,7,ENG-Premier League,2425,0.25641025641025644,0.5128205128205129,0.8974358974358975
Jurriën Timber,Arsenal,DF,26.9,14,36,24,ENG-Premier League,2425,0.5204460966542751,1.338289962825279,0.892193308550186
Kai Havertz,Arsenal,FW,20.8,53,8,5,ENG-Premier League,2425,2.548076923076923,0.3846153846153846,0.24038461538461536
Kieran Tierney,Arsenal,DF,2.9,2,5,3,ENG-Premier League,2425,0.6896551724137931,1.7241379310344829,1.0344827586206897
Leandro Trossard,Arsenal,FW,28.3,72,18,10,ENG-Premier League,2425,2.5441696113074204,0.6360424028268551,0.35335689045936397
Martin Ødegaard,Arsenal,MF,25.8,49,8,6,ENG-Premier League,2425,1.8992248062015504,0.31007751937984496,0.23255813953488372
Mikel Merino,Arsenal,"MF,FW",17.6,38,28,16,ENG-Premier League,2425,2.1590909090909087,1.5909090909090908,0.9090909090909091
Myles Lewis-Skelly,Arsenal,DF,15.2,3,13,7,ENG-Premier League,2425,0.19736842105263158,0.8552631578947368,0.46052631578947373
Nathan Butler-Oyedeji,Arsenal,FW,0.1,1,0,0,ENG-Premier League,2425,10.0,0.0,0.0
Oleksandr Zinchenko,Arsenal,"DF,MF",5.9,10,0,5,ENG-Premier League,2425,1.694915254237288,0.0,0.847457627118644
Raheem Sterling,Arsenal,"FW,MF",5.5,11,4,1,ENG-Premier League,2425,2.0,0.7272727272727273,0.18181818181818182
Riccardo Calafiori,Arsenal,DF,10.9,10,18,8,ENG-Premier League,2425,0.9174311926605504,1.6513761467889907,0.7339449541284403
Takehiro Tomiyasu,Arsenal,DF,0.1,1,0,0,ENG-Premier League,2425,10.0,0.0,0.0
Thomas Partey,Arsenal,"MF,DF",31.1,26,53,35,ENG-Premier League,2425,0.8360128617363344,1.7041800643086815,1.12540192926045
William Saliba,Arsenal,DF,33.8,6,34,22,ENG-Premier League,2425,0.1775147928994083,1.0059171597633136,0.6508875739644971
Amadou Onana,Aston Villa,MF,18.0,17,29,26,ENG-Premier League,2425,0.9444444444444444,1.6111111111111112,1.4444444444444444
Andrés García,Aston Villa,"DF,MF",3.5,2,5,2,ENG-Premier League,2425,0.5714285714285714,1.4285714285714286,0.5714285714285714
Axel Disasi,Aston Villa,DF,5.4,2,5,4,ENG-Premier League,2425,0.37037037037037035,0.9259259259259258,0.7407407407407407
Boubacar Kamara,Aston Villa,"MF,DF",19.2,10,23,16,ENG-Premier League,2425,0.5208333333333334,1.1979166666666667,0.8333333333333334
Diego Carlos,Aston Villa,DF,9.2,4,2,5,ENG-Premier League,2425,0.4347826086956522,0.2173913043478261,0.5434782608695653
Donyell Malen,Aston Villa,MF,3.4,15,4,0,ENG-Premier League,2425,4.411764705882353,1.1764705882352942,0.0
Emi Buendía,Aston Villa,"FW,MF",1.1,5,5,0,ENG-Premier League,2425,4.545454545454545,4.545454545454545,0.0
Emiliano Martínez,Aston Villa,GK,35.5,0,3,0,ENG-Premier League,2425,0.0,0.08450704225352113,0.0
Ezri Konsa,Aston Villa,DF,32.6,11,20,24,ENG-Premier League,2425,0.3374233128834356,0.6134969325153374,0.7361963190184049
Ian Maatsen,Aston Villa,DF,12.7,19,18,18,ENG-Premier League,2425,1.4960629921259843,1.4173228346456694,1.4173228346456694
Jacob Ramsey,Aston Villa,MF,18.0,19,15,8,ENG-Premier League,2425,1.0555555555555556,0.8333333333333334,0.4444444444444444
Jaden Philogene Bidace,Aston Villa,MF,3.7,7,5,3,ENG-Premier League,2425,1.8918918918918919,1.3513513513513513,0.8108108108108107
John McGinn,Aston Villa,MF,24.7,31,23,11,ENG-Premier League,2425,1.2550607287449393,0.9311740890688259,0.4453441295546559
Jáder Durán,Aston Villa,FW,7.1,31,7,0,ENG-Premier League,2425,4.366197183098592,0.9859154929577465,0.0
Kosta Nedeljković,Aston Villa,DF,1.4,0,4,1,ENG-Premier League,2425,0.0,2.857142857142857,0.7142857142857143
Lamare Bogarde,Aston Villa,"DF,MF",5.3,1,6,1,ENG-Premier League,2425,0.18867924528301888,1.1320754716981132,0.18867924528301888
Leon Bailey,Aston Villa,MF,12.7,28,4,4,ENG-Premier League,2425,2.204724409448819,0.31496062992125984,0.31496062992125984
Lucas Digne,Aston Villa,DF,26.1,13,36,22,ENG-Premier League,2425,0.49808429118773945,1.379310344827586,0.842911877394636
Marco Asensio,Aston Villa,MF,8.3,24,5,2,ENG-Premier League,2425,2.8915662650602405,0.6024096385542168,0.24096385542168672
Marcus Rashford,Aston Villa,"FW,MF",4.9,19,7,1,ENG-Premier League,2425,3.877551020408163,1.4285714285714284,0.2040816326530612
Matty Cash,Aston Villa,DF,23.0,13,31,22,ENG-Premier League,2425,0.5652173913043478,1.3478260869565217,0.9565217391304348
Morgan Rogers,Aston Villa,MF,34.6,55,22,6,ENG-Premier League,2425,1.5895953757225434,0.6358381502890174,0.17341040462427745
Ollie Watkins,Aston Villa,FW,28.9,84,7,7,ENG-Premier League,2425,2.906574394463668,0.24221453287197234,0.24221453287197234
Pau Torres,Aston Villa,DF,22.4,8,15,9,ENG-Premier League,2425,0.35714285714285715,0.6696428571428572,0.4017857142857143
Robin Olsen,Aston Villa,GK,2.5,0,0,0,ENG-Premier League,2425,0.0,0.0,0.0
Ross Barkley,Aston Villa,MF,6.5,16,4,10,ENG-Premier League,2425,2.4615384615384617,0.6153846153846154,1.5384615384615385
Tyrone Mings,Aston Villa,DF,12.4,9,6,7,ENG-Premier League,2425,0.7258064516129032,0.48387096774193544,0.564516129032258
Youri Tielemans,Aston Villa,MF,33.6,41,58,22,ENG-Premier League,2425,1.2202380952380951,1.726190476190476,0.6547619047619048
Adam Smith,Bournemouth,DF,17.7,3,14,15,ENG-Premier League,2425,0.16949152542372883,0.7909604519774012,0.8474576271186441
Alex Scott,Bournemouth,MF,8.4,15,13,9,ENG-Premier League,2425,1.7857142857142856,1.5476190476190474,1.0714285714285714
Antoine Semenyo,Bournemouth,MF,35.6,126,36,9,ENG-Premier League,2425,3.539325842696629,1.0112359550561798,0.25280898876404495
Ben Winterburn,Bournemouth,MF,0.3,0,0,2,ENG-Premier League,2425,0.0,0.0,6.666666666666667
Dango Ouattara,Bournemouth,"MF,FW",22.3,62,26,11,ENG-Premier League,2425,2.780269058295964,1.1659192825112108,0.49327354260089684
Daniel Jebbison,Bournemouth,FW,1.3,5,3,1,ENG-Premier League,2425,3.846153846153846,2.3076923076923075,0.7692307692307692
David Brooks,Bournemouth,MF,10.7,25,6,5,ENG-Premier League,2425,2.336448598130841,0.5607476635514019,0.4672897196261683
Dean Huijsen,Bournemouth,DF,27.0,18,27,48,ENG-Premier League,2425,0.6666666666666666,1.0,1.7777777777777777
Enes Ünal,Bournemouth,FW,3.8,19,0,0,ENG-Premier League,2425,5.0,0.0,0.0
Evanilson,Bournemouth,FW,25.8,73,9,2,ENG-Premier League,2425,2.8294573643410854,0.3488372093023256,0.07751937984496124
Illia Zabarnyi,Bournemouth,DF,34.5,12,35,39,ENG-Premier League,2425,0.34782608695652173,1.0144927536231885,1.1304347826086956
James Hill,Bournemouth,DF,5.0,6,8,7,ENG-Premier League,2425,1.2,1.6,1.4
Julian Araujo,Bournemouth,DF,5.5,0,5,5,ENG-Premier League,2425,0.0,0.9090909090909091,0.9090909090909091
Julio Soler,Bournemouth,DF,0.1,0,1,0,ENG-Premier League,2425,0.0,10.0,0.0
Justin Kluivert,Bournemouth,MF,26.0,63,9,13,ENG-Premier League,2425,2.423076923076923,0.34615384615384615,0.5
Kepa Arrizabalaga,Bournemouth,GK,31.0,1,0,0,ENG-Premier League,2425,0.03225806451612903,0.0,0.0
Lewis Cook,Bournemouth,"MF,DF",33.1,14,42,45,ENG-Premier League,2425,0.4229607250755287,1.268882175226586,1.3595166163141994
Luis Sinisterra,Bournemouth,MF,2.6,13,1,1,ENG-Premier League,2425,5.0,0.3846153846153846,0.3846153846153846
Marcos Senesi,Bournemouth,DF,12.3,2,19,14,ENG-Premier League,2425,0.16260162601626016,1.5447154471544715,1.1382113821138211
Marcus Tavernier,Bournemouth,MF,21.5,57,22,4,ENG-Premier League,2425,2.6511627906976742,1.0232558139534884,0.18604651162790697
Mark Travers,Bournemouth,GK,5.0,0,0,0,ENG-Premier League,2425,0.0,0.0,0.0
Max Aarons,Bournemouth,DF,1.0,0,2,1,ENG-Premier League,2425,0.0,2.0,1.0
Milos Kerkez,Bournemouth,DF,37.1,19,26,41,ENG-Premier League,2425,0.5121293800539083,0.7008086253369272,1.105121293800539
Neto,Bournemouth,GK,2.0,0,0,0,ENG-Premier League,2425,0.0,0.0,0.0
Philip Billing,Bournemouth,MF,2.0,5,6,5,ENG-Premier League,2425,2.5,3.0,2.5
Ryan Christie,Bournemouth,MF,23.5,33,33,30,ENG-Premier League,2425,1.4042553191489362,1.4042553191489362,1.2765957446808511
Tyler Adams,Bournemouth,MF,21.8,9,56,30,ENG-Premier League,2425,0.4128440366972477,2.568807339449541,1.3761467889908257
Ben Mee,Brentford,DF,2.0,0,2,4,ENG-Premier League,2425,0.0,1.0,2.0
Bryan Mbeumo,Brentford,"MF,FW",37.9,85,30,11,ENG-Premier League,2425,2.242744063324538,0.79155672823219,0.29023746701846964
Christian Nørgaard,Brentford,MF,31.3,39,47,46,ENG-Premier League,2425,1.2460063897763578,1.5015974440894568,1.4696485623003195
Edmond-Paris Maghoma,Brentford,MF,1.3,1,1,1,ENG-Premier League,2425,0.7692307692307692,0.7692307692307692,0.7692307692307692
Ethan Pinnock,Brentford,DF,21.3,10,15,23,ENG-Premier League,2425,0.4694835680751174,0.704225352112676,1.07981220657277
Fabio Carvalho,Brentford,"FW,MF",5.1,12,9,3,ENG-Premier League,2425,2.3529411764705883,1.7647058823529413,0.5882352941176471
Frank Onyeka,Brentford,MF,0.3,0,0,0,ENG-Premier League,2425,0.0,0.0,0.0
Gustavo Nunes,Brentford,MF,0.1,0,2,0,ENG-Premier League,2425,0.0,20.0,0.0
Hákon Valdimarsson,Brentford,GK,1.6,0,0,0,ENG-Premier League,2425,0.0,0.0,0.0
Igor Thiago,Brentford,FW,1.9,2,3,1,ENG-Premier League,2425,1.0526315789473684,1.5789473684210527,0.5263157894736842
Jayden Meghoma,Brentford,DF,0.1,0,0,0,ENG-Premier League,2425,0.0,0.0,0.0
Keane Lewis-Potter,Brentford,"DF,MF",34.4,28,27,20,ENG-Premier League,2425,0.813953488372093,0.7848837209302326,0.5813953488372093
Kevin Schade,Brentford,"MF,FW",25.5,55,26,5,ENG-Premier League,2425,2.156862745098039,1.0196078431372548,0.19607843137254902
Kim Jisoo,Brentford,DF,0.3,0,0,0,ENG-Premier League,2425,0.0,0.0,0.0
Kristoffer Ajer,Brentford,DF,16.0,9,19,11,ENG-Premier League,2425,0.5625,1.1875,0.6875
Mads Roerslev,Brentford,DF,12.2,5,8,4,ENG-Premier League,2425,0.4098360655737705,0.6557377049180328,0.3278688524590164
Mark Flekken,Brentford,GK,36.4,0,4,0,ENG-Premier League,2425,0.0,0.10989010989010989,0.0
Mathias Jensen,Brentford,MF,9.6,6,9,7,ENG-Premier League,2425,0.625,0.9375,0.7291666666666667
Michael Kayode,Brentford,DF,5.9,2,11,7,ENG-Premier League,2425,0.3389830508474576,1.8644067796610169,1.1864406779661016
Mikkel Damsgaard,Brentford,MF,32.3,35,44,29,ENG-Premier League,2425,1.08359133126935,1.3622291021671828,0.8978328173374613
Nathan Collins,Brentford,DF,38.0,17,24,34,ENG-Premier League,2425,0.4473684210526316,0.631578947368421,0.8947368421052632
Rico Henry,Brentford,"DF,MF",1.1,0,2,1,ENG-Premier League,2425,0.0,1.8181818181818181,0.9090909090909091
Sepp van den Berg,Brentford,DF,28.7,20,24,22,ENG-Premier League,2425,0.6968641114982579,0.8362369337979094,0.7665505226480837
Vitaly Janelt,Brentford,MF,25.0,14,24,27,ENG-Premier League,2425,0.56,0.96,1.08
Yehor Yarmoliuk,Brentford,MF,16.1,9,30,13,ENG-Premier League,2425,0.5590062111801242,1.8633540372670805,0.8074534161490683
Yoane Wissa,Brentford,FW,32.4,90,13,8,ENG-Premier League,2425,2.7777777777777777,0.4012345679012346,0.2469135802469136
Yunus Emre Konak,Brentford,MF,0.5,1,2,0,ENG-Premier League,2425,2.0,4.0,0.0
Adam Webster,Brighton,DF,9.9,5,7,20,ENG-Premier League,2425,0.5050505050505051,0.7070707070707071,2.0202020202020203
Bart Verbruggen,Brighton,GK,36.0,0,0,0,ENG-Premier League,2425,0.0,0.0,0.0
Billy Gilmour,Brighton,MF,1.1,1,4,0,ENG-Premier League,2425,0.9090909090909091,3.6363636363636362,0.0
Brajan Gruda,Brighton,"MF,FW",7.6,11,8,2,ENG-Premier League,2425,1.4473684210526316,1.0526315789473684,0.2631578947368421
Carlos Baleba,Brighton,MF,29.6,44,44,49,ENG-Premier League,2425,1.4864864864864864,1.4864864864864864,1.6554054054054053
Danny Welbeck,Brighton,FW,23.5,60,16,5,ENG-Premier League,2425,2.5531914893617023,0.6808510638297872,0.2127659574468085
Diego Gómez,Brighton,MF,5.7,9,13,7,ENG-Premier League,2425,1.5789473684210527,2.280701754385965,1.2280701754385965
Eiran Cashin,Brighton,DF,0.2,0,0,0,ENG-Premier League,2425,0.0,0.0,0.0
Evan Ferguson,Brighton,FW,2.7,7,3,0,ENG-Premier League,2425,2.5925925925925926,1.111111111111111,0.0
Ferdi Kadioglu,Brighton,"DF,MF",4.3,4,5,7,ENG-Premier League,2425,0.9302325581395349,1.1627906976744187,1.627906976744186
Georginio Rutter,Brighton,"MF,FW",18.4,50,14,11,ENG-Premier League,2425,2.717391304347826,0.7608695652173914,0.5978260869565218
Harry Howell,Brighton,MF,0.1,0,1,0,ENG-Premier League,2425,0.0,10.0,0.0
Igor,Brighton,DF,10.7,1,5,4,ENG-Premier League,2425,0.09345794392523366,0.4672897196261683,0.3738317757009346
Jack Hinshelwood,Brighton,"MF,DF",20.5,18,19,11,ENG-Premier League,2425,0.8780487804878049,0.926829268292683,0.5365853658536586
Jakub Moder,Brighton,MF,0.1,0,0,0,ENG-Premier League,2425,0.0,0.0,0.0
James Milner,Brighton,MF,1.9,2,2,2,ENG-Premier League,2425,1.0526315789473684,1.0526315789473684,1.0526315789473684
Jan Paul van Hecke,Brighton,DF,32.9,17,29,25,ENG-Premier League,2425,0.5167173252279635,0.8814589665653496,0.7598784194528876
Jason Steele,Brighton,GK,2.0,0,0,0,ENG-Premier League,2425,0.0,0.0,0.0
Jeremy Sarmiento,Brighton,MF,0.1,0,0,0,ENG-Premier League,2425,0.0,0.0,0.0
João Pedro,Brighton,"FW,MF",21.6,47,12,8,ENG-Premier League,2425,2.1759259259259256,0.5555555555555555,0.37037037037037035
Joël Veltman,Brighton,DF,18.9,6,29,20,ENG-Premier League,2425,0.3174603174603175,1.5343915343915344,1.0582010582010584
Julio Enciso,Brighton,MF,3.3,20,0,0,ENG-Premier League,2425,6.0606060606060606,0.0,0.0
Kaoru Mitoma,Brighton,MF,28.9,57,27,12,ENG-Premier League,2425,1.972318339100346,0.9342560553633218,0.4152249134948097
Lewis Dunk,Brighton,DF,23.1,12,11,12,ENG-Premier League,2425,0.5194805194805194,0.47619047619047616,0.5194805194805194
Mats Wieffer,Brighton,"DF,MF",11.3,9,34,16,ENG-Premier League,2425,0.7964601769911503,3.0088495575221237,1.415929203539823
Matt O'Riley,Brighton,MF,10.4,22,8,13,ENG-Premier League,2425,2.1153846153846154,0.7692307692307692,1.25
Pervis Estupiñán,Brighton,DF,26.7,28,44,39,ENG-Premier League,2425,1.0486891385767791,1.647940074906367,1.4606741573033708
Simon Adingra,Brighton,MF,12.2,33,16,9,ENG-Premier League,2425,2.7049180327868854,1.3114754098360657,0.7377049180327869
Solly March,Brighton,MF,1.9,2,3,2,ENG-Premier League,2425,1.0526315789473684,1.5789473684210527,1.0526315789473684
Tariq Lamptey,Brighton,"DF,MF",9.6,6,11,7,ENG-Premier League,2425,0.625,1.1458333333333335,0.7291666666666667
Yankuba Minteh,Brighton,MF,20.4,34,36,12,ENG-Premier League,2425,1.6666666666666667,1.7647058823529413,0.5882352941176471
Yasin Ayari,Brighton,MF,21.8,28,32,20,ENG-Premier League,2425,1.2844036697247705,1.4678899082568806,0.9174311926605504
Axel Disasi,Chelsea,DF,4.0,2,4,2,ENG-Premier League,2425,0.5,1.0,0.5
Benoît Badiashile,Chelsea,DF,3.7,0,6,6,ENG-Premier League,2425,0.0,1.6216216216216215,1.6216216216216215
Christopher Nkunku,Chelsea,"MF,FW",10.2,25,8,7,ENG-Premier League,2425,2.450980392156863,0.7843137254901962,0.6862745098039216
Cole Palmer,Chelsea,MF,35.5,126,18,10,ENG-Premier League,2425,3.5492957746478875,0.5070422535211268,0.28169014084507044
Enzo Fernández,Chelsea,MF,32.7,53,32,13,ENG-Premier League,2425,1.620795107033639,0.9785932721712537,0.39755351681957185
Filip Jørgensen,Chelsea,GK,6.0,0,0,0,ENG-Premier League,2425,0.0,0.0,0.0
Jadon Sancho,Chelsea,MF,19.6,24,7,2,ENG-Premier League,2425,1.2244897959183672,0.3571428571428571,0.1020408163265306
Joshua Acheampong,Chelsea,DF,1.9,2,1,1,ENG-Premier League,2425,1.0526315789473684,0.5263157894736842,0.5263157894736842
João Félix,Chelsea,MF,4.1,20,3,3,ENG-Premier League,2425,4.878048780487806,0.7317073170731708,0.7317073170731708
Kiernan Dewsbury-Hall,Chelsea,MF,2.9,1,5,1,ENG-Premier League,2425,0.3448275862068966,1.7241379310344829,0.3448275862068966
Levi Colwill,Chelsea,DF,35.0,17,35,32,ENG-Premier League,2425,0.4857142857142857,1.0,0.9142857142857143
Malo Gusto,Chelsea,DF,20.7,22,31,25,ENG-Premier League,2425,1.0628019323671498,1.497584541062802,1.2077294685990339
Marc Cucurella,Chelsea,DF,33.2,24,46,26,ENG-Premier League,2425,0.7228915662650601,1.3855421686746987,0.7831325301204819
Marc Guiu,Chelsea,FW,0.8,0,1,0,ENG-Premier League,2425,0.0,1.25,0.0
Mathis Amougou,Chelsea,MF,0.1,0,0,0,ENG-Premier League,2425,0.0,0.0,0.0
Moisés Caicedo,Chelsea,"MF,DF",37.2,20,74,47,ENG-Premier League,2425,0.5376344086021505,1.9892473118279568,1.2634408602150538
Mykhailo Mudryk,Chelsea,MF,1.7,1,2,0,ENG-Premier League,2425,0.5882352941176471,1.1764705882352942,0.0
Nicolas Jackson,Chelsea,FW,24.7,76,11,3,ENG-Premier League,2425,3.076923076923077,0.4453441295546559,0.12145748987854252
Noni Madueke,Chelsea,MF,22.6,80,18,8,ENG-Premier League,2425,3.5398230088495573,0.7964601769911503,0.35398230088495575
Pedro Neto,Chelsea,"MF,FW",25.2,59,10,8,ENG-Premier League,2425,2.3412698412698414,0.39682539682539686,0.31746031746031744
Reece James,Chelsea,"DF,MF",11.8,11,9,14,ENG-Premier League,2425,0.9322033898305084,0.7627118644067796,1.1864406779661016
Renato Veiga,Chelsea,MF,2.0,3,6,1,ENG-Premier League,2425,1.5,3.0,0.5
Robert Sánchez,Chelsea,GK,32.0,0,0,2,ENG-Premier League,2425,0.0,0.0,0.0625
Roméo Lavia,Chelsea,MF,8.9,2,13,16,ENG-Premier League,2425,0.2247191011235955,1.4606741573033708,1.797752808988764
Tosin Adarabioyo,Chelsea,DF,15.7,13,13,10,ENG-Premier League,2425,0.8280254777070064,0.8280254777070064,0.6369426751592357
Trevoh Chalobah,Chelsea,DF,10.1,7,7,9,ENG-Premier League,2425,0.6930693069306931,0.6930693069306931,0.8910891089108911
Tyrique George,Chelsea,FW,2.0,3,0,2,ENG-Premier League,2425,1.5,0.0,1.0
Wesley Fofana,Chelsea,DF,13.0,3,11,12,ENG-Premier League,2425,0.23076923076923078,0.8461538461538461,0.9230769230769231
Adam Wharton,Crystal Palace,MF,14.6,13,16,19,ENG-Premier League,2425,0.8904109589041096,1.095890410958904,1.3013698630136987
Asher Agbinone,Crystal Palace,MF,0.1,1,1,0,ENG-Premier League,2425,10.0,10.0,0.0
Ben Chilwell,Crystal Palace,MF,2.9,5,6,6,ENG-Premier League,2425,1.7241379310344829,2.0689655172413794,2.0689655172413794
Caleb Kporha,Crystal Palace,DF,0.1,0,1,0,ENG-Premier League,2425,0.0,10.0,0.0
Chadi Riad,Crystal Palace,DF,1.0,0,2,2,ENG-Premier League,2425,0.0,2.0,2.0
Cheick Doucouré,Crystal Palace,MF,5.0,7,9,11,ENG-Premier League,2425,1.4,1.8,2.2
Chris Richards,Crystal Palace,DF,21.4,12,30,18,ENG-Premier League,2425,0.5607476635514019,1.4018691588785048,0.8411214953271029
Daichi Kamada,Crystal Palace,MF,17.4,20,29,18,ENG-Premier League,2425,1.149425287356322,1.6666666666666667,1.0344827586206897
Daniel Muñoz,Crystal Palace,MF,35.9,37,77,43,ENG-Premier League,2425,1.0306406685236769,2.1448467966573816,1.1977715877437327
Dean Henderson,Crystal Palace,GK,38.0,1,1,1,ENG-Premier League,2425,0.02631578947368421,0.02631578947368421,0.02631578947368421
Eberechi Eze,Crystal Palace,MF,28.8,102,21,10,ENG-Premier League,2425,3.5416666666666665,0.7291666666666666,0.3472222222222222
Eddie Nketiah,Crystal Palace,"FW,MF",11.5,43,8,2,ENG-Premier League,2425,3.739130434782609,0.6956521739130435,0.17391304347826086
Ismaila Sarr,Crystal Palace,MF,30.1,59,11,8,ENG-Premier League,2425,1.9601328903654485,0.3654485049833887,0.26578073089700993
Jean-Philippe Mateta,Crystal Palace,FW,29.4,69,12,2,ENG-Premier League,2425,2.3469387755102042,0.40816326530612246,0.06802721088435375
Jefferson Lerma,Crystal Palace,"MF,DF",25.3,26,19,41,ENG-Premier League,2425,1.0276679841897234,0.7509881422924901,1.6205533596837944
Jeffrey Schlupp,Crystal Palace,"DF,FW",1.1,4,0,0,ENG-Premier League,2425,3.6363636363636362,0.0,0.0
Joachim Andersen,Crystal Palace,DF,1.0,1,1,0,ENG-Premier League,2425,1.0,1.0,0.0
Joel Ward,Crystal Palace,DF,0.8,0,0,0,ENG-Premier League,2425,0.0,0.0,0.0
Jordan Ayew,Crystal Palace,"FW,MF",0.2,1,0,0,ENG-Premier League,2425,5.0,0.0,0.0
Justin Devenny,Crystal Palace,MF,5.6,10,11,0,ENG-Premier League,2425,1.7857142857142858,1.9642857142857144,0.0
Marc Guéhi,Crystal Palace,DF,34.0,15,32,29,ENG-Premier League,2425,0.4411764705882353,0.9411764705882353,0.8529411764705882
Matheus França,Crystal Palace,FW,0.6,6,0,1,ENG-Premier League,2425,10.0,0.0,1.6666666666666667
Maxence Lacroix,Crystal Palace,DF,34.6,30,42,54,ENG-Premier League,2425,0.8670520231213873,1.2138728323699421,1.560693641618497
Nathaniel Clyne,Crystal Palace,"DF,MF",5.4,2,8,3,ENG-Premier League,2425,0.37037037037037035,1.4814814814814814,0.5555555555555555
Odsonne Édouard,Crystal Palace,MF,1.3,5,0,0,ENG-Premier League,2425,3.846153846153846,0.0,0.0
Romain Esse,Crystal Palace,MF,1.5,1,5,1,ENG-Premier League,2425,0.6666666666666666,3.3333333333333335,0.6666666666666666
Trevoh Chalobah,Crystal Palace,DF,11.8,11,15,20,ENG-Premier League,2425,0.9322033898305084,1.271186440677966,1.694915254237288
Tyrick Mitchell,Crystal Palace,MF,34.4,12,53,21,ENG-Premier League,2425,0.3488372093023256,1.5406976744186047,0.6104651162790697
Will Hughes,Crystal Palace,MF,23.4,22,36,21,ENG-Premier League,2425,0.9401709401709403,1.5384615384615385,0.8974358974358975
Abdoulaye Doucouré,Everton,MF,28.5,31,28,11,ENG-Premier League,2425,1.087719298245614,0.9824561403508771,0.38596491228070173
Armando Broja,Everton,FW,3.7,4,1,1,ENG-Premier League,2425,1.081081081081081,0.27027027027027023,0.27027027027027023
Ashley Young,Everton,DF,20.8,6,36,26,ENG-Premier League,2425,0.28846153846153844,1.7307692307692306,1.25
Beto,Everton,FW,17.0,49,7,4,ENG-Premier League,2425,2.8823529411764706,0.4117647058823529,0.23529411764705882
Carlos Alcaraz,Everton,MF,8.5,26,4,5,ENG-Premier League,2425,3.0588235294117645,0.47058823529411764,0.5882352941176471
Dominic Calvert-Lewin,Everton,FW,17.9,50,7,7,ENG-Premier League,2425,2.7932960893854752,0.3910614525139665,0.3910614525139665
Dwight McNeil,Everton,MF,15.2,24,8,6,ENG-Premier League,2425,1.5789473684210527,0.5263157894736842,0.39473684210526316
Harrison Armstrong,Everton,MF,0.5,1,0,0,ENG-Premier League,2425,2.0,0.0,0.0
Idrissa Gueye,Everton,MF,34.0,27,76,46,ENG-Premier League,2425,0.7941176470588235,2.235294117647059,1.3529411764705883
Iliman Ndiaye,Everton,"MF,FW",27.0,37,27,19,ENG-Premier League,2425,1.3703703703703705,1.0,0.7037037037037037
Jack Harrison,Everton,"MF,FW",23.1,29,23,9,ENG-Premier League,2425,1.2554112554112553,0.9956709956709956,0.3896103896103896
Jake O'Brien,Everton,DF,17.5,6,17,4,ENG-Premier League,2425,0.34285714285714286,0.9714285714285714,0.22857142857142856
James Garner,Everton,"MF,DF",17.7,12,32,20,ENG-Premier League,2425,0.6779661016949153,1.807909604519774,1.1299435028248588
James Tarkowski,Everton,DF,32.5,15,40,37,ENG-Premier League,2425,0.46153846153846156,1.2307692307692308,1.1384615384615384
Jarrad Branthwaite,Everton,DF,27.9,10,21,24,ENG-Premier League,2425,0.35842293906810035,0.7526881720430108,0.8602150537634409
Jesper Lindstrøm,Everton,MF,13.8,28,24,13,ENG-Premier League,2425,2.0289855072463765,1.7391304347826086,0.9420289855072463
Jordan Pickford,Everton,GK,38.0,0,1,1,ENG-Premier League,2425,0.0,0.02631578947368421,0.02631578947368421
Mason Holgate,Everton,DF,0.1,0,0,0,ENG-Premier League,2425,0.0,0.0,0.0
Michael Keane,Everton,DF,11.7,10,10,13,ENG-Premier League,2425,0.8547008547008548,0.8547008547008548,1.1111111111111112
Nathan Patterson,Everton,DF,3.9,1,6,2,ENG-Premier League,2425,0.25641025641025644,1.5384615384615385,0.5128205128205129
Orel Mangala,Everton,MF,14.0,16,8,21,ENG-Premier League,2425,1.1428571428571428,0.5714285714285714,1.5
Roman Dixon,Everton,DF,1.0,0,5,1,ENG-Premier League,2425,0.0,5.0,1.0
Séamus Coleman,Everton,DF,2.4,1,2,1,ENG-Premier League,2425,0.4166666666666667,0.8333333333333334,0.4166666666666667
Tim Iroegbunam,Everton,MF,6.4,5,13,14,ENG-Premier League,2425,0.78125,2.03125,2.1875
Vitaliy Mykolenko,Everton,DF,34.2,14,38,42,ENG-Premier League,2425,0.4093567251461988,1.111111111111111,1.2280701754385963
Youssef Chermiti,Everton,FW,0.5,3,0,0,ENG-Premier League,2425,6.0,0.0,0.0
Adama Traoré,Fulham,MF,19.7,39,13,1,ENG-Premier League,2425,1.9796954314720814,0.6598984771573604,0.050761421319796954
Alex Iwobi,Fulham,MF,33.1,68,26,13,ENG-Premier League,2425,2.0543806646525677,0.7854984894259819,0.39274924471299094
Andreas Pereira,Fulham,MF,22.4,39,12,9,ENG-Premier League,2425,1.7410714285714286,0.5357142857142857,0.4017857142857143
Antonee Robinson,Fulham,"DF,MF",35.2,16,57,57,ENG-Premier League,2425,0.45454545454545453,1.6193181818181817,1.6193181818181817
Bernd Leno,Fulham,GK,38.0,0,2,0,ENG-Premier League,2425,0.0,0.05263157894736842,0.0
Calvin Bassey,Fulham,DF,34.2,14,33,19,ENG-Premier League,2425,0.4093567251461988,0.9649122807017543,0.5555555555555555
Carlos Vinícius,Fulham,FW,0.2,1,0,0,ENG-Premier League,2425,5.0,0.0,0.0
Emile Smith Rowe,Fulham,MF,22.7,37,18,11,ENG-Premier League,2425,1.6299559471365639,0.7929515418502203,0.4845814977973568
Harrison Reed,Fulham,MF,1.2,3,2,1,ENG-Premier League,2425,2.5,1.6666666666666667,0.8333333333333334
Harry Wilson,Fulham,"MF,FW",12.9,43,15,6,ENG-Premier League,2425,3.333333333333333,1.1627906976744187,0.46511627906976744
Issa Diop,Fulham,DF,14.9,5,12,9,ENG-Premier League,2425,0.33557046979865773,0.8053691275167785,0.6040268456375839
Joachim Andersen,Fulham,DF,28.7,19,16,33,ENG-Premier League,2425,0.662020905923345,0.5574912891986062,1.1498257839721255
Jorge Cuenca,Fulham,DF,3.9,1,2,2,ENG-Premier League,2425,0.25641025641025644,0.5128205128205129,0.5128205128205129
Joshua King,Fulham,MF,1.4,3,5,1,ENG-Premier League,2425,2.142857142857143,3.5714285714285716,0.7142857142857143
Kenny Tete,Fulham,DF,19.7,24,38,30,ENG-Premier League,2425,1.218274111675127,1.9289340101522843,1.5228426395939088
Martial Godo,Fulham,"FW,MF",0.3,0,0,1,ENG-Premier League,2425,0.0,0.0,3.3333333333333335
Raúl Jiménez,Fulham,FW,27.7,96,24,11,ENG-Premier League,2425,3.4657039711191335,0.8664259927797834,0.39711191335740076
Reiss Nelson,Fulham,MF,5.4,12,5,5,ENG-Premier League,2425,2.222222222222222,0.9259259259259258,0.9259259259259258
Rodrigo Muniz,Fulham,FW,10.7,40,6,4,ENG-Premier League,2425,3.738317757009346,0.5607476635514019,0.3738317757009346
Ryan Sessegnon,Fulham,"MF,DF",6.4,14,12,4,ENG-Premier League,2425,2.1875,1.875,0.625
Sander Berge,Fulham,MF,24.7,3,32,21,ENG-Premier League,2425,0.12145748987854252,1.2955465587044535,0.8502024291497976
Saša Lukić,Fulham,MF,26.0,18,38,26,ENG-Premier League,2425,0.6923076923076923,1.4615384615384615,1.0
Timothy Castagne,Fulham,"DF,MF",18.3,8,31,23,ENG-Premier League,2425,0.4371584699453552,1.6939890710382512,1.256830601092896
Tom Cairney,Fulham,MF,7.0,11,4,4,ENG-Premier League,2425,1.5714285714285714,0.5714285714285714,0.5714285714285714
Willian,Fulham,"MF,FW",2.9,7,2,1,ENG-Premier League,2425,2.413793103448276,0.6896551724137931,0.3448275862068966
Alex Palmer,Ipswich Town,GK,13.0,0,0,0,ENG-Premier League,2425,0.0,0.0,0.0
Ali Al Hamadi,Ipswich Town,FW,1.5,4,0,0,ENG-Premier League,2425,2.6666666666666665,0.0,0.0
Arijanet Muric,Ipswich Town,GK,18.0,0,0,0,ENG-Premier League,2425,0.0,0.0,0.0
Axel Tuanzebe,Ipswich Town,DF,19.0,4,19,22,ENG-Premier League,2425,0.21052631578947367,1.0,1.1578947368421053
Ben Godfrey,Ipswich Town,DF,1.8,0,0,2,ENG-Premier League,2425,0.0,0.0,1.1111111111111112
Ben Johnson,Ipswich Town,"MF,DF",15.0,7,20,13,ENG-Premier League,2425,0.4666666666666667,1.3333333333333333,0.8666666666666667
Cameron Burgess,Ipswich Town,DF,17.1,10,13,10,ENG-Premier League,2425,0.5847953216374269,0.7602339181286549,0.5847953216374269
Chiedozie Ogbene,Ipswich Town,MF,2.6,0,3,1,ENG-Premier League,2425,0.0,1.1538461538461537,0.3846153846153846
Christian Walton,Ipswich Town,GK,7.0,0,0,0,ENG-Premier League,2425,0.0,0.0,0.0
Conor Chaplin,Ipswich Town,"MF,FW",9.5,16,5,3,ENG-Premier League,2425,1.6842105263157894,0.5263157894736842,0.3157894736842105
Conor Townsend,Ipswich Town,DF,3.7,1,7,5,ENG-Premier League,2425,0.27027027027027023,1.8918918918918919,1.3513513513513513
Dara O'Shea,Ipswich Town,DF,34.7,22,30,33,ENG-Premier League,2425,0.6340057636887607,0.8645533141210374,0.9510086455331411
George Hirst,Ipswich Town,FW,7.3,14,3,2,ENG-Premier League,2425,1.9178082191780823,0.4109589041095891,0.273972602739726
Harry Clarke,Ipswich Town,DF,4.2,1,3,3,ENG-Premier League,2425,0.23809523809523808,0.7142857142857143,0.7142857142857143
Jack Clarke,Ipswich Town,MF,13.1,17,18,7,ENG-Premier League,2425,1.297709923664122,1.3740458015267176,0.5343511450381679
Jack Taylor,Ipswich Town,MF,9.6,19,11,9,ENG-Premier League,2425,1.9791666666666667,1.1458333333333335,0.9375
Jacob Greaves,Ipswich Town,DF,24.5,10,22,21,ENG-Premier League,2425,0.40816326530612246,0.8979591836734694,0.8571428571428571
Jaden Philogene Bidace,Ipswich Town,MF,5.3,12,7,8,ENG-Premier League,2425,2.2641509433962264,1.3207547169811322,1.509433962264151
Jens Cajuste,Ipswich Town,MF,21.8,12,22,29,ENG-Premier League,2425,0.5504587155963303,1.0091743119266054,1.3302752293577982
Julio Enciso,Ipswich Town,MF,9.7,32,9,1,ENG-Premier League,2425,3.2989690721649487,0.9278350515463918,0.10309278350515465
Kalvin Phillips,Ipswich Town,MF,13.7,11,20,18,ENG-Premier League,2425,0.8029197080291971,1.4598540145985401,1.3138686131386863
Leif Davis,Ipswich Town,DF,30.5,16,28,25,ENG-Premier League,2425,0.5245901639344263,0.9180327868852459,0.819672131147541
Liam Delap,Ipswich Town,FW,28.8,68,8,2,ENG-Premier League,2425,2.361111111111111,0.2777777777777778,0.06944444444444445
Luke Woolfenden,Ipswich Town,DF,13.2,1,6,21,ENG-Premier League,2425,0.07575757575757576,0.4545454545454546,1.590909090909091
Marcus Harness,Ipswich Town,"FW,MF",0.5,0,0,0,ENG-Premier League,2425,0.0,0.0,0.0
Massimo Luongo,Ipswich Town,MF,2.2,0,6,3,ENG-Premier League,2425,0.0,2.727272727272727,1.3636363636363635
Nathan Broadhead,Ipswich Town,MF,7.8,13,4,4,ENG-Premier League,2425,1.6666666666666667,0.5128205128205129,0.5128205128205129
Omari Hutchinson,Ipswich Town,MF,28.7,45,13,11,ENG-Premier League,2425,1.5679442508710801,0.4529616724738676,0.3832752613240418
Sam Morsy,Ipswich Town,MF,30.6,13,39,28,ENG-Premier League,2425,0.42483660130718953,1.2745098039215685,0.9150326797385621
Sammie Szmodics,Ipswich Town,MF,11.0,21,12,5,ENG-Premier League,2425,1.9090909090909092,1.0909090909090908,0.45454545454545453
Wes Burns,Ipswich Town,MF,10.3,7,11,10,ENG-Premier League,2425,0.6796116504854368,1.0679611650485437,0.9708737864077669
Abdul Fatawu Issahaku,Leicester City,"MF,FW",6.4,13,15,4,ENG-Premier League,2425,2.03125,2.34375,0.625
Bilal El Khannouss,Leicester City,MF,24.2,30,30,5,ENG-Premier League,2425,1.2396694214876034,1.2396694214876034,0.2066115702479339
Bobby De Cordova-Reid,Leicester City,"MF,FW",8.3,7,3,1,ENG-Premier League,2425,0.8433734939759036,0.36144578313253006,0.12048192771084336
Boubakary Soumaré,Leicester City,MF,24.1,7,19,27,ENG-Premier League,2425,0.2904564315352697,0.7883817427385892,1.120331950207469
Caleb Okoli,Leicester City,DF,12.5,4,14,15,ENG-Premier League,2425,0.32,1.12,1.2
Conor Coady,Leicester City,DF,19.0,2,9,12,ENG-Premier League,2425,0.10526315789473684,0.47368421052631576,0.631578947368421
Danny Ward,Leicester City,GK,1.5,0,0,0,ENG-Premier League,2425,0.0,0.0,0.0
Facundo Buonanotte,Leicester City,"MF,FW",16.9,36,33,13,ENG-Premier League,2425,2.1301775147928996,1.9526627218934913,0.7692307692307693
Hamza Choudhury,Leicester City,MF,1.5,0,1,5,ENG-Premier League,2425,0.0,0.6666666666666666,3.3333333333333335
Harry Winks,Leicester City,MF,17.1,10,10,8,ENG-Premier League,2425,0.5847953216374269,0.5847953216374269,0.4678362573099415
Jake Evans,Leicester City,MF,0.3,0,1,0,ENG-Premier League,2425,0.0,3.3333333333333335,0.0
Jakub Stolarczyk,Leicester City,GK,10.0,0,1,0,ENG-Premier League,2425,0.0,0.1,0.0
James Justin,Leicester City,"DF,MF",32.4,25,38,44,ENG-Premier League,2425,0.7716049382716049,1.1728395061728396,1.3580246913580247
Jamie Vardy,Leicester City,FW,31.4,58,12,5,ENG-Premier League,2425,1.8471337579617835,0.3821656050955414,0.15923566878980894
Jannik Vestergaard,Leicester City,DF,15.5,3,10,15,ENG-Premier League,2425,0.1935483870967742,0.6451612903225806,0.967741935483871
Jeremy Monga,Leicester City,FW,1.2,3,1,0,ENG-Premier League,2425,2.5,0.8333333333333334,0.0
Jordan Ayew,Leicester City,MF,18.2,32,14,11,ENG-Premier League,2425,1.7582417582417582,0.7692307692307693,0.6043956043956045
Kasey McAteer,Leicester City,MF,9.5,13,15,2,ENG-Premier League,2425,1.368421052631579,1.5789473684210527,0.21052631578947367
Luke Thomas,Leicester City,DF,12.3,5,25,20,ENG-Premier League,2425,0.4065040650406504,2.0325203252032518,1.6260162601626016
Mads Hermansen,Leicester City,GK,26.5,0,1,0,ENG-Premier League,2425,0.0,0.03773584905660377,0.0
Odsonne Édouard,Leicester City,FW,0.3,0,1,0,ENG-Premier League,2425,0.0,3.3333333333333335,0.0
Oliver Skipp,Leicester City,MF,12.5,5,4,12,ENG-Premier League,2425,0.4,0.32,0.96
Patson Daka,Leicester City,"MF,FW",8.2,15,10,1,ENG-Premier League,2425,1.829268292682927,1.2195121951219514,0.12195121951219513
Ricardo Pereira,Leicester City,DF,4.3,2,7,4,ENG-Premier League,2425,0.46511627906976744,1.627906976744186,0.9302325581395349
Stephy Mavididi,Leicester City,MF,17.9,26,20,8,ENG-Premier League,2425,1.452513966480447,1.11731843575419,0.446927374301676
Victor Bernth Kristiansen,Leicester City,"DF,MF",27.6,3,51,37,ENG-Premier League,2425,0.10869565217391304,1.8478260869565217,1.3405797101449275
Wilfred Ndidi,Leicester City,MF,25.8,22,48,27,ENG-Premier League,2425,0.8527131782945736,1.8604651162790697,1.0465116279069766
Wout Faes,Leicester City,DF,31.3,12,28,22,ENG-Premier League,2425,0.38338658146964855,0.8945686900958466,0.7028753993610224
Woyo Coulibaly,Leicester City,DF,1.2,2,4,5,ENG-Premier League,2425,1.6666666666666667,3.3333333333333335,4.166666666666667
Alexis Mac Allister,Liverpool,MF,28.9,38,59,22,ENG-Premier League,2425,1.3148788927335642,2.041522491349481,0.7612456747404844
Alisson,Liverpool,GK,27.9,0,0,0,ENG-Premier League,2425,0.0,0.0,0.0
Andy Robertson,Liverpool,DF,27.6,15,21,21,ENG-Premier League,2425,0.5434782608695652,0.7608695652173912,0.7608695652173912
Caoimhín Kelleher,Liverpool,GK,10.0,0,0,0,ENG-Premier League,2425,0.0,0.0,0.0
Cody Gakpo,Liverpool,MF,21.5,57,17,12,ENG-Premier League,2425,2.6511627906976742,0.7906976744186046,0.5581395348837209
Conor Bradley,Liverpool,DF,8.4,10,10,3,ENG-Premier League,2425,1.1904761904761905,1.1904761904761905,0.35714285714285715
Curtis Jones,Liverpool,"MF,DF",19.0,34,22,7,ENG-Premier League,2425,1.7894736842105263,1.1578947368421053,0.3684210526315789
Darwin Núñez,Liverpool,FW,12.6,34,18,4,ENG-Premier League,2425,2.6984126984126986,1.4285714285714286,0.31746031746031744
Diogo Jota,Liverpool,FW,13.3,51,9,8,ENG-Premier League,2425,3.834586466165413,0.6766917293233082,0.6015037593984962
Dominik Szoboszlai,Liverpool,MF,27.7,67,23,9,ENG-Premier League,2425,2.4187725631768955,0.8303249097472925,0.3249097472924188
Federico Chiesa,Liverpool,FW,1.2,5,0,0,ENG-Premier League,2425,4.166666666666667,0.0,0.0
Harvey Elliott,Liverpool,MF,4.1,17,3,1,ENG-Premier League,2425,4.146341463414634,0.7317073170731708,0.24390243902439027
Ibrahima Konaté,Liverpool,DF,28.4,19,28,19,ENG-Premier League,2425,0.6690140845070423,0.9859154929577465,0.6690140845070423
Jarell Quansah,Liverpool,DF,5.5,1,8,7,ENG-Premier League,2425,0.18181818181818182,1.4545454545454546,1.2727272727272727
Jayden Danns,Liverpool,FW,0.1,0,0,0,ENG-Premier League,2425,0.0,0.0,0.0
Joe Gomez,Liverpool,DF,5.8,3,10,7,ENG-Premier League,2425,0.5172413793103449,1.7241379310344829,1.206896551724138
Kostas Tsimikas,Liverpool,DF,9.3,4,19,10,ENG-Premier League,2425,0.4301075268817204,2.043010752688172,1.075268817204301
Luis Díaz,Liverpool,"FW,MF",26.7,71,27,7,ENG-Premier League,2425,2.659176029962547,1.0112359550561798,0.2621722846441948
Mohamed Salah,Liverpool,MF,37.5,130,11,9,ENG-Premier League,2425,3.466666666666667,0.29333333333333333,0.24
Ryan Gravenberch,Liverpool,MF,35.1,20,37,56,ENG-Premier League,2425,0.5698005698005698,1.054131054131054,1.5954415954415955
Trent Alexander-Arnold,Liverpool,DF,26.3,45,49,31,ENG-Premier League,2425,1.7110266159695817,1.8631178707224334,1.1787072243346006
Virgil van Dijk,Liverpool,DF,37.0,26,20,54,ENG-Premier League,2425,0.7027027027027027,0.5405405405405406,1.4594594594594594
Vitezslav Jaros,Liverpool,GK,0.1,0,0,0,ENG-Premier League,2425,0.0,0.0,0.0
Wataru Endo,Liverpool,MF,3.0,0,8,6,ENG-Premier League,2425,0.0,2.6666666666666665,2.0
Abdukodir Khusanov,Manchester City,DF,5.6,1,4,3,ENG-Premier League,2425,0.17857142857142858,0.7142857142857143,0.5357142857142857
Bernardo Silva,Manchester City,MF,29.7,32,35,21,ENG-Premier League,2425,1.0774410774410774,1.1784511784511784,0.7070707070707071
Claudio Echeverri,Manchester City,MF,0.1,0,0,0,ENG-Premier League,2425,0.0,0.0,0.0
Divin Mubama,Manchester City,FW,0.3,1,0,0,ENG-Premier League,2425,3.3333333333333335,0.0,0.0
Ederson Moraes,Manchester City,GK,25.8,0,0,1,ENG-Premier League,2425,0.0,0.0,0.03875968992248062
Erling Haaland,Manchester City,FW,30.4,109,6,5,ENG-Premier League,2425,3.585526315789474,0.19736842105263158,0.16447368421052633
Jack Grealish,Manchester City,"MF,FW",8.0,15,4,2,ENG-Premier League,2425,1.875,0.5,0.25
Jahmai Simpson-Pusey,Manchester City,DF,1.1,0,0,0,ENG-Premier League,2425,0.0,0.0,0.0
James Mcatee,Manchester City,MF,3.9,12,1,2,ENG-Premier League,2425,3.076923076923077,0.25641025641025644,0.5128205128205129
Jeremy Doku,Manchester City,"MF,FW",16.8,29,23,3,ENG-Premier League,2425,1.726190476190476,1.369047619047619,0.17857142857142858
John Stones,Manchester City,DF,6.1,2,3,4,ENG-Premier League,2425,0.3278688524590164,0.49180327868852464,0.6557377049180328
Joško Gvardiol,Manchester City,DF,36.4,40,38,42,ENG-Premier League,2425,1.098901098901099,1.043956043956044,1.153846153846154
Kevin De Bruyne,Manchester City,"MF,FW",18.9,57,9,7,ENG-Premier League,2425,3.0158730158730163,0.4761904761904762,0.3703703703703704
Kyle Walker,Manchester City,DF,10.8,5,10,3,ENG-Premier League,2425,0.4629629629629629,0.9259259259259258,0.27777777777777773
Manuel Akanji,Manchester City,"DF,MF",22.4,15,11,9,ENG-Premier League,2425,0.6696428571428572,0.4910714285714286,0.4017857142857143
Mateo Kovačić,Manchester City,"MF,DF",24.4,45,39,22,ENG-Premier League,2425,1.8442622950819674,1.598360655737705,0.9016393442622951
Matheus Nunes,Manchester City,"DF,MF",18.6,9,21,14,ENG-Premier League,2425,0.48387096774193544,1.129032258064516,0.7526881720430108
Nathan Aké,Manchester City,DF,7.5,3,6,3,ENG-Premier League,2425,0.4,0.8,0.4
Nico O'Reilly,Manchester City,DF,5.9,8,4,4,ENG-Premier League,2425,1.3559322033898304,0.6779661016949152,0.6779661016949152
Nicolás González,Manchester City,MF,8.4,9,4,8,ENG-Premier League,2425,1.0714285714285714,0.47619047619047616,0.9523809523809523
Omar Marmoush,Manchester City,"MF,FW",13.1,49,8,6,ENG-Premier League,2425,3.740458015267176,0.6106870229007634,0.4580152671755725
Oscar Bobb,Manchester City,"FW,MF",0.2,0,0,0,ENG-Premier League,2425,0.0,0.0,0.0
Phil Foden,Manchester City,"MF,FW",19.7,54,5,9,ENG-Premier League,2425,2.7411167512690358,0.25380710659898476,0.4568527918781726
Rico Lewis,Manchester City,"DF,MF",21.0,10,17,14,ENG-Premier League,2425,0.47619047619047616,0.8095238095238095,0.6666666666666666
Rodri,Manchester City,MF,0.8,0,1,1,ENG-Premier League,2425,0.0,1.25,1.25
Rúben Dias,Manchester City,"DF,MF",25.2,21,11,19,ENG-Premier League,2425,0.8333333333333334,0.4365079365079365,0.753968253968254
Stefan Ortega,Manchester City,GK,12.2,0,0,0,ENG-Premier League,2425,0.0,0.0,0.0
Sávio,Manchester City,"MF,FW",19.6,55,17,4,ENG-Premier League,2425,2.8061224489795915,0.8673469387755102,0.2040816326530612
İlkay Gündoğan,Manchester City,MF,24.7,27,13,14,ENG-Premier League,2425,1.0931174089068827,0.5263157894736842,0.5668016194331984
Alejandro Garnacho,Manchester Utd,MF,24.4,84,16,13,ENG-Premier League,2425,3.4426229508196724,0.6557377049180328,0.5327868852459017
Altay Bayındır,Manchester Utd,GK,4.0,0,0,0,ENG-Premier League,2425,0.0,0.0,0.0
Amad Diallo,Manchester Utd,"MF,FW",21.1,47,31,10,ENG-Premier League,2425,2.2274881516587675,1.4691943127962084,0.4739336492890995
André Onana,Manchester Utd,GK,34.0,0,2,0,ENG-Premier League,2425,0.0,0.058823529411764705,0.0
Antony,Manchester Utd,"FW,MF",1.6,6,3,2,ENG-Premier League,2425,3.75,1.875,1.25
Ayden Heaven,Manchester Utd,DF,1.9,2,3,4,ENG-Premier League,2425,1.0526315789473684,1.5789473684210527,2.1052631578947367
Bruno Fernandes,Manchester Utd,MF,33.5,96,52,26,ENG-Premier League,2425,2.8656716417910446,1.5522388059701493,0.7761194029850746
Casemiro,Manchester Utd,MF,16.6,32,52,15,ENG-Premier League,2425,1.9277108433734937,3.1325301204819276,0.9036144578313252
Chidozie Obi-Martin,Manchester Utd,FW,1.8,5,1,0,ENG-Premier League,2425,2.7777777777777777,0.5555555555555556,0.0
Christian Eriksen,Manchester Utd,MF,11.8,15,8,7,ENG-Premier League,2425,1.271186440677966,0.6779661016949152,0.5932203389830508
Diogo Dalot,Manchester Utd,"MF,DF",31.3,24,38,35,ENG-Premier League,2425,0.7667731629392971,1.2140575079872205,1.1182108626198082
Harry Amass,Manchester Utd,MF,3.8,3,2,2,ENG-Premier League,2425,0.7894736842105263,0.5263157894736842,0.5263157894736842
Harry Maguire,Manchester Utd,DF,19.5,15,16,37,ENG-Premier League,2425,0.7692307692307693,0.8205128205128205,1.8974358974358974
Jonny Evans,Manchester Utd,DF,3.5,2,6,5,ENG-Premier League,2425,0.5714285714285714,1.7142857142857142,1.4285714285714286
Joshua Zirkzee,Manchester Utd,"FW,MF",15.6,28,8,6,ENG-Premier League,2425,1.794871794871795,0.5128205128205129,0.38461538461538464
Kobbie Mainoo,Manchester Utd,MF,18.3,15,28,19,ENG-Premier League,2425,0.819672131147541,1.530054644808743,1.0382513661202186
Leny Yoro,Manchester Utd,DF,12.9,5,11,17,ENG-Premier League,2425,0.38759689922480617,0.8527131782945736,1.317829457364341
Lisandro Martínez,Manchester Utd,DF,19.5,17,24,31,ENG-Premier League,2425,0.8717948717948718,1.2307692307692308,1.5897435897435896
Luke Shaw,Manchester Utd,DF,3.9,1,3,2,ENG-Premier League,2425,0.25641025641025644,0.7692307692307693,0.5128205128205129
Manuel Ugarte,Manchester Utd,MF,19.8,19,50,26,ENG-Premier League,2425,0.9595959595959596,2.525252525252525,1.3131313131313131
Marcus Rashford,Manchester Utd,MF,10.9,16,4,5,ENG-Premier League,2425,1.4678899082568806,0.36697247706422015,0.4587155963302752
Mason Mount,Manchester Utd,"MF,FW",6.9,20,5,4,ENG-Premier League,2425,2.898550724637681,0.7246376811594203,0.5797101449275363
Matthijs de Ligt,Manchester Utd,DF,23.6,18,22,32,ENG-Premier League,2425,0.7627118644067796,0.9322033898305084,1.3559322033898304
Noussair Mazraoui,Manchester Utd,"DF,MF",31.5,13,71,35,ENG-Premier League,2425,0.4126984126984127,2.253968253968254,1.1111111111111112
Patrick Dorgu,Manchester Utd,MF,9.4,10,23,3,ENG-Premier League,2425,1.0638297872340425,2.4468085106382977,0.3191489361702127
Rasmus Højlund,Manchester Utd,FW,22.3,32,1,2,ENG-Premier League,2425,1.4349775784753362,0.04484304932735426,0.08968609865470852
Scott McTominay,Manchester Utd,MF,0.2,1,0,0,ENG-Premier League,2425,5.0,0.0,0.0
Toby Collyer,Manchester Utd,MF,2.0,1,9,3,ENG-Premier League,2425,0.5,4.5,1.5
Tyler Fredricson,Manchester Utd,DF,1.8,0,3,1,ENG-Premier League,2425,0.0,1.6666666666666665,0.5555555555555556
Tyrell Malacia,Manchester Utd,MF,1.1,0,1,2,ENG-Premier League,2425,0.0,0.9090909090909091,1.8181818181818181
Victor Lindelöf,Manchester Utd,DF,7.8,0,2,7,ENG-Premier League,2425,0.0,0.25641025641025644,0.8974358974358975
Alexander Isak,Newcastle,FW,30.6,99,5,3,ENG-Premier League,2425,3.235294117647059,0.16339869281045752,0.09803921568627451
Anthony Gordon,Newcastle,"FW,MF",27.0,59,17,6,ENG-Premier League,2425,2.185185185185185,0.6296296296296297,0.2222222222222222
Bruno Guimarães,Newcastle,MF,36.3,45,47,28,ENG-Premier League,2425,1.2396694214876034,1.2947658402203859,0.7713498622589532
Callum Wilson,Newcastle,FW,4.1,6,2,1,ENG-Premier League,2425,1.4634146341463417,0.48780487804878053,0.24390243902439027
Dan Burn,Newcastle,DF,37.0,22,25,27,ENG-Premier League,2425,0.5945945945945946,0.6756756756756757,0.7297297297297297
Emil Krafth,Newcastle,DF,3.8,1,1,3,ENG-Premier League,2425,0.2631578947368421,0.2631578947368421,0.7894736842105263
Fabian Schär,Newcastle,DF,32.6,40,20,43,ENG-Premier League,2425,1.2269938650306749,0.6134969325153374,1.3190184049079754
Harvey Barnes,Newcastle,"FW,MF",19.5,63,9,6,ENG-Premier League,2425,3.230769230769231,0.46153846153846156,0.3076923076923077
Jacob Murphy,Newcastle,"FW,MF",26.2,43,18,11,ENG-Premier League,2425,1.6412213740458015,0.6870229007633588,0.41984732824427484
Joe Willock,Newcastle,MF,12.1,18,18,7,ENG-Premier League,2425,1.4876033057851241,1.4876033057851241,0.578512396694215
Joelinton,Newcastle,"MF,FW",26.6,45,35,20,ENG-Premier League,2425,1.6917293233082706,1.3157894736842104,0.7518796992481203
Kieran Trippier,Newcastle,DF,14.5,4,22,11,ENG-Premier League,2425,0.27586206896551724,1.5172413793103448,0.7586206896551724
Lewis Hall,Newcastle,DF,24.3,11,40,17,ENG-Premier League,2425,0.45267489711934156,1.646090534979424,0.6995884773662551
Lewis Miley,Newcastle,MF,3.5,3,11,2,ENG-Premier League,2425,0.8571428571428571,3.142857142857143,0.5714285714285714
Lloyd Kelly,Newcastle,DF,3.4,3,4,1,ENG-Premier League,2425,0.8823529411764706,1.1764705882352942,0.29411764705882354
Martin Dúbravka,Newcastle,GK,10.0,0,0,0,ENG-Premier League,2425,0.0,0.0,0.0
Matt Targett,Newcastle,"DF,MF",0.2,0,0,1,ENG-Premier League,2425,0.0,0.0,5.0
Miguel Almirón,Newcastle,FW,1.7,6,2,0,ENG-Premier League,2425,3.5294117647058822,1.1764705882352942,0.0
Nick Pope,Newcastle,GK,28.0,0,0,1,ENG-Premier League,2425,0.0,0.0,0.03571428571428571
Sandro Tonali,Newcastle,MF,29.2,35,32,32,ENG-Premier League,2425,1.1986301369863015,1.095890410958904,1.095890410958904
Sean Longstaff,Newcastle,MF,8.9,6,15,7,ENG-Premier League,2425,0.6741573033707865,1.6853932584269662,0.7865168539325842
Sven Botman,Newcastle,DF,4.6,5,8,5,ENG-Premier League,2425,1.0869565217391306,1.7391304347826089,1.0869565217391306
Tino Livramento,Newcastle,DF,31.6,6,34,26,ENG-Premier League,2425,0.18987341772151897,1.0759493670886076,0.8227848101265822
William Osula,Newcastle,FW,1.5,4,0,3,ENG-Premier League,2425,2.6666666666666665,0.0,2.0
Anthony Elanga,Nottingham,"MF,FW",27.8,44,15,6,ENG-Premier League,2425,1.5827338129496402,0.539568345323741,0.2158273381294964
Callum Hudson-Odoi,Nottingham,MF,24.4,37,16,13,ENG-Premier League,2425,1.5163934426229508,0.6557377049180328,0.5327868852459017
Chris Wood,Nottingham,FW,32.9,68,5,6,ENG-Premier League,2425,2.066869300911854,0.1519756838905775,0.182370820668693
Danilo Santos,Nottingham,MF,3.1,0,3,4,ENG-Premier League,2425,0.0,0.9677419354838709,1.2903225806451613
Elliot Anderson,Nottingham,MF,30.3,40,55,29,ENG-Premier League,2425,1.3201320132013201,1.8151815181518152,0.957095709570957
Eric da Silva Moreira,Nottingham,DF,0.3,0,2,1,ENG-Premier League,2425,0.0,6.666666666666667,3.3333333333333335
Harry Toffolo,Nottingham,DF,1.5,1,3,1,ENG-Premier League,2425,0.6666666666666666,2.0,0.6666666666666666
Ibrahim Sangaré,Nottingham,MF,6.6,1,13,7,ENG-Premier League,2425,0.15151515151515152,1.9696969696969697,1.0606060606060606
James Ward-Prowse,Nottingham,MF,4.4,2,1,5,ENG-Premier League,2425,0.45454545454545453,0.22727272727272727,1.1363636363636362
Jota Silva,Nottingham,MF,9.5,23,16,11,ENG-Premier League,2425,2.4210526315789473,1.6842105263157894,1.1578947368421053
Matz Sels,Nottingham,GK,38.0,0,1,0,ENG-Premier League,2425,0.0,0.02631578947368421,0.0
Morato,Nottingham,DF,10.1,2,14,9,ENG-Premier League,2425,0.19801980198019803,1.3861386138613863,0.8910891089108911
Morgan Gibbs-White,Nottingham,MF,31.1,61,21,22,ENG-Premier League,2425,1.9614147909967845,0.67524115755627,0.7073954983922829
Murillo,Nottingham,DF,35.4,25,39,36,ENG-Premier League,2425,0.7062146892655368,1.1016949152542372,1.0169491525423728
Neco Williams,Nottingham,"DF,MF",28.8,37,57,30,ENG-Premier League,2425,1.284722222222222,1.9791666666666665,1.0416666666666667
Nicolás Domínguez,Nottingham,MF,21.8,21,48,28,ENG-Premier League,2425,0.963302752293578,2.2018348623853212,1.2844036697247705
Nikola Milenković,Nottingham,DF,37.0,29,28,25,ENG-Premier League,2425,0.7837837837837838,0.7567567567567568,0.6756756756756757
Ola Aina,Nottingham,DF,33.3,11,41,31,ENG-Premier League,2425,0.3303303303303304,1.2312312312312312,0.930930930930931
Ramón Sosa,Nottingham,MF,3.3,11,3,4,ENG-Premier League,2425,3.3333333333333335,0.9090909090909092,1.2121212121212122
Ryan Yates,Nottingham,MF,21.3,33,21,25,ENG-Premier League,2425,1.5492957746478873,0.9859154929577465,1.1737089201877935
Taiwo Awoniyi,Nottingham,FW,4.6,10,4,0,ENG-Premier League,2425,2.173913043478261,0.8695652173913044,0.0
Willy Boly,Nottingham,DF,1.7,1,1,3,ENG-Premier League,2425,0.5882352941176471,0.5882352941176471,1.7647058823529411
Álex Moreno,Nottingham,DF,10.6,6,18,16,ENG-Premier League,2425,0.5660377358490566,1.6981132075471699,1.509433962264151
Aaron Ramsdale,Southampton,GK,30.0,0,0,1,ENG-Premier League,2425,0.0,0.0,0.03333333333333333
Adam Armstrong,Southampton,"FW,MF",13.9,26,3,4,ENG-Premier League,2425,1.870503597122302,0.2158273381294964,0.28776978417266186
Adam Lallana,Southampton,MF,4.0,3,5,5,ENG-Premier League,2425,0.75,1.25,1.25
Albert Grønbaek,Southampton,"MF,FW",1.6,2,1,0,ENG-Premier League,2425,1.25,0.625,0.0
Alex McCarthy,Southampton,GK,5.0,0,0,0,ENG-Premier League,2425,0.0,0.0,0.0
Armel Bella Kotchap,Southampton,DF,3.7,1,5,5,ENG-Premier League,2425,0.27027027027027023,1.3513513513513513,1.3513513513513513
Ben Brereton,Southampton,"FW,MF",5.0,11,2,0,ENG-Premier League,2425,2.2,0.4,0.0
Cameron Archer,Southampton,FW,16.0,29,9,1,ENG-Premier League,2425,1.8125,0.5625,0.0625
Carlos Alcaraz,Southampton,MF,0.1,1,0,1,ENG-Premier League,2425,10.0,0.0,10.0
Charlie Taylor,Southampton,DF,4.0,0,6,5,ENG-Premier League,2425,0.0,1.5,1.25
Flynn Downes,Southampton,MF,23.9,10,27,31,ENG-Premier League,2425,0.4184100418410042,1.1297071129707115,1.2970711297071131
Jack Stephens,Southampton,DF,15.4,4,20,12,ENG-Premier League,2425,0.2597402597402597,1.2987012987012987,0.7792207792207793
James Bree,Southampton,"DF,MF",11.9,4,13,5,ENG-Premier League,2425,0.3361344537815126,1.0924369747899159,0.42016806722689076
Jan Bednarek,Southampton,DF,28.1,5,19,55,ENG-Premier League,2425,0.1779359430604982,0.6761565836298932,1.9572953736654803
Jay Robinson,Southampton,MF,1.5,1,1,0,ENG-Premier League,2425,0.6666666666666666,0.6666666666666666,0.0
Joachim Kayi Sanda,Southampton,DF,0.2,0,0,1,ENG-Premier League,2425,0.0,0.0,5.0
Joe Aribo,Southampton,MF,22.4,17,34,20,ENG-Premier League,2425,0.7589285714285715,1.517857142857143,0.8928571428571429
Joe Lumley,Southampton,GK,3.0,0,0,0,ENG-Premier League,2425,0.0,0.0,0.0
Kamaldeen Sulemana,Southampton,"FW,MF",15.6,29,16,5,ENG-Premier League,2425,1.858974358974359,1.0256410256410258,0.32051282051282054
Kyle Walker-Peters,Southampton,"MF,DF",32.4,20,32,19,ENG-Premier League,2425,0.617283950617284,0.9876543209876544,0.5864197530864198
Lesley Ugochukwu,Southampton,MF,18.4,10,22,14,ENG-Premier League,2425,0.5434782608695653,1.1956521739130437,0.7608695652173914
Mateus Fernandes,Southampton,MF,32.3,42,50,25,ENG-Premier League,2425,1.30030959752322,1.5479876160990713,0.7739938080495357
Maxwel Cornet,Southampton,MF,0.8,1,5,0,ENG-Premier League,2425,1.25,6.25,0.0
Nathan Wood-Gordon,Southampton,DF,8.6,2,7,4,ENG-Premier League,2425,0.23255813953488372,0.813953488372093,0.46511627906976744
Paul Onuachu,Southampton,FW,11.7,34,2,1,ENG-Premier League,2425,2.9059829059829063,0.17094017094017094,0.08547008547008547
Ronnie Edwards,Southampton,DF,0.1,0,0,0,ENG-Premier League,2425,0.0,0.0,0.0
Ross Stewart,Southampton,FW,4.3,9,5,0,ENG-Premier League,2425,2.0930232558139537,1.1627906976744187,0.0
Ryan Fraser,Southampton,"MF,DF",3.4,1,2,1,ENG-Premier League,2425,0.29411764705882354,0.5882352941176471,0.29411764705882354
Ryan Manning,Southampton,"DF,MF",16.2,8,18,17,ENG-Premier League,2425,0.4938271604938272,1.1111111111111112,1.0493827160493827
Samuel Amo-Ameyaw,Southampton,"FW,MF",0.3,1,0,0,ENG-Premier League,2425,3.3333333333333335,0.0,0.0
Samuel Edozie,Southampton,"FW,MF",0.7,0,1,0,ENG-Premier League,2425,0.0,1.4285714285714286,0.0
Taylor Harwood-Bellis,Southampton,DF,31.4,20,22,29,ENG-Premier League,2425,0.6369426751592357,0.7006369426751593,0.9235668789808917
Tyler Dibling,Southampton,"MF,FW",20.8,28,21,7,ENG-Premier League,2425,1.346153846153846,1.0096153846153846,0.3365384615384615
Welington,Southampton,"MF,DF",5.4,3,10,5,ENG-Premier League,2425,0.5555555555555555,1.8518518518518516,0.9259259259259258
William Smallbone,Southampton,MF,7.7,7,12,2,ENG-Premier League,2425,0.9090909090909091,1.5584415584415585,0.2597402597402597
Yukinari Sugawara,Southampton,"MF,DF",17.3,14,16,9,ENG-Premier League,2425,0.8092485549132947,0.9248554913294798,0.5202312138728323
Alfie Dorrington,Tottenham,DF,0.2,0,0,0,ENG-Premier League,2425,0.0,0.0,0.0
Antonín Kinský,Tottenham,GK,6.0,0,1,0,ENG-Premier League,2425,0.0,0.16666666666666666,0.0
Archie Gray,Tottenham,"DF,MF",19.5,1,9,18,ENG-Premier League,2425,0.05128205128205128,0.46153846153846156,0.9230769230769231
Ben Davies,Tottenham,DF,14.8,5,11,12,ENG-Premier League,2425,0.33783783783783783,0.7432432432432432,0.8108108108108107
Brandon Austin,Tottenham,GK,1.0,0,0,0,ENG-Premier League,2425,0.0,0.0,0.0
Brennan Johnson,Tottenham,"FW,MF",24.2,54,23,4,ENG-Premier League,2425,2.231404958677686,0.9504132231404959,0.1652892561983471
Cristian Romero,Tottenham,DF,15.7,16,29,15,ENG-Premier League,2425,1.019108280254777,1.8471337579617835,0.9554140127388535
Dane Scarlett,Tottenham,FW,0.4,1,0,0,ENG-Premier League,2425,2.5,0.0,0.0
Dejan Kulusevski,Tottenham,"MF,FW",26.5,47,21,10,ENG-Premier League,2425,1.7735849056603774,0.7924528301886793,0.37735849056603776
Destiny Udogie,Tottenham,DF,21.4,5,45,21,ENG-Premier League,2425,0.23364485981308414,2.1028037383177574,0.9813084112149534
Djed Spence,Tottenham,DF,19.9,10,33,21,ENG-Premier League,2425,0.5025125628140704,1.6582914572864322,1.0552763819095479
Dominic Solanke,Tottenham,FW,24.5,60,10,1,ENG-Premier League,2425,2.4489795918367347,0.40816326530612246,0.04081632653061224
Fraser Forster,Tottenham,GK,7.0,0,0,0,ENG-Premier League,2425,0.0,0.0,0.0
Guglielmo Vicario,Tottenham,GK,24.0,0,0,1,ENG-Premier League,2425,0.0,0.0,0.041666666666666664
James Maddison,Tottenham,MF,20.1,39,19,10,ENG-Premier League,2425,1.9402985074626864,0.9452736318407959,0.49751243781094523
Kevin Danso,Tottenham,DF,9.4,7,4,6,ENG-Premier League,2425,0.7446808510638298,0.425531914893617,0.6382978723404255
Lucas Bergvall,Tottenham,MF,13.5,12,18,21,ENG-Premier League,2425,0.8888888888888888,1.3333333333333333,1.5555555555555556
Mathys Tel,Tottenham,FW,10.1,23,5,2,ENG-Premier League,2425,2.2772277227722775,0.49504950495049505,0.19801980198019803
Micky van de Ven,Tottenham,DF,11.3,6,7,9,ENG-Premier League,2425,0.5309734513274336,0.6194690265486725,0.7964601769911503
Mikey Moore,Tottenham,"MF,FW",4.1,3,0,1,ENG-Premier League,2425,0.7317073170731708,0.0,0.24390243902439027
Pape Matar Sarr,Tottenham,MF,21.3,34,36,27,ENG-Premier League,2425,1.596244131455399,1.6901408450704225,1.2676056338028168
Pedro Porro,Tottenham,DF,29.0,39,45,31,ENG-Premier League,2425,1.3448275862068966,1.5517241379310345,1.0689655172413792
Radu Drăgușin,Tottenham,DF,13.9,5,6,13,ENG-Premier League,2425,0.3597122302158273,0.4316546762589928,0.935251798561151
Richarlison,Tottenham,FW,5.6,17,3,0,ENG-Premier League,2425,3.035714285714286,0.5357142857142857,0.0
Rodrigo Bentancur,Tottenham,MF,18.3,22,22,38,ENG-Premier League,2425,1.2021857923497268,1.2021857923497268,2.0765027322404372
Sergio Reguilón,Tottenham,DF,2.2,2,3,4,ENG-Premier League,2425,0.9090909090909091,1.3636363636363635,1.8181818181818181
Son Heung-min,Tottenham,"FW,MF",23.4,57,9,4,ENG-Premier League,2425,2.435897435897436,0.38461538461538464,0.17094017094017094
Timo Werner,Tottenham,"FW,MF",5.7,8,4,2,ENG-Premier League,2425,1.4035087719298245,0.7017543859649122,0.3508771929824561
Will Lankshear,Tottenham,FW,0.1,0,0,0,ENG-Premier League,2425,0.0,0.0,0.0
Wilson Odobert,Tottenham,"FW,MF",9.4,13,5,4,ENG-Premier League,2425,1.3829787234042552,0.5319148936170213,0.425531914893617
Yves Bissouma,Tottenham,MF,15.6,11,29,16,ENG-Premier League,2425,0.7051282051282052,1.858974358974359,1.0256410256410258
Aaron Cresswell,West Ham,DF,9.2,5,8,8,ENG-Premier League,2425,0.5434782608695653,0.8695652173913044,0.8695652173913044
Aaron Wan-Bissaka,West Ham,"DF,MF",35.0,16,49,61,ENG-Premier League,2425,0.45714285714285713,1.4,1.7428571428571429
Alphonse Areola,West Ham,GK,25.1,0,2,0,ENG-Premier League,2425,0.0,0.0796812749003984,0.0
Andy Irving,West Ham,MF,1.8,4,4,1,ENG-Premier League,2425,2.2222222222222223,2.2222222222222223,0.5555555555555556
Carlos Soler,West Ham,MF,15.7,25,11,8,ENG-Premier League,2425,1.5923566878980893,0.7006369426751593,0.5095541401273885
Crysencio Summerville,West Ham,"MF,FW",8.7,14,7,0,ENG-Premier League,2425,1.6091954022988506,0.8045977011494253,0.0
Danny Ings,West Ham,FW,3.2,14,2,1,ENG-Premier League,2425,4.375,0.625,0.3125
Edson Álvarez,West Ham,MF,19.7,12,26,18,ENG-Premier League,2425,0.6091370558375635,1.3197969543147208,0.9137055837563453
Emerson Palmieri,West Ham,"DF,MF",23.5,16,31,22,ENG-Premier League,2425,0.6808510638297872,1.3191489361702127,0.9361702127659575
Evan Ferguson,West Ham,FW,1.7,5,1,1,ENG-Premier League,2425,2.9411764705882355,0.5882352941176471,0.5882352941176471
Guido Rodríguez,West Ham,MF,12.8,8,21,13,ENG-Premier League,2425,0.625,1.640625,1.015625
James Ward-Prowse,West Ham,MF,11.5,12,14,8,ENG-Premier League,2425,1.0434782608695652,1.2173913043478262,0.6956521739130435
Jarrod Bowen,West Ham,"MF,FW",33.0,87,25,16,ENG-Premier League,2425,2.6363636363636362,0.7575757575757576,0.48484848484848486
Jean-Clair Todibo,West Ham,DF,20.3,5,26,23,ENG-Premier League,2425,0.24630541871921183,1.2807881773399015,1.1330049261083743
Konstantinos Mavropanos,West Ham,DF,22.7,18,23,39,ENG-Premier League,2425,0.7929515418502203,1.013215859030837,1.7180616740088106
Lewis Orford,West Ham,MF,0.5,1,0,1,ENG-Premier League,2425,2.0,0.0,2.0
Lucas Paquetá,West Ham,"MF,FW",26.4,41,36,17,ENG-Premier League,2425,1.5530303030303032,1.3636363636363638,0.6439393939393939
Luis Guilherme,West Ham,MF,1.7,4,0,3,ENG-Premier League,2425,2.3529411764705883,0.0,1.7647058823529411
Max Kilman,West Ham,DF,37.2,13,26,36,ENG-Premier League,2425,0.3494623655913978,0.6989247311827956,0.9677419354838709
Michail Antonio,West Ham,FW,9.3,19,2,0,ENG-Premier League,2425,2.043010752688172,0.2150537634408602,0.0
Mohammed Kudus,West Ham,"MF,FW",28.8,75,23,4,ENG-Premier League,2425,2.6041666666666665,0.798611111111111,0.1388888888888889
Niclas Füllkrug,West Ham,FW,8.8,16,2,1,ENG-Premier League,2425,1.8181818181818181,0.22727272727272727,0.11363636363636363
Oliver Scarles,West Ham,"MF,DF",7.4,3,9,11,ENG-Premier League,2425,0.4054054054054054,1.2162162162162162,1.4864864864864864
Tomáš Souček,West Ham,MF,28.5,55,22,20,ENG-Premier League,2425,1.9298245614035088,0.7719298245614035,0.7017543859649122
Vladimír Coufal,West Ham,"DF,MF",11.9,7,16,8,ENG-Premier League,2425,0.5882352941176471,1.3445378151260503,0.6722689075630252
Łukasz Fabiański,West Ham,GK,12.9,0,0,0,ENG-Premier League,2425,0.0,0.0,0.0
André,Wolves,MF,27.5,10,55,37,ENG-Premier League,2425,0.36363636363636365,2.0,1.3454545454545455
Carlos Forbs,Wolves,MF,2.7,2,4,1,ENG-Premier League,2425,0.7407407407407407,1.4814814814814814,0.37037037037037035
Chiquinho,Wolves,"FW,MF",0.1,0,0,0,ENG-Premier League,2425,0.0,0.0,0.0
Craig Dawson,Wolves,DF,10.8,5,4,10,ENG-Premier League,2425,0.4629629629629629,0.37037037037037035,0.9259259259259258
Daniel Bentley,Wolves,GK,2.0,0,0,0,ENG-Premier League,2425,0.0,0.0,0.0
Daniel Podence,Wolves,"FW,MF",0.5,1,0,0,ENG-Premier League,2425,2.0,0.0,0.0
Emmanuel Agbadou,Wolves,DF,15.7,7,19,12,ENG-Premier League,2425,0.445859872611465,1.2101910828025477,0.7643312101910829
Gonçalo Guedes,Wolves,"MF,FW",11.1,27,6,3,ENG-Premier League,2425,2.4324324324324325,0.5405405405405406,0.2702702702702703
Hwang Hee-chan,Wolves,"MF,FW",7.3,5,4,3,ENG-Premier League,2425,0.684931506849315,0.547945205479452,0.4109589041095891
Jean-Ricner Bellegarde,Wolves,MF,18.6,22,23,8,ENG-Premier League,2425,1.182795698924731,1.2365591397849462,0.4301075268817204
José Sá,Wolves,GK,29.0,0,2,0,ENG-Premier League,2425,0.0,0.06896551724137931,0.0
João Gomes,Wolves,MF,33.0,35,78,25,ENG-Premier League,2425,1.0606060606060606,2.3636363636363638,0.7575757575757576
Jørgen Strand Larsen,Wolves,FW,28.7,54,7,5,ENG-Premier League,2425,1.8815331010452963,0.24390243902439024,0.17421602787456447
Mario Lemina,Wolves,"MF,DF",15.2,18,33,26,ENG-Premier League,2425,1.1842105263157896,2.1710526315789473,1.7105263157894737
Marshall Munetsi,Wolves,"MF,FW",12.0,22,11,6,ENG-Premier League,2425,1.8333333333333333,0.9166666666666666,0.5
Matheus Cunha,Wolves,MF,28.9,110,23,14,ENG-Premier League,2425,3.8062283737024223,0.795847750865052,0.4844290657439447
Matt Doherty,Wolves,"DF,MF",23.4,10,21,22,ENG-Premier League,2425,0.4273504273504274,0.8974358974358975,0.9401709401709403
Nasser Djiga,Wolves,DF,0.7,0,0,2,ENG-Premier League,2425,0.0,0.0,2.857142857142857
Nélson Semedo,Wolves,"MF,DF",32.1,18,38,23,ENG-Premier League,2425,0.5607476635514018,1.1838006230529594,0.7165109034267912
Pablo Sarabia,Wolves,MF,9.0,17,9,4,ENG-Premier League,2425,1.8888888888888888,1.0,0.4444444444444444
Pedro Lima,Wolves,MF,0.8,1,0,2,ENG-Premier League,2425,1.25,0.0,2.5
Rayan Aït-Nouri,Wolves,"MF,DF",34.5,36,55,24,ENG-Premier League,2425,1.0434782608695652,1.5942028985507246,0.6956521739130435
Rodrigo Gomes,Wolves,MF,9.0,7,14,6,ENG-Premier League,2425,0.7777777777777778,1.5555555555555556,0.6666666666666666
Sam Johnstone,Wolves,GK,7.0,0,0,0,ENG-Premier League,2425,0.0,0.0,0.0
Santiago Bueno,Wolves,DF,18.7,6,20,13,ENG-Premier League,2425,0.32085561497326204,1.0695187165775402,0.6951871657754011
Tommy Doyle,Wolves,MF,5.4,9,7,5,ENG-Premier League,2425,1.6666666666666665,1.2962962962962963,0.9259259259259258
Toti Gomes,Wolves,DF,29.0,7,43,26,ENG-Premier League,2425,0.2413793103448276,1.4827586206896552,0.896551724137931
Yerson Mosquera,Wolves,DF,4.9,2,6,10,ENG-Premier League,2425,0.4081632653061224,1.2244897959183672,2.0408163265306123
Ben White,Arsenal,DF,7.8,5,9,9,ENG-Premier League,2526,0.6410256410256411,1.153846153846154,1.153846153846154
Bukayo Saka,Arsenal,"FW,MF",24.7,71,19,16,ENG-Premier League,2526,2.8744939271255063,0.7692307692307693,0.6477732793522267
Christian Nørgaard,Arsenal,MF,1.2,2,2,1,ENG-Premier League,2526,1.6666666666666667,1.6666666666666667,0.8333333333333334
Cristhian Mosquera,Arsenal,DF,11.0,1,21,8,ENG-Premier League,2526,0.09090909090909091,1.9090909090909092,0.7272727272727273
David Raya,Arsenal,GK,37.0,0,1,1,ENG-Premier League,2526,0.0,0.02702702702702703,0.02702702702702703
Declan Rice,Arsenal,MF,34.4,40,33,33,ENG-Premier League,2526,1.1627906976744187,0.9593023255813954,0.9593023255813954
Eberechi Eze,Arsenal,"MF,FW",20.1,57,13,11,ENG-Premier League,2526,2.835820895522388,0.6467661691542288,0.5472636815920398
Ethan Nwaneri,Arsenal,MF,1.9,6,0,0,ENG-Premier League,2526,3.1578947368421053,0.0,0.0
Gabriel Jesus,Arsenal,FW,4.8,19,0,2,ENG-Premier League,2526,3.9583333333333335,0.0,0.4166666666666667
Gabriel Magalhães,Arsenal,DF,30.6,27,20,22,ENG-Premier League,2526,0.8823529411764706,0.6535947712418301,0.7189542483660131
Gabriel Martinelli,Arsenal,"FW,MF",12.0,29,8,1,ENG-Premier League,2526,2.4166666666666665,0.6666666666666666,0.08333333333333333
Jurriën Timber,Arsenal,DF,27.3,25,35,24,ENG-Premier League,2526,0.9157509157509157,1.282051282051282,0.8791208791208791
Kai Havertz,Arsenal,"FW,MF",6.5,18,5,1,ENG-Premier League,2526,2.769230769230769,0.7692307692307693,0.15384615384615385
Kepa Arrizabalaga,Arsenal,GK,1.0,0,0,0,ENG-Premier League,2526,0.0,0.0,0.0
Leandro Trossard,Arsenal,"FW,MF",22.2,53,15,9,ENG-Premier League,2526,2.3873873873873874,0.6756756756756757,0.40540540540540543
Martin Ødegaard,Arsenal,MF,15.2,22,9,7,ENG-Premier League,2526,1.4473684210526316,0.5921052631578948,0.46052631578947373
Martín Zubimendi,Arsenal,MF,33.2,27,39,39,ENG-Premier League,2526,0.8132530120481927,1.1746987951807228,1.1746987951807228
Max Dowman,Arsenal,MF,1.7,6,2,1,ENG-Premier League,2526,3.5294117647058822,1.1764705882352942,0.5882352941176471
Mikel Merino,Arsenal,"MF,FW",11.5,22,13,9,ENG-Premier League,2526,1.9130434782608696,1.1304347826086956,0.782608695652174
Myles Lewis-Skelly,Arsenal,"MF,DF",7.9,2,5,5,ENG-Premier League,2526,0.2531645569620253,0.6329113924050632,0.6329113924050632
Noni Madueke,Arsenal,"FW,MF",13.5,25,10,5,ENG-Premier League,2526,1.8518518518518519,0.7407407407407407,0.37037037037037035
Piero Hincapié,Arsenal,DF,19.9,3,26,26,ENG-Premier League,2526,0.15075376884422112,1.306532663316583,1.306532663316583
Riccardo Calafiori,Arsenal,DF,18.9,32,19,13,ENG-Premier League,2526,1.6931216931216932,1.0052910052910053,0.6878306878306879
Viktor Gyökeres,Arsenal,FW,24.7,55,5,1,ENG-Premier League,2526,2.2267206477732793,0.20242914979757085,0.04048582995951417
William Saliba,Arsenal,DF,29.0,5,23,15,ENG-Premier League,2526,0.1724137931034483,0.7931034482758621,0.5172413793103449
Alysson,Aston Villa,MF,0.5,1,0,1,ENG-Premier League,2526,2.0,0.0,2.0
Amadou Onana,Aston Villa,MF,19.5,19,30,19,ENG-Premier League,2526,0.9743589743589743,1.5384615384615385,0.9743589743589743
Andrés García,Aston Villa,DF,1.0,0,4,0,ENG-Premier League,2526,0.0,4.0,0.0
Boubacar Kamara,Aston Villa,MF,15.7,7,16,15,ENG-Premier League,2526,0.445859872611465,1.019108280254777,0.9554140127388535
Bradley Burrowes,Aston Villa,MF,0.2,0,0,0,ENG-Premier League,2526,0.0,0.0,0.0
Donyell Malen,Aston Villa,"FW,MF",7.3,27,2,0,ENG-Premier League,2526,3.6986301369863015,0.273972602739726,0.0
Douglas Luiz,Aston Villa,MF,6.7,6,11,7,ENG-Premier League,2526,0.8955223880597015,1.6417910447761193,1.044776119402985
Emi Buendía,Aston Villa,MF,19.5,49,27,13,ENG-Premier League,2526,2.5128205128205128,1.3846153846153846,0.6666666666666666
Emiliano Martínez,Aston Villa,GK,31.5,0,0,0,ENG-Premier League,2526,0.0,0.0,0.0
Evann Guessand,Aston Villa,MF,6.5,8,9,3,ENG-Premier League,2526,1.2307692307692308,1.3846153846153846,0.46153846153846156
Ezri Konsa,Aston Villa,DF,33.7,11,8,22,ENG-Premier League,2526,0.32640949554896137,0.2373887240356083,0.6528189910979227
George Hemmings,Aston Villa,MF,0.3,1,0,0,ENG-Premier League,2526,3.3333333333333335,0.0,0.0
Harvey Elliott,Aston Villa,MF,1.2,5,0,0,ENG-Premier League,2526,4.166666666666667,0.0,0.0
Ian Maatsen,Aston Villa,DF,17.8,20,31,18,ENG-Premier League,2526,1.1235955056179774,1.7415730337078652,1.0112359550561798
Jadon Sancho,Aston Villa,MF,9.7,10,2,2,ENG-Premier League,2526,1.0309278350515465,0.2061855670103093,0.2061855670103093
Jamaldeen Jimoh,Aston Villa,MF,0.1,0,0,0,ENG-Premier League,2526,0.0,0.0,0.0
John McGinn,Aston Villa,MF,23.7,28,17,12,ENG-Premier League,2526,1.1814345991561181,0.7172995780590717,0.5063291139240507
Lamare Bogarde,Aston Villa,"MF,DF",11.7,0,19,4,ENG-Premier League,2526,0.0,1.623931623931624,0.3418803418803419
Leon Bailey,Aston Villa,MF,5.1,8,6,4,ENG-Premier League,2526,1.5686274509803924,1.1764705882352942,0.7843137254901962
Lucas Digne,Aston Villa,DF,20.6,14,26,13,ENG-Premier League,2526,0.6796116504854368,1.262135922330097,0.6310679611650485
Marco Bizot,Aston Villa,GK,6.5,0,0,0,ENG-Premier League,2526,0.0,0.0,0.0
Matty Cash,Aston Villa,DF,33.5,30,32,24,ENG-Premier League,2526,0.8955223880597015,0.9552238805970149,0.7164179104477612
Morgan Rogers,Aston Villa,MF,36.4,84,23,13,ENG-Premier League,2526,2.307692307692308,0.6318681318681318,0.35714285714285715
Ollie Watkins,Aston Villa,FW,31.5,83,14,5,ENG-Premier League,2526,2.634920634920635,0.4444444444444444,0.15873015873015872
Pau Torres,Aston Villa,DF,18.6,9,14,11,ENG-Premier League,2526,0.48387096774193544,0.7526881720430108,0.5913978494623655
Ross Barkley,Aston Villa,MF,9.5,18,11,2,ENG-Premier League,2526,1.894736842105263,1.1578947368421053,0.21052631578947367
Tammy Abraham,Aston Villa,FW,3.2,9,1,0,ENG-Premier League,2526,2.8125,0.3125,0.0
Tyrone Mings,Aston Villa,DF,14.7,9,2,11,ENG-Premier League,2526,0.6122448979591837,0.1360544217687075,0.7482993197278912
Victor Lindelöf,Aston Villa,"DF,MF",10.5,3,3,8,ENG-Premier League,2526,0.2857142857142857,0.2857142857142857,0.7619047619047619
Youri Tielemans,Aston Villa,MF,20.7,24,39,16,ENG-Premier League,2526,1.1594202898550725,1.884057971014493,0.7729468599033816
Adam Smith,Bournemouth,DF,12.0,0,12,10,ENG-Premier League,2526,0.0,1.0,0.8333333333333334
Adrien Truffert,Bournemouth,DF,37.5,16,51,43,ENG-Premier League,2526,0.4266666666666667,1.36,1.1466666666666667
Alex Scott,Bournemouth,MF,31.7,44,38,35,ENG-Premier League,2526,1.38801261829653,1.1987381703470033,1.1041009463722398
Alex Tóth,Bournemouth,MF,1.6,2,0,3,ENG-Premier League,2526,1.25,0.0,1.875
Amine Adli,Bournemouth,MF,12.2,20,17,6,ENG-Premier League,2526,1.639344262295082,1.3934426229508197,0.49180327868852464
Antoine Semenyo,Bournemouth,MF,20.0,49,20,6,ENG-Premier League,2526,2.45,1.0,0.3
Bafodé Diakité,Bournemouth,DF,14.2,1,15,10,ENG-Premier League,2526,0.07042253521126761,1.0563380281690142,0.7042253521126761
Ben Gannon-Doak,Bournemouth,MF,1.3,3,2,1,ENG-Premier League,2526,2.3076923076923075,1.5384615384615383,0.7692307692307692
Ben Winterburn,Bournemouth,MF,0.1,0,0,0,ENG-Premier League,2526,0.0,0.0,0.0
David Brooks,Bournemouth,MF,13.4,48,13,4,ENG-Premier League,2526,3.582089552238806,0.9701492537313433,0.29850746268656714
Eli Junior Kroupi,Bournemouth,"MF,FW",18.6,52,6,9,ENG-Premier League,2526,2.7956989247311825,0.3225806451612903,0.48387096774193544
Enes Ünal,Bournemouth,FW,2.6,15,1,0,ENG-Premier League,2526,5.769230769230769,0.3846153846153846,0.0
Evanilson,Bournemouth,FW,30.5,72,5,6,ENG-Premier League,2526,2.360655737704918,0.16393442622950818,0.19672131147540983
Hamed Junior Traorè,Bournemouth,MF,0.2,0,0,0,ENG-Premier League,2526,0.0,0.0,0.0
James Hill,Bournemouth,DF,23.4,12,20,37,ENG-Premier League,2526,0.5128205128205129,0.8547008547008548,1.5811965811965814
Julio Soler,Bournemouth,DF,0.4,0,0,0,ENG-Premier League,2526,0.0,0.0,0.0
Justin Kluivert,Bournemouth,MF,10.6,17,7,4,ENG-Premier League,2526,1.6037735849056605,0.6603773584905661,0.37735849056603776
Lewis Cook,Bournemouth,"MF,DF",9.7,3,17,21,ENG-Premier League,2526,0.30927835051546393,1.752577319587629,2.1649484536082477
Marcos Senesi,Bournemouth,DF,36.5,17,34,50,ENG-Premier League,2526,0.4657534246575342,0.9315068493150684,1.36986301369863
Marcus Tavernier,Bournemouth,MF,30.3,70,21,16,ENG-Premier League,2526,2.31023102310231,0.693069306930693,0.528052805280528
Rayan,Bournemouth,MF,12.3,28,6,8,ENG-Premier League,2526,2.2764227642276422,0.4878048780487805,0.6504065040650406
Ryan Christie,Bournemouth,MF,11.0,25,20,11,ENG-Premier League,2526,2.272727272727273,1.8181818181818181,1.0
Tyler Adams,Bournemouth,MF,19.7,10,24,30,ENG-Premier League,2526,0.5076142131979695,1.218274111675127,1.5228426395939088
Veljko Milosavljević,Bournemouth,DF,4.1,1,4,4,ENG-Premier League,2526,0.24390243902439027,0.9756097560975611,0.9756097560975611
Álex Jiménez,Bournemouth,"DF,MF",25.7,21,45,27,ENG-Premier League,2526,0.8171206225680934,1.7509727626459144,1.0505836575875487
Đorđe Petrović,Bournemouth,GK,38.0,0,0,0,ENG-Premier League,2526,0.0,0.0,0.0
Aaron Hickey,Brentford,"DF,MF",7.7,6,7,8,ENG-Premier League,2526,0.7792207792207793,0.9090909090909091,1.0389610389610389
Antoni Milambo,Brentford,MF,0.5,0,1,0,ENG-Premier League,2526,0.0,2.0,0.0
Caoimhín Kelleher,Brentford,GK,37.0,0,0,1,ENG-Premier League,2526,0.0,0.0,0.02702702702702703
Dango Ouattara,Brentford,MF,25.3,56,14,24,ENG-Premier League,2526,2.2134387351778657,0.5533596837944664,0.9486166007905138
Ethan Pinnock,Brentford,DF,3.5,1,5,5,ENG-Premier League,2526,0.2857142857142857,1.4285714285714286,1.4285714285714286
Fabio Carvalho,Brentford,MF,1.1,2,2,0,ENG-Premier League,2526,1.8181818181818181,1.8181818181818181,0.0
Frank Onyeka,Brentford,MF,1.0,0,0,0,ENG-Premier League,2526,0.0,0.0,0.0
Hákon Valdimarsson,Brentford,GK,1.0,0,0,0,ENG-Premier League,2526,0.0,0.0,0.0
Igor Thiago,Brentford,FW,36.5,84,21,12,ENG-Premier League,2526,2.3013698630136985,0.5753424657534246,0.3287671232876712
Jordan Henderson,Brentford,MF,21.3,6,14,16,ENG-Premier League,2526,0.28169014084507044,0.6572769953051643,0.7511737089201878
Keane Lewis-Potter,Brentford,"DF,MF",21.9,31,14,10,ENG-Premier League,2526,1.4155251141552512,0.6392694063926941,0.4566210045662101
Kevin Schade,Brentford,"MF,FW",30.5,57,27,19,ENG-Premier League,2526,1.8688524590163935,0.8852459016393442,0.6229508196721312
Kristoffer Ajer,Brentford,DF,20.1,10,23,15,ENG-Premier League,2526,0.49751243781094523,1.144278606965174,0.7462686567164178
Mathias Jensen,Brentford,MF,25.0,29,23,21,ENG-Premier League,2526,1.16,0.92,0.84
Michael Kayode,Brentford,DF,36.2,9,47,39,ENG-Premier League,2526,0.24861878453038672,1.298342541436464,1.0773480662983426
Mikkel Damsgaard,Brentford,MF,22.8,29,34,24,ENG-Premier League,2526,1.2719298245614035,1.4912280701754386,1.0526315789473684
Nathan Collins,Brentford,DF,33.1,20,13,36,ENG-Premier League,2526,0.6042296072507553,0.39274924471299094,1.0876132930513596
Reiss Nelson,Brentford,"FW,MF",1.4,5,3,0,ENG-Premier League,2526,3.5714285714285716,2.142857142857143,0.0
Rico Henry,Brentford,DF,14.8,5,11,7,ENG-Premier League,2526,0.33783783783783783,0.7432432432432432,0.47297297297297297
Romelle Donovan,Brentford,FW,0.5,3,0,0,ENG-Premier League,2526,6.0,0.0,0.0
Sepp van den Berg,Brentford,DF,30.7,23,9,26,ENG-Premier League,2526,0.749185667752443,0.2931596091205212,0.8469055374592834
Vitaly Janelt,Brentford,MF,16.0,12,17,27,ENG-Premier League,2526,0.75,1.0625,1.6875
Yehor Yarmoliuk,Brentford,MF,29.5,16,46,28,ENG-Premier League,2526,0.5423728813559322,1.5593220338983051,0.9491525423728814
Bart Verbruggen,Brighton,GK,38.0,0,1,0,ENG-Premier League,2526,0.0,0.02631578947368421,0.0
Brajan Gruda,Brighton,MF,8.0,16,5,2,ENG-Premier League,2526,2.0,0.625,0.25
Carlos Baleba,Brighton,MF,18.4,20,21,28,ENG-Premier League,2526,1.0869565217391306,1.1413043478260871,1.5217391304347827
Charalampos Kostoulas,Brighton,FW,4.1,21,6,1,ENG-Premier League,2526,5.121951219512195,1.4634146341463417,0.24390243902439027
Danny Welbeck,Brighton,FW,25.1,56,14,8,ENG-Premier League,2526,2.231075697211155,0.5577689243027888,0.3187250996015936
Diego Coppola,Brighton,DF,2.2,0,2,1,ENG-Premier League,2526,0.0,0.9090909090909091,0.45454545454545453
Diego Gómez,Brighton,"MF,FW",23.6,42,49,19,ENG-Premier League,2526,1.7796610169491525,2.0762711864406778,0.8050847457627118
Ferdi Kadioglu,Brighton,"DF,MF",34.8,28,39,25,ENG-Premier League,2526,0.8045977011494253,1.120689655172414,0.7183908045977012
Georginio Rutter,Brighton,"MF,FW",19.8,42,19,11,ENG-Premier League,2526,2.121212121212121,0.9595959595959596,0.5555555555555556
Harry Howell,Brighton,MF,1.0,0,0,0,ENG-Premier League,2526,0.0,0.0,0.0
Jack Hinshelwood,Brighton,MF,19.3,37,13,6,ENG-Premier League,2526,1.9170984455958548,0.6735751295336787,0.31088082901554404
James Milner,Brighton,MF,8.7,8,9,5,ENG-Premier League,2526,0.9195402298850576,1.0344827586206897,0.574712643678161
Jan Paul van Hecke,Brighton,DF,35.7,23,31,45,ENG-Premier League,2526,0.6442577030812324,0.8683473389355741,1.2605042016806722
Joël Veltman,Brighton,DF,11.8,4,17,19,ENG-Premier League,2526,0.3389830508474576,1.4406779661016949,1.6101694915254237
Kaoru Mitoma,Brighton,"MF,FW",19.1,32,12,8,ENG-Premier League,2526,1.6753926701570678,0.6282722513089005,0.41884816753926696
Lewis Dunk,Brighton,DF,31.5,23,22,30,ENG-Premier League,2526,0.7301587301587301,0.6984126984126984,0.9523809523809523
Mats Wieffer,Brighton,DF,21.1,18,43,24,ENG-Premier League,2526,0.8530805687203791,2.037914691943128,1.1374407582938388
Matt O'Riley,Brighton,MF,2.3,4,2,0,ENG-Premier League,2526,1.7391304347826089,0.8695652173913044,0.0
Maxim De Cuyper,Brighton,"DF,MF",15.7,13,10,11,ENG-Premier League,2526,0.8280254777070064,0.6369426751592357,0.7006369426751593
Olivier Boscagli,Brighton,DF,8.9,1,11,16,ENG-Premier League,2526,0.11235955056179775,1.2359550561797752,1.797752808988764
Pascal Groß,Brighton,MF,18.2,18,17,11,ENG-Premier League,2526,0.989010989010989,0.9340659340659341,0.6043956043956045
Solly March,Brighton,MF,0.5,1,2,0,ENG-Premier League,2526,2.0,4.0,0.0
Stefanos Tzimas,Brighton,FW,1.5,4,1,0,ENG-Premier League,2526,2.6666666666666665,0.6666666666666666,0.0
Tom Watson,Brighton,MF,0.7,1,1,0,ENG-Premier League,2526,1.4285714285714286,1.4285714285714286,0.0
Yankuba Minteh,Brighton,MF,26.6,41,37,15,ENG-Premier League,2526,1.5413533834586466,1.3909774436090225,0.5639097744360902
Yasin Ayari,Brighton,MF,21.4,41,25,26,ENG-Premier League,2526,1.9158878504672898,1.1682242990654206,1.2149532710280375
Armando Broja,Burnley,FW,9.6,16,3,3,ENG-Premier League,2526,1.6666666666666667,0.3125,0.3125
Ashley Barnes,Burnley,"FW,MF",0.5,2,0,0,ENG-Premier League,2526,4.0,0.0,0.0
Axel Tuanzebe,Burnley,DF,13.3,2,8,12,ENG-Premier League,2526,0.15037593984962405,0.6015037593984962,0.9022556390977443
Bashir Humphreys,Burnley,"DF,MF",17.5,9,17,11,ENG-Premier League,2526,0.5142857142857142,0.9714285714285714,0.6285714285714286
Florentino Luís,Burnley,MF,23.4,13,49,40,ENG-Premier League,2526,0.5555555555555556,2.094017094017094,1.7094017094017095
Hannibal Mejbri,Burnley,MF,13.7,19,17,7,ENG-Premier League,2526,1.3868613138686132,1.2408759124087592,0.5109489051094891
Hjalmar Ekdal,Burnley,DF,17.1,6,17,12,ENG-Premier League,2526,0.3508771929824561,0.9941520467836257,0.7017543859649122
Jacob Bruun Larsen,Burnley,"MF,FW",11.4,17,3,6,ENG-Premier League,2526,1.4912280701754386,0.2631578947368421,0.5263157894736842
Jaidon Anthony,Burnley,MF,30.2,55,21,16,ENG-Premier League,2526,1.8211920529801324,0.695364238410596,0.5298013245033113
James Ward-Prowse,Burnley,MF,7.6,3,4,15,ENG-Premier League,2526,0.39473684210526316,0.5263157894736842,1.973684210526316
Jaydon Amauri Banel,Burnley,"FW,MF",0.1,0,0,0,ENG-Premier League,2526,0.0,0.0,0.0
Joe Worrall,Burnley,DF,5.6,1,2,6,ENG-Premier League,2526,0.17857142857142858,0.35714285714285715,1.0714285714285714
Josh Cullen,Burnley,MF,16.8,11,19,24,ENG-Premier League,2526,0.6547619047619048,1.130952380952381,1.4285714285714286
Josh Laurent,Burnley,"DF,MF",19.6,15,25,28,ENG-Premier League,2526,0.7653061224489796,1.2755102040816326,1.4285714285714284
Kyle Walker,Burnley,"DF,MF",34.4,4,32,43,ENG-Premier League,2526,0.11627906976744186,0.9302325581395349,1.25
Lesley Ugochukwu,Burnley,MF,26.0,23,26,17,ENG-Premier League,2526,0.8846153846153846,1.0,0.6538461538461539
Loum Tchaouna,Burnley,"MF,FW",14.1,23,9,2,ENG-Premier League,2526,1.6312056737588654,0.6382978723404256,0.14184397163120568
Lucas,Burnley,"MF,DF",15.7,16,22,19,ENG-Premier League,2526,1.019108280254777,1.4012738853503186,1.2101910828025477
Lyle Foster,Burnley,"FW,MF",15.2,20,12,4,ENG-Premier League,2526,1.3157894736842106,0.7894736842105263,0.2631578947368421
Marcus Edwards,Burnley,"MF,FW",11.9,23,6,3,ENG-Premier League,2526,1.9327731092436975,0.5042016806722689,0.25210084033613445
Martin Dúbravka,Burnley,GK,35.0,0,1,0,ENG-Premier League,2526,0.0,0.02857142857142857,0.0
Max Weiß,Burnley,GK,3.0,0,0,0,ENG-Premier League,2526,0.0,0.0,0.0
Maxime Estève,Burnley,DF,32.6,10,27,37,ENG-Premier League,2526,0.3067484662576687,0.8282208588957055,1.1349693251533741
Mike Trésor,Burnley,"FW,MF",0.5,0,1,0,ENG-Premier League,2526,0.0,2.0,0.0
Oliver Sonne,Burnley,DF,1.9,3,1,1,ENG-Premier League,2526,1.5789473684210527,0.5263157894736842,0.5263157894736842
Quilindschy Hartman,Burnley,DF,20.3,9,31,32,ENG-Premier League,2526,0.44334975369458124,1.5270935960591132,1.5763546798029555
Zeki Amdouni,Burnley,"FW,MF",0.8,3,0,0,ENG-Premier League,2526,3.75,0.0,0.0
Zian Flemming,Burnley,FW,19.7,52,10,6,ENG-Premier League,2526,2.6395939086294415,0.5076142131979695,0.30456852791878175
Alejandro Garnacho,Chelsea,MF,14.1,33,13,4,ENG-Premier League,2526,2.3404255319148937,0.9219858156028369,0.28368794326241137
Andrey Santos,Chelsea,MF,14.0,11,21,18,ENG-Premier League,2526,0.7857142857142857,1.5,1.2857142857142858
Benoît Badiashile,Chelsea,DF,5.2,0,5,9,ENG-Premier League,2526,0.0,0.9615384615384615,1.7307692307692306
Cole Palmer,Chelsea,MF,21.7,64,12,13,ENG-Premier League,2526,2.9493087557603688,0.5529953917050692,0.599078341013825
Dario Essugo,Chelsea,MF,0.3,0,3,0,ENG-Premier League,2526,0.0,10.0,0.0
Enzo Fernández,Chelsea,MF,34.6,72,24,20,ENG-Premier League,2526,2.0809248554913293,0.6936416184971098,0.5780346820809248
Estêvão Willian,Chelsea,MF,9.4,28,6,4,ENG-Premier League,2526,2.978723404255319,0.6382978723404255,0.425531914893617
Facundo Buonanotte,Chelsea,MF,0.5,0,0,0,ENG-Premier League,2526,0.0,0.0,0.0
Filip Jørgensen,Chelsea,GK,4.2,0,0,1,ENG-Premier League,2526,0.0,0.0,0.23809523809523808
Jamie Gittens,Chelsea,MF,5.5,10,4,2,ENG-Premier League,2526,1.8181818181818181,0.7272727272727273,0.36363636363636365
Jesse Derry,Chelsea,MF,0.5,2,1,0,ENG-Premier League,2526,4.0,2.0,0.0
Jorrel Hato,Chelsea,DF,12.8,4,19,17,ENG-Premier League,2526,0.3125,1.484375,1.328125
Joshua Acheampong,Chelsea,DF,7.4,4,8,12,ENG-Premier League,2526,0.5405405405405405,1.081081081081081,1.6216216216216215
João Pedro,Chelsea,"FW,MF",29.6,73,17,6,ENG-Premier League,2526,2.4662162162162162,0.5743243243243243,0.2027027027027027
Levi Colwill,Chelsea,DF,2.5,0,2,5,ENG-Premier League,2526,0.0,0.8,2.0
Liam Delap,Chelsea,FW,12.3,36,3,1,ENG-Premier League,2526,2.926829268292683,0.24390243902439024,0.08130081300813008
Malo Gusto,Chelsea,"DF,MF",25.1,12,23,30,ENG-Premier League,2526,0.4780876494023904,0.9163346613545816,1.195219123505976
Mamadou Sarr,Chelsea,DF,1.1,1,0,1,ENG-Premier League,2526,0.9090909090909091,0.0,0.9090909090909091
Marc Cucurella,Chelsea,DF,30.1,20,40,28,ENG-Premier League,2526,0.6644518272425249,1.3289036544850499,0.9302325581395349
Marc Guiu,Chelsea,FW,2.9,12,0,0,ENG-Premier League,2526,4.137931034482759,0.0,0.0
Moisés Caicedo,Chelsea,MF,31.1,27,47,59,ENG-Premier League,2526,0.8681672025723473,1.5112540192926045,1.8971061093247588
Pedro Neto,Chelsea,"MF,FW",29.2,46,11,6,ENG-Premier League,2526,1.5753424657534247,0.3767123287671233,0.20547945205479454
Reece James,Chelsea,"DF,MF",21.8,22,33,32,ENG-Premier League,2526,1.0091743119266054,1.5137614678899083,1.4678899082568806
Robert Sánchez,Chelsea,GK,33.8,0,0,1,ENG-Premier League,2526,0.0,0.0,0.02958579881656805
Roméo Lavia,Chelsea,MF,4.2,3,7,5,ENG-Premier League,2526,0.7142857142857143,1.6666666666666665,1.1904761904761905
Tosin Adarabioyo,Chelsea,DF,8.8,2,6,9,ENG-Premier League,2526,0.22727272727272727,0.6818181818181818,1.0227272727272727
Trevoh Chalobah,Chelsea,DF,30.9,16,22,37,ENG-Premier League,2526,0.5177993527508091,0.7119741100323624,1.197411003236246
Tyrique George,Chelsea,FW,1.6,3,2,0,ENG-Premier League,2526,1.875,1.25,0.0
Wesley Fofana,Chelsea,DF,19.1,8,11,38,ENG-Premier League,2526,0.41884816753926696,0.5759162303664921,1.9895287958115182
Adam Wharton,Crystal Palace,MF,28.4,32,36,27,ENG-Premier League,2526,1.1267605633802817,1.267605633802817,0.9507042253521127
Borna Sosa,Crystal Palace,"DF,MF",1.1,1,0,2,ENG-Premier League,2526,0.9090909090909091,0.0,1.8181818181818181
Brennan Johnson,Crystal Palace,"MF,FW",12.4,17,7,2,ENG-Premier League,2526,1.3709677419354838,0.564516129032258,0.16129032258064516
Chadi Riad,Crystal Palace,DF,6.1,4,5,4,ENG-Premier League,2526,0.6557377049180328,0.819672131147541,0.6557377049180328
Chris Richards,Crystal Palace,DF,31.4,15,35,43,ENG-Premier League,2526,0.47770700636942676,1.1146496815286624,1.3694267515923568
Christantus Uche,Crystal Palace,FW,1.9,6,1,0,ENG-Premier League,2526,3.1578947368421053,0.5263157894736842,0.0
Daichi Kamada,Crystal Palace,MF,21.1,19,35,14,ENG-Premier League,2526,0.9004739336492891,1.6587677725118481,0.6635071090047393
Daniel Muñoz,Crystal Palace,MF,26.7,26,48,24,ENG-Premier League,2526,0.9737827715355806,1.797752808988764,0.898876404494382
Dean Henderson,Crystal Palace,GK,37.0,0,0,1,ENG-Premier League,2526,0.0,0.0,0.02702702702702703
Eberechi Eze,Crystal Palace,MF,0.9,6,1,0,ENG-Premier League,2526,6.666666666666666,1.1111111111111112,0.0
Eddie Nketiah,Crystal Palace,MF,4.7,15,6,2,ENG-Premier League,2526,3.1914893617021276,1.276595744680851,0.425531914893617
Evann Guessand,Crystal Palace,MF,3.7,3,2,2,ENG-Premier League,2526,0.8108108108108107,0.5405405405405405,0.5405405405405405
Ismaila Sarr,Crystal Palace,MF,24.2,48,9,7,ENG-Premier League,2526,1.9834710743801653,0.37190082644628103,0.2892561983471075
Jaydee Canvot,Crystal Palace,DF,14.8,7,22,12,ENG-Premier League,2526,0.47297297297297297,1.4864864864864864,0.8108108108108107
Jean-Philippe Mateta,Crystal Palace,FW,24.6,63,4,6,ENG-Premier League,2526,2.5609756097560976,0.16260162601626016,0.24390243902439024
Jefferson Lerma,Crystal Palace,"MF,DF",19.3,19,18,25,ENG-Premier League,2526,0.9844559585492227,0.9326424870466321,1.2953367875647668
Joél Drakes-Thomas,Crystal Palace,MF,0.1,0,1,0,ENG-Premier League,2526,0.0,10.0,0.0
Justin Devenny,Crystal Palace,"MF,FW",8.8,13,11,1,ENG-Premier League,2526,1.477272727272727,1.25,0.11363636363636363
Jørgen Strand Larsen,Crystal Palace,FW,10.0,23,0,1,ENG-Premier League,2526,2.3,0.0,0.1
Marc Guéhi,Crystal Palace,DF,20.0,15,19,24,ENG-Premier League,2526,0.75,0.95,1.2
Maxence Lacroix,Crystal Palace,DF,34.3,25,38,45,ENG-Premier League,2526,0.728862973760933,1.1078717201166182,1.3119533527696794
Nathaniel Clyne,Crystal Palace,"MF,DF",6.6,3,9,7,ENG-Premier League,2526,0.4545454545454546,1.3636363636363638,1.0606060606060606
Rio Cardines,Crystal Palace,MF,1.0,1,1,0,ENG-Premier League,2526,1.0,1.0,0.0
Romain Esse,Crystal Palace,MF,0.5,0,1,0,ENG-Premier League,2526,0.0,2.0,0.0
Tyrick Mitchell,Crystal Palace,MF,36.1,19,65,33,ENG-Premier League,2526,0.5263157894736842,1.8005540166204985,0.9141274238227146
Walter Benítez,Crystal Palace,GK,1.0,0,0,0,ENG-Premier League,2526,0.0,0.0,0.0
Will Hughes,Crystal Palace,MF,17.5,17,16,15,ENG-Premier League,2526,0.9714285714285714,0.9142857142857143,0.8571428571428571
Yéremy Pino,Crystal Palace,"MF,FW",23.1,45,20,8,ENG-Premier League,2526,1.948051948051948,0.8658008658008658,0.3463203463203463
Beto,Everton,FW,17.4,43,5,1,ENG-Premier League,2526,2.4712643678160924,0.2873563218390805,0.0574712643678161
Carlos Alcaraz,Everton,MF,7.7,20,9,2,ENG-Premier League,2526,2.5974025974025974,1.1688311688311688,0.2597402597402597
Dwight McNeil,Everton,MF,13.0,24,16,10,ENG-Premier League,2526,1.8461538461538463,1.2307692307692308,0.7692307692307693
Harrison Armstrong,Everton,MF,5.9,5,10,4,ENG-Premier League,2526,0.847457627118644,1.694915254237288,0.6779661016949152
Idrissa Gueye,Everton,MF,23.3,29,21,29,ENG-Premier League,2526,1.2446351931330473,0.9012875536480687,1.2446351931330473
Iliman Ndiaye,Everton,MF,30.9,43,40,17,ENG-Premier League,2526,1.3915857605177995,1.2944983818770228,0.5501618122977346
Jack Grealish,Everton,MF,18.1,26,15,11,ENG-Premier League,2526,1.43646408839779,0.8287292817679557,0.6077348066298343
Jake O'Brien,Everton,DF,34.7,13,32,13,ENG-Premier League,2526,0.37463976945244953,0.9221902017291066,0.37463976945244953
James Garner,Everton,"MF,DF",37.9,45,72,57,ENG-Premier League,2526,1.187335092348285,1.899736147757256,1.503957783641161
James Tarkowski,Everton,DF,37.0,20,30,29,ENG-Premier League,2526,0.5405405405405406,0.8108108108108109,0.7837837837837838
Jarrad Branthwaite,Everton,DF,7.6,6,6,11,ENG-Premier League,2526,0.7894736842105263,0.7894736842105263,1.4473684210526316
Jordan Pickford,Everton,GK,38.0,0,1,0,ENG-Premier League,2526,0.0,0.02631578947368421,0.0
Kiernan Dewsbury-Hall,Everton,MF,29.2,39,26,14,ENG-Premier League,2526,1.3356164383561644,0.8904109589041096,0.4794520547945206
Merlin Röhl,Everton,MF,7.6,11,13,4,ENG-Premier League,2526,1.4473684210526316,1.7105263157894737,0.5263157894736842
Michael Keane,Everton,DF,28.8,27,24,37,ENG-Premier League,2526,0.9375,0.8333333333333333,1.284722222222222
Nathan Patterson,Everton,DF,2.7,1,4,2,ENG-Premier League,2526,0.37037037037037035,1.4814814814814814,0.7407407407407407
Séamus Coleman,Everton,DF,0.2,0,0,0,ENG-Premier League,2526,0.0,0.0,0.0
Thierno Barry,Everton,FW,21.3,38,4,5,ENG-Premier League,2526,1.784037558685446,0.18779342723004694,0.2347417840375587
Tim Iroegbunam,Everton,MF,16.5,12,44,22,ENG-Premier League,2526,0.7272727272727273,2.6666666666666665,1.3333333333333333
Tyler Dibling,Everton,MF,4.0,4,3,6,ENG-Premier League,2526,1.0,0.75,1.5
Tyrique George,Everton,MF,2.4,7,3,2,ENG-Premier League,2526,2.916666666666667,1.25,0.8333333333333334
Vitaliy Mykolenko,Everton,DF,32.9,9,25,27,ENG-Premier League,2526,0.27355623100303955,0.7598784194528876,0.8206686930091186
Adama Traoré,Fulham,MF,3.0,5,1,0,ENG-Premier League,2526,1.6666666666666667,0.3333333333333333,0.0
Alex Iwobi,Fulham,MF,26.9,39,18,15,ENG-Premier League,2526,1.449814126394052,0.6691449814126395,0.5576208178438662
Antonee Robinson,Fulham,"DF,MF",16.6,6,31,28,ENG-Premier League,2526,0.36144578313253006,1.8674698795180722,1.686746987951807
Bernd Leno,Fulham,GK,38.0,0,1,1,ENG-Premier League,2526,0.0,0.02631578947368421,0.02631578947368421
Calvin Bassey,Fulham,DF,28.2,12,32,22,ENG-Premier League,2526,0.425531914893617,1.1347517730496455,0.7801418439716312
Emile Smith Rowe,Fulham,MF,21.4,36,22,22,ENG-Premier League,2526,1.6822429906542058,1.0280373831775702,1.0280373831775702
Harrison Reed,Fulham,MF,1.0,2,0,0,ENG-Premier League,2526,2.0,0.0,0.0
Harry Wilson,Fulham,MF,29.7,78,19,16,ENG-Premier League,2526,2.6262626262626263,0.6397306397306397,0.5387205387205387
Issa Diop,Fulham,DF,9.1,2,2,6,ENG-Premier League,2526,0.21978021978021978,0.21978021978021978,0.6593406593406593
Joachim Andersen,Fulham,DF,31.9,16,26,34,ENG-Premier League,2526,0.5015673981191223,0.8150470219435737,1.0658307210031348
Jonah Kusi-Asare,Fulham,FW,0.6,0,1,0,ENG-Premier League,2526,0.0,1.6666666666666667,0.0
Jorge Cuenca,Fulham,DF,10.4,1,10,15,ENG-Premier League,2526,0.09615384615384615,0.9615384615384615,1.4423076923076923
Joshua King,Fulham,MF,14.5,26,12,3,ENG-Premier League,2526,1.793103448275862,0.8275862068965517,0.20689655172413793
Kenny Tete,Fulham,DF,19.9,16,38,26,ENG-Premier League,2526,0.8040201005025126,1.9095477386934674,1.306532663316583
Kevin,Fulham,MF,11.6,25,10,9,ENG-Premier League,2526,2.1551724137931036,0.8620689655172414,0.7758620689655172
Oscar Bobb,Fulham,MF,6.3,8,7,6,ENG-Premier League,2526,1.2698412698412698,1.1111111111111112,0.9523809523809524
Raúl Jiménez,Fulham,FW,24.3,73,20,7,ENG-Premier League,2526,3.0041152263374484,0.823045267489712,0.28806584362139914
Rodrigo Muniz,Fulham,FW,11.1,32,3,2,ENG-Premier League,2526,2.882882882882883,0.2702702702702703,0.1801801801801802
Ryan Sessegnon,Fulham,"DF,MF",20.3,16,29,23,ENG-Premier League,2526,0.7881773399014778,1.4285714285714286,1.1330049261083743
Samuel Chukwueze,Fulham,MF,12.0,25,4,6,ENG-Premier League,2526,2.0833333333333335,0.3333333333333333,0.5
Sander Berge,Fulham,MF,32.3,14,41,26,ENG-Premier League,2526,0.43343653250774,1.2693498452012384,0.8049535603715171
Saša Lukić,Fulham,MF,19.3,18,28,16,ENG-Premier League,2526,0.9326424870466321,1.450777202072539,0.8290155440414507
Timothy Castagne,Fulham,"DF,MF",20.5,14,24,28,ENG-Premier League,2526,0.6829268292682927,1.170731707317073,1.3658536585365855
Tom Cairney,Fulham,MF,8.6,17,4,4,ENG-Premier League,2526,1.9767441860465118,0.46511627906976744,0.46511627906976744
Anton Stach,Leeds United,MF,26.3,55,35,19,ENG-Premier League,2526,2.091254752851711,1.3307984790874525,0.7224334600760456
Ao Tanaka,Leeds United,MF,14.6,17,15,21,ENG-Premier League,2526,1.1643835616438356,1.0273972602739727,1.4383561643835616
Brenden Aaronson,Leeds United,"MF,FW",27.2,47,27,17,ENG-Premier League,2526,1.7279411764705883,0.9926470588235294,0.625
Daniel James,Leeds United,"FW,MF",6.2,14,5,1,ENG-Premier League,2526,2.258064516129032,0.8064516129032258,0.16129032258064516
Dominic Calvert-Lewin,Leeds United,FW,30.2,73,4,5,ENG-Premier League,2526,2.4172185430463577,0.13245033112582782,0.16556291390728478
Ethan Ampadu,Leeds United,MF,34.7,26,46,50,ENG-Premier League,2526,0.7492795389048991,1.3256484149855907,1.440922190201729
Facundo Buonanotte,Leeds United,MF,0.4,2,0,1,ENG-Premier League,2526,5.0,0.0,2.5
Gabriel Gudmundsson,Leeds United,"DF,MF",29.2,18,47,28,ENG-Premier League,2526,0.6164383561643836,1.6095890410958904,0.9589041095890412
Ilia Gruev,Leeds United,MF,14.7,7,13,14,ENG-Premier League,2526,0.4761904761904762,0.8843537414965987,0.9523809523809524
Jack Harrison,Leeds United,FW,3.0,6,2,4,ENG-Premier League,2526,2.0,0.6666666666666666,1.3333333333333333
Jaka Bijol,Leeds United,DF,21.0,15,13,22,ENG-Premier League,2526,0.7142857142857143,0.6190476190476191,1.0476190476190477
James Justin,Leeds United,"DF,MF",21.1,24,38,26,ENG-Premier League,2526,1.1374407582938388,1.8009478672985781,1.2322274881516586
Jayden Bogle,Leeds United,"MF,DF",31.0,18,43,30,ENG-Premier League,2526,0.5806451612903226,1.3870967741935485,0.967741935483871
Joe Rodon,Leeds United,DF,32.8,18,19,30,ENG-Premier League,2526,0.5487804878048781,0.5792682926829269,0.9146341463414634
Joël Piroe,Leeds United,FW,2.9,14,1,1,ENG-Premier League,2526,4.827586206896552,0.3448275862068966,0.3448275862068966
Karl Darlow,Leeds United,GK,22.0,0,0,0,ENG-Premier League,2526,0.0,0.0,0.0
Lucas Perri,Leeds United,GK,16.0,0,0,0,ENG-Premier League,2526,0.0,0.0,0.0
Lukas Nmecha,Leeds United,FW,12.0,30,7,3,ENG-Premier League,2526,2.5,0.5833333333333334,0.25
Noah Okafor,Leeds United,"FW,MF",17.3,35,15,12,ENG-Premier League,2526,2.0231213872832368,0.8670520231213873,0.6936416184971098
Pascal Struijk,Leeds United,DF,32.6,31,22,32,ENG-Premier League,2526,0.950920245398773,0.6748466257668712,0.9815950920245399
Sam Byram,Leeds United,"DF,MF",0.1,0,1,0,ENG-Premier League,2526,0.0,10.0,0.0
Sean Longstaff,Leeds United,MF,11.2,16,24,12,ENG-Premier League,2526,1.4285714285714286,2.142857142857143,1.0714285714285714
Sebastiaan Bornauw,Leeds United,DF,4.8,1,4,7,ENG-Premier League,2526,0.20833333333333334,0.8333333333333334,1.4583333333333335
Wilfried Gnonto,Leeds United,FW,6.0,10,13,3,ENG-Premier League,2526,1.6666666666666667,2.1666666666666665,0.5
Alexander Isak,Liverpool,FW,7.8,17,6,0,ENG-Premier League,2526,2.1794871794871797,0.7692307692307693,0.0
Alexis Mac Allister,Liverpool,MF,29.5,52,27,18,ENG-Premier League,2526,1.7627118644067796,0.9152542372881356,0.6101694915254238
Alisson,Liverpool,GK,26.0,0,0,0,ENG-Premier League,2526,0.0,0.0,0.0
Andy Robertson,Liverpool,DF,13.1,10,10,7,ENG-Premier League,2526,0.7633587786259542,0.7633587786259542,0.5343511450381679
Cody Gakpo,Liverpool,"MF,FW",30.4,87,15,12,ENG-Premier League,2526,2.861842105263158,0.493421052631579,0.39473684210526316
Conor Bradley,Liverpool,DF,10.3,6,15,12,ENG-Premier League,2526,0.5825242718446602,1.4563106796116503,1.1650485436893203
Curtis Jones,Liverpool,"MF,DF",21.5,22,23,18,ENG-Premier League,2526,1.0232558139534884,1.069767441860465,0.8372093023255814
Dominik Szoboszlai,Liverpool,"MF,DF",35.9,71,32,29,ENG-Premier League,2526,1.977715877437326,0.8913649025069639,0.807799442896936
Federico Chiesa,Liverpool,MF,3.8,17,5,4,ENG-Premier League,2526,4.473684210526316,1.3157894736842106,1.0526315789473684
Florian Wirtz,Liverpool,MF,26.4,51,26,12,ENG-Premier League,2526,1.9318181818181819,0.9848484848484849,0.4545454545454546
Freddie Woodman,Liverpool,GK,2.4,0,0,0,ENG-Premier League,2526,0.0,0.0,0.0
Giorgi Mamardashvili,Liverpool,GK,9.6,0,1,1,ENG-Premier League,2526,0.0,0.10416666666666667,0.10416666666666667
Hugo Ekitike,Liverpool,FW,20.0,65,7,4,ENG-Premier League,2526,3.25,0.35,0.2
Ibrahima Konaté,Liverpool,DF,34.3,12,31,28,ENG-Premier League,2526,0.34985422740524785,0.9037900874635569,0.8163265306122449
Jeremie Frimpong,Liverpool,"DF,MF",11.6,10,9,6,ENG-Premier League,2526,0.8620689655172414,0.7758620689655172,0.5172413793103449
Joe Gomez,Liverpool,DF,6.7,5,7,8,ENG-Premier League,2526,0.7462686567164178,1.044776119402985,1.1940298507462686
Milos Kerkez,Liverpool,DF,25.1,9,26,15,ENG-Premier League,2526,0.3585657370517928,1.0358565737051793,0.597609561752988
Mohamed Salah,Liverpool,MF,23.8,68,12,3,ENG-Premier League,2526,2.857142857142857,0.5042016806722689,0.12605042016806722
Rio Ngumoha,Liverpool,MF,6.2,16,2,3,ENG-Premier League,2526,2.5806451612903225,0.3225806451612903,0.48387096774193544
Ryan Gravenberch,Liverpool,MF,33.2,38,35,44,ENG-Premier League,2526,1.1445783132530118,1.0542168674698795,1.325301204819277
Trey Nyoni,Liverpool,MF,0.3,1,0,0,ENG-Premier League,2526,3.3333333333333335,0.0,0.0
Virgil van Dijk,Liverpool,DF,38.0,30,15,26,ENG-Premier League,2526,0.7894736842105263,0.39473684210526316,0.6842105263157895
Wataru Endo,Liverpool,DF,1.9,1,3,0,ENG-Premier League,2526,0.5263157894736842,1.5789473684210527,0.0
Abdukodir Khusanov,Manchester City,DF,15.9,7,20,29,ENG-Premier League,2526,0.44025157232704404,1.2578616352201257,1.8238993710691824
Antoine Semenyo,Manchester City,"MF,FW",15.5,34,11,6,ENG-Premier League,2526,2.193548387096774,0.7096774193548387,0.3870967741935484
Bernardo Silva,Manchester City,MF,31.9,30,28,21,ENG-Premier League,2526,0.9404388714733543,0.877742946708464,0.658307210031348
Divine Mukasa,Manchester City,MF,0.3,0,0,0,ENG-Premier League,2526,0.0,0.0,0.0
Erling Haaland,Manchester City,FW,32.8,126,7,4,ENG-Premier League,2526,3.8414634146341466,0.2134146341463415,0.12195121951219513
Gianluigi Donnarumma,Manchester City,GK,34.0,0,0,1,ENG-Premier League,2526,0.0,0.0,0.029411764705882353
James Trafford,Manchester City,GK,4.0,0,1,0,ENG-Premier League,2526,0.0,0.25,0.0
Jeremy Doku,Manchester City,"MF,FW",19.8,39,16,12,ENG-Premier League,2526,1.9696969696969697,0.8080808080808081,0.6060606060606061
John Stones,Manchester City,DF,4.9,0,1,3,ENG-Premier League,2526,0.0,0.2040816326530612,0.6122448979591836
Joško Gvardiol,Manchester City,DF,15.2,17,13,16,ENG-Premier League,2526,1.118421052631579,0.8552631578947368,1.0526315789473684
Marc Guéhi,Manchester City,DF,15.0,17,12,25,ENG-Premier League,2526,1.1333333333333333,0.8,1.6666666666666667
Mateo Kovačić,Manchester City,MF,1.4,2,1,2,ENG-Premier League,2526,1.4285714285714286,0.7142857142857143,1.4285714285714286
Matheus Nunes,Manchester City,DF,31.8,7,41,29,ENG-Premier League,2526,0.22012578616352202,1.2893081761006289,0.9119496855345912
Max Alleyne,Manchester City,DF,1.5,2,3,3,ENG-Premier League,2526,1.3333333333333333,2.0,2.0
Nathan Aké,Manchester City,DF,7.7,7,6,5,ENG-Premier League,2526,0.9090909090909091,0.7792207792207793,0.6493506493506493
Nico O'Reilly,Manchester City,"DF,MF",29.4,41,36,20,ENG-Premier League,2526,1.3945578231292517,1.2244897959183674,0.6802721088435374
Nicolás González,Manchester City,MF,17.4,14,30,24,ENG-Premier League,2526,0.8045977011494253,1.7241379310344829,1.3793103448275863
Omar Marmoush,Manchester City,"FW,MF",7.8,30,8,2,ENG-Premier League,2526,3.8461538461538463,1.0256410256410258,0.25641025641025644
Oscar Bobb,Manchester City,"MF,FW",5.2,4,5,3,ENG-Premier League,2526,0.7692307692307692,0.9615384615384615,0.5769230769230769
Phil Foden,Manchester City,MF,23.2,55,16,10,ENG-Premier League,2526,2.3706896551724137,0.6896551724137931,0.4310344827586207
Rayan Aït-Nouri,Manchester City,DF,10.8,10,21,13,ENG-Premier League,2526,0.9259259259259258,1.9444444444444444,1.2037037037037037
Rayan Cherki,Manchester City,MF,19.8,55,16,7,ENG-Premier League,2526,2.7777777777777777,0.8080808080808081,0.35353535353535354
Rico Lewis,Manchester City,DF,4.5,3,4,7,ENG-Premier League,2526,0.6666666666666666,0.8888888888888888,1.5555555555555556
Rodri,Manchester City,MF,16.8,16,25,12,ENG-Premier League,2526,0.9523809523809523,1.4880952380952381,0.7142857142857143
Rúben Dias,Manchester City,DF,23.8,10,6,23,ENG-Premier League,2526,0.42016806722689076,0.25210084033613445,0.9663865546218487
Sávio,Manchester City,MF,9.3,20,5,5,ENG-Premier League,2526,2.150537634408602,0.5376344086021505,0.5376344086021505
Tijjani Reijnders,Manchester City,MF,18.1,49,4,11,ENG-Premier League,2526,2.707182320441989,0.22099447513812154,0.6077348066298343
Altay Bayındır,Manchester Utd,GK,6.0,0,0,0,ENG-Premier League,2526,0.0,0.0,0.0
Amad Diallo,Manchester Utd,MF,26.0,53,23,15,ENG-Premier League,2526,2.0384615384615383,0.8846153846153846,0.5769230769230769
Ayden Heaven,Manchester Utd,DF,10.3,3,13,1,ENG-Premier League,2526,0.2912621359223301,1.262135922330097,0.0970873786407767
Bendito Mantato,Manchester Utd,MF,0.2,0,0,0,ENG-Premier League,2526,0.0,0.0,0.0
Benjamin Šeško,Manchester Utd,FW,18.3,61,3,3,ENG-Premier League,2526,3.333333333333333,0.16393442622950818,0.16393442622950818
Bruno Fernandes,Manchester Utd,MF,34.0,85,35,21,ENG-Premier League,2526,2.5,1.0294117647058822,0.6176470588235294
Bryan Mbeumo,Manchester Utd,"MF,FW",29.0,73,11,7,ENG-Premier League,2526,2.5172413793103448,0.3793103448275862,0.2413793103448276
Casemiro,Manchester Utd,MF,28.6,52,45,30,ENG-Premier League,2526,1.8181818181818181,1.5734265734265733,1.048951048951049
Diogo Dalot,Manchester Utd,"DF,MF",29.0,24,30,26,ENG-Premier League,2526,0.8275862068965517,1.0344827586206897,0.896551724137931
Harry Maguire,Manchester Utd,DF,18.4,14,17,12,ENG-Premier League,2526,0.7608695652173914,0.923913043478261,0.6521739130434783
Jack Fletcher,Manchester Utd,MF,1.2,1,1,1,ENG-Premier League,2526,0.8333333333333334,0.8333333333333334,0.8333333333333334
Joshua Zirkzee,Manchester Utd,"FW,MF",7.0,25,6,1,ENG-Premier League,2526,3.5714285714285716,0.8571428571428571,0.14285714285714285
Kobbie Mainoo,Manchester Utd,MF,18.5,13,20,19,ENG-Premier League,2526,0.7027027027027027,1.0810810810810811,1.027027027027027
Leny Yoro,Manchester Utd,DF,19.3,9,20,31,ENG-Premier League,2526,0.46632124352331605,1.0362694300518134,1.6062176165803108
Lisandro Martínez,Manchester Utd,DF,13.7,5,11,12,ENG-Premier League,2526,0.36496350364963503,0.8029197080291971,0.8759124087591241
Luke Shaw,Manchester Utd,DF,35.8,10,45,43,ENG-Premier League,2526,0.2793296089385475,1.2569832402234637,1.2011173184357542
Manuel Ugarte,Manchester Utd,MF,9.9,13,30,20,ENG-Premier League,2526,1.3131313131313131,3.0303030303030303,2.0202020202020203
Mason Mount,Manchester Utd,MF,11.3,19,13,9,ENG-Premier League,2526,1.6814159292035398,1.1504424778761062,0.7964601769911503
Matheus Cunha,Manchester Utd,"MF,FW",27.7,90,23,21,ENG-Premier League,2526,3.2490974729241877,0.8303249097472925,0.7581227436823105
Matthijs de Ligt,Manchester Utd,DF,13.0,11,13,11,ENG-Premier League,2526,0.8461538461538461,1.0,0.8461538461538461
Noussair Mazraoui,Manchester Utd,"DF,MF",10.9,5,15,11,ENG-Premier League,2526,0.4587155963302752,1.3761467889908257,1.0091743119266054
Patrick Dorgu,Manchester Utd,MF,16.1,25,30,16,ENG-Premier League,2526,1.5527950310559004,1.8633540372670805,0.9937888198757763
Senne Lammens,Manchester Utd,GK,32.0,0,1,0,ENG-Premier League,2526,0.0,0.03125,0.0
Shea Lacey,Manchester Utd,FW,0.5,4,0,0,ENG-Premier League,2526,8.0,0.0,0.0
Tyler Fletcher,Manchester Utd,MF,0.2,0,0,0,ENG-Premier League,2526,0.0,0.0,0.0
Tyrell Malacia,Manchester Utd,DF,0.2,0,1,0,ENG-Premier League,2526,0.0,5.0,0.0
Aaron Ramsdale,Newcastle,GK,11.2,0,0,0,ENG-Premier League,2526,0.0,0.0,0.0
Alex Murphy,Newcastle,DF,0.1,0,0,1,ENG-Premier League,2526,0.0,0.0,10.0
Anthony Elanga,Newcastle,"FW,MF",14.7,17,11,3,ENG-Premier League,2526,1.1564625850340136,0.7482993197278912,0.20408163265306123
Anthony Gordon,Newcastle,FW,19.9,48,13,3,ENG-Premier League,2526,2.412060301507538,0.6532663316582915,0.15075376884422112
Bruno Guimarães,Newcastle,MF,27.3,42,41,16,ENG-Premier League,2526,1.5384615384615383,1.5018315018315018,0.5860805860805861
Dan Burn,Newcastle,DF,24.4,10,26,20,ENG-Premier League,2526,0.4098360655737705,1.0655737704918034,0.819672131147541
Emil Krafth,Newcastle,DF,0.5,0,0,0,ENG-Premier League,2526,0.0,0.0,0.0
Fabian Schär,Newcastle,DF,12.1,17,9,16,ENG-Premier League,2526,1.4049586776859504,0.7438016528925621,1.322314049586777
Harvey Barnes,Newcastle,"FW,MF",21.8,58,5,3,ENG-Premier League,2526,2.6605504587155964,0.2293577981651376,0.13761467889908258
Jacob Murphy,Newcastle,"FW,MF",18.0,42,12,6,ENG-Premier League,2526,2.3333333333333335,0.6666666666666666,0.3333333333333333
Jacob Ramsey,Newcastle,MF,16.1,16,21,9,ENG-Premier League,2526,0.9937888198757763,1.3043478260869563,0.5590062111801242
Jamaal Lascelles,Newcastle,DF,0.2,1,0,0,ENG-Premier League,2526,5.0,0.0,0.0
Joe Willock,Newcastle,MF,10.9,17,15,7,ENG-Premier League,2526,1.5596330275229358,1.3761467889908257,0.6422018348623852
Joelinton,Newcastle,MF,21.7,32,23,28,ENG-Premier League,2526,1.4746543778801844,1.0599078341013826,1.2903225806451613
Kieran Trippier,Newcastle,DF,17.6,2,13,7,ENG-Premier League,2526,0.11363636363636363,0.7386363636363635,0.3977272727272727
Lewis Hall,Newcastle,DF,24.2,25,31,29,ENG-Premier League,2526,1.0330578512396695,1.28099173553719,1.1983471074380165
Lewis Miley,Newcastle,"MF,DF",16.6,12,18,20,ENG-Premier League,2526,0.7228915662650601,1.0843373493975903,1.2048192771084336
Malick Thiaw,Newcastle,DF,32.9,28,34,30,ENG-Premier League,2526,0.851063829787234,1.033434650455927,0.9118541033434651
Nick Pope,Newcastle,GK,26.8,1,1,0,ENG-Premier League,2526,0.03731343283582089,0.03731343283582089,0.0
Nick Woltemade,Newcastle,"FW,MF",21.1,32,13,5,ENG-Premier League,2526,1.5165876777251184,0.6161137440758293,0.23696682464454974
Sandro Tonali,Newcastle,MF,28.2,37,25,28,ENG-Premier League,2526,1.3120567375886525,0.8865248226950355,0.9929078014184397
Sean Neave,Newcastle,FW,0.2,1,0,0,ENG-Premier League,2526,5.0,0.0,0.0
Sven Botman,Newcastle,DF,20.4,15,14,25,ENG-Premier League,2526,0.7352941176470589,0.6862745098039216,1.2254901960784315
Tino Livramento,Newcastle,DF,14.8,3,14,2,ENG-Premier League,2526,0.2027027027027027,0.9459459459459459,0.13513513513513511
William Osula,Newcastle,FW,9.1,23,5,1,ENG-Premier League,2526,2.5274725274725274,0.5494505494505495,0.10989010989010989
Yoane Wissa,Newcastle,FW,5.9,13,5,0,ENG-Premier League,2526,2.2033898305084745,0.847457627118644,0.0
Angus Gunn,Nottingham,GK,0.5,0,0,0,ENG-Premier League,2526,0.0,0.0,0.0
Arnaud Kalimuendo,Nottingham,FW,1.1,4,1,0,ENG-Premier League,2526,3.6363636363636362,0.9090909090909091,0.0
Callum Hudson-Odoi,Nottingham,MF,20.5,30,7,8,ENG-Premier League,2526,1.4634146341463414,0.34146341463414637,0.3902439024390244
Chris Wood,Nottingham,FW,10.0,23,1,1,ENG-Premier League,2526,2.3,0.1,0.1
Dan Ndoye,Nottingham,MF,13.0,15,11,10,ENG-Premier League,2526,1.1538461538461537,0.8461538461538461,0.7692307692307693
Dilane Bakwa,Nottingham,MF,6.1,9,3,0,ENG-Premier League,2526,1.4754098360655739,0.49180327868852464,0.0
Douglas Luiz,Nottingham,MF,3.5,5,3,7,ENG-Premier League,2526,1.4285714285714286,0.8571428571428571,2.0
Elliot Anderson,Nottingham,MF,37.0,44,60,41,ENG-Premier League,2526,1.1891891891891893,1.6216216216216217,1.1081081081081081
Ibrahim Sangaré,Nottingham,MF,23.1,16,32,22,ENG-Premier League,2526,0.6926406926406926,1.3852813852813852,0.9523809523809523
Igor Jesus,Nottingham,FW,25.5,70,16,2,ENG-Premier League,2526,2.7450980392156863,0.6274509803921569,0.0784313725490196
Jair Cunha,Nottingham,DF,5.7,3,5,5,ENG-Premier League,2526,0.5263157894736842,0.8771929824561403,0.8771929824561403
James Mcatee,Nottingham,MF,3.3,4,4,3,ENG-Premier League,2526,1.2121212121212122,1.2121212121212122,0.9090909090909092
John,Nottingham,GK,4.9,0,0,0,ENG-Premier League,2526,0.0,0.0,0.0
Jota Silva,Nottingham,FW,0.1,0,1,0,ENG-Premier League,2526,0.0,10.0,0.0
Lorenzo Lucca,Nottingham,FW,1.4,4,0,1,ENG-Premier League,2526,2.857142857142857,0.0,0.7142857142857143
Luca Netz,Nottingham,"DF,MF",4.0,0,8,1,ENG-Premier League,2526,0.0,2.0,0.25
Matz Sels,Nottingham,GK,29.6,0,1,0,ENG-Premier League,2526,0.0,0.03378378378378378,0.0
Morato,Nottingham,DF,14.9,5,18,11,ENG-Premier League,2526,0.33557046979865773,1.2080536912751678,0.7382550335570469
Morgan Gibbs-White,Nottingham,MF,34.4,83,16,12,ENG-Premier League,2526,2.412790697674419,0.46511627906976744,0.3488372093023256
Murillo,Nottingham,DF,23.7,11,23,29,ENG-Premier League,2526,0.4641350210970464,0.9704641350210971,1.2236286919831223
Neco Williams,Nottingham,DF,35.6,46,61,46,ENG-Premier League,2526,1.2921348314606742,1.7134831460674156,1.2921348314606742
Nicolás Domínguez,Nottingham,MF,13.1,18,30,6,ENG-Premier League,2526,1.3740458015267176,2.290076335877863,0.4580152671755725
Nicolò Savona,Nottingham,DF,11.4,5,12,5,ENG-Premier League,2526,0.43859649122807015,1.0526315789473684,0.43859649122807015
Nikola Milenković,Nottingham,DF,37.5,16,19,29,ENG-Premier League,2526,0.4266666666666667,0.5066666666666667,0.7733333333333333
Ola Aina,Nottingham,DF,17.6,12,21,26,ENG-Premier League,2526,0.6818181818181818,1.1931818181818181,1.477272727272727
Oleksandr Zinchenko,Nottingham,DF,3.9,4,6,2,ENG-Premier League,2526,1.0256410256410258,1.5384615384615385,0.5128205128205129
Omari Hutchinson,Nottingham,MF,18.8,25,11,11,ENG-Premier League,2526,1.3297872340425532,0.5851063829787234,0.5851063829787234
Ryan Yates,Nottingham,MF,6.9,9,10,9,ENG-Premier League,2526,1.3043478260869565,1.4492753623188406,1.3043478260869565
Stefan Ortega,Nottingham,GK,3.0,0,0,0,ENG-Premier League,2526,0.0,0.0,0.0
Taiwo Awoniyi,Nottingham,FW,5.5,15,1,1,ENG-Premier League,2526,2.727272727272727,0.18181818181818182,0.18181818181818182
Zach Abbott,Nottingham,DF,1.8,0,4,2,ENG-Premier League,2526,0.0,2.2222222222222223,1.1111111111111112
Arthur Masuaku,Sunderland,DF,1.4,1,2,2,ENG-Premier League,2526,0.7142857142857143,1.4285714285714286,1.4285714285714286
Bertrand Traoré,Sunderland,"MF,FW",7.0,12,4,2,ENG-Premier League,2526,1.7142857142857142,0.5714285714285714,0.2857142857142857
Brian Brobbey,Sunderland,FW,21.4,36,2,0,ENG-Premier League,2526,1.6822429906542058,0.09345794392523366,0.0
Chemsdine Talbi,Sunderland,"MF,FW",17.3,25,6,3,ENG-Premier League,2526,1.445086705202312,0.3468208092485549,0.17341040462427745
Chris Rigg,Sunderland,MF,8.5,12,8,4,ENG-Premier League,2526,1.411764705882353,0.9411764705882353,0.47058823529411764
Dan Neil,Sunderland,MF,0.2,0,0,1,ENG-Premier League,2526,0.0,0.0,5.0
Daniel Ballard,Sunderland,DF,23.9,26,17,20,ENG-Premier League,2526,1.087866108786611,0.7112970711297072,0.8368200836820084
Dennis Cirkin,Sunderland,DF,3.6,1,5,5,ENG-Premier League,2526,0.2777777777777778,1.3888888888888888,1.3888888888888888
Eliezer Mayenda,Sunderland,"FW,MF",8.4,13,3,1,ENG-Premier League,2526,1.5476190476190474,0.35714285714285715,0.11904761904761904
Enzo Le Fée,Sunderland,"MF,FW",32.6,36,56,28,ENG-Premier League,2526,1.1042944785276072,1.7177914110429446,0.8588957055214723
Granit Xhaka,Sunderland,MF,32.3,21,33,29,ENG-Premier League,2526,0.65015479876161,1.021671826625387,0.8978328173374613
Habib Diarra,Sunderland,MF,15.6,26,7,4,ENG-Premier League,2526,1.6666666666666667,0.44871794871794873,0.25641025641025644
Jenson Seelt,Sunderland,DF,1.5,0,0,0,ENG-Premier League,2526,0.0,0.0,0.0
Jocelin Ta Bi,Sunderland,MF,0.4,0,0,0,ENG-Premier League,2526,0.0,0.0,0.0
Luke O'Nien,Sunderland,DF,6.3,4,6,6,ENG-Premier League,2526,0.6349206349206349,0.9523809523809524,0.9523809523809524
Lutsharel Geertruida,Sunderland,"DF,MF",18.8,11,22,20,ENG-Premier League,2526,0.5851063829787234,1.1702127659574468,1.0638297872340425
Marc Guiu,Sunderland,FW,0.2,1,0,0,ENG-Premier League,2526,5.0,0.0,0.0
Melker Ellborg,Sunderland,GK,3.0,0,0,0,ENG-Premier League,2526,0.0,0.0,0.0
Nilson Angulo,Sunderland,MF,4.5,7,7,5,ENG-Premier League,2526,1.5555555555555556,1.5555555555555556,1.1111111111111112
Noah Sadiki,Sunderland,MF,32.1,19,26,33,ENG-Premier League,2526,0.5919003115264797,0.8099688473520249,1.02803738317757
Nordi Mukiele,Sunderland,DF,30.9,26,45,37,ENG-Premier League,2526,0.8414239482200647,1.4563106796116505,1.197411003236246
Omar Alderete,Sunderland,DF,31.1,24,18,36,ENG-Premier League,2526,0.7717041800643086,0.5787781350482315,1.157556270096463
Patrick Roberts,Sunderland,"FW,MF",0.3,1,0,0,ENG-Premier League,2526,3.3333333333333335,0.0,0.0
Reinildo Mandava,Sunderland,DF,21.8,4,23,29,ENG-Premier League,2526,0.18348623853211007,1.055045871559633,1.3302752293577982
Robin Roefs,Sunderland,GK,35.0,0,0,0,ENG-Premier League,2526,0.0,0.0,0.0
Romaine Mundle,Sunderland,MF,4.6,7,4,1,ENG-Premier League,2526,1.5217391304347827,0.8695652173913044,0.2173913043478261
Simon Adingra,Sunderland,"MF,FW",7.3,6,8,2,ENG-Premier League,2526,0.8219178082191781,1.095890410958904,0.273972602739726
Trai Hume,Sunderland,"DF,MF",33.7,34,46,25,ENG-Premier League,2526,1.0089020771513353,1.3649851632047476,0.7418397626112759
Wilson Isidor,Sunderland,FW,12.9,43,8,2,ENG-Premier League,2526,3.333333333333333,0.6201550387596899,0.15503875968992248
Antonín Kinský,Tottenham,GK,7.0,0,0,0,ENG-Premier League,2526,0.0,0.0,0.0
Archie Gray,Tottenham,"MF,DF",16.4,11,8,17,ENG-Premier League,2526,0.6707317073170732,0.48780487804878053,1.0365853658536586
Ben Davies,Tottenham,DF,1.5,2,4,1,ENG-Premier League,2526,1.3333333333333333,2.6666666666666665,0.6666666666666666
Brennan Johnson,Tottenham,"MF,FW",6.8,6,9,2,ENG-Premier League,2526,0.8823529411764706,1.3235294117647058,0.29411764705882354
Callum Olusesi,Tottenham,MF,0.2,0,0,0,ENG-Premier League,2526,0.0,0.0,0.0
Conor Gallagher,Tottenham,MF,13.2,11,14,18,ENG-Premier League,2526,0.8333333333333334,1.0606060606060606,1.3636363636363638
Cristian Romero,Tottenham,DF,20.8,17,30,31,ENG-Premier League,2526,0.8173076923076923,1.4423076923076923,1.4903846153846154
Dane Scarlett,Tottenham,FW,0.1,0,0,0,ENG-Premier League,2526,0.0,0.0,0.0
Destiny Udogie,Tottenham,"DF,MF",14.9,4,20,7,ENG-Premier League,2526,0.2684563758389262,1.342281879194631,0.4697986577181208
Djed Spence,Tottenham,"DF,MF",22.8,13,25,15,ENG-Premier League,2526,0.5701754385964912,1.0964912280701753,0.6578947368421052
Dominic Solanke,Tottenham,FW,11.1,20,16,3,ENG-Premier League,2526,1.8018018018018018,1.4414414414414416,0.2702702702702703
Guglielmo Vicario,Tottenham,GK,31.0,0,1,0,ENG-Premier League,2526,0.0,0.03225806451612903,0.0
James Maddison,Tottenham,"FW,MF",0.4,2,1,0,ENG-Premier League,2526,5.0,2.5,0.0
João Palhinha,Tottenham,MF,24.4,33,61,28,ENG-Premier League,2526,1.3524590163934427,2.5,1.1475409836065575
Kevin Danso,Tottenham,DF,16.6,11,13,25,ENG-Premier League,2526,0.6626506024096385,0.7831325301204819,1.506024096385542
Lucas Bergvall,Tottenham,MF,10.7,12,14,3,ENG-Premier League,2526,1.1214953271028039,1.3084112149532712,0.28037383177570097
Mathys Tel,Tottenham,"MF,FW",15.0,35,12,5,ENG-Premier League,2526,2.3333333333333335,0.8,0.3333333333333333
Micky van de Ven,Tottenham,DF,33.8,16,20,21,ENG-Premier League,2526,0.4733727810650888,0.591715976331361,0.6213017751479291
Mohammed Kudus,Tottenham,"MF,FW",17.1,26,17,3,ENG-Premier League,2526,1.5204678362573099,0.9941520467836257,0.17543859649122806
Pape Matar Sarr,Tottenham,MF,15.5,17,21,14,ENG-Premier League,2526,1.096774193548387,1.3548387096774193,0.9032258064516129
Pedro Porro,Tottenham,DF,31.1,32,50,31,ENG-Premier League,2526,1.0289389067524115,1.607717041800643,0.9967845659163986
Radu Drăgușin,Tottenham,DF,5.7,4,3,16,ENG-Premier League,2526,0.7017543859649122,0.5263157894736842,2.807017543859649
Randal Kolo Muani,Tottenham,"FW,MF",18.5,20,16,2,ENG-Premier League,2526,1.0810810810810811,0.8648648648648649,0.10810810810810811
Richarlison,Tottenham,"FW,MF",21.8,61,16,7,ENG-Premier League,2526,2.7981651376146788,0.7339449541284403,0.3211009174311926
Rodrigo Bentancur,Tottenham,MF,20.9,13,36,36,ENG-Premier League,2526,0.6220095693779905,1.722488038277512,1.722488038277512
Souza,Tottenham,MF,1.6,1,0,2,ENG-Premier League,2526,0.625,0.0,1.25
Wilson Odobert,Tottenham,"MF,FW",10.9,21,8,0,ENG-Premier League,2526,1.926605504587156,0.7339449541284403,0.0
Xavi Simons,Tottenham,"MF,FW",19.5,42,20,15,ENG-Premier League,2526,2.1538461538461537,1.0256410256410255,0.7692307692307693
Yves Bissouma,Tottenham,MF,6.7,5,11,8,ENG-Premier League,2526,0.7462686567164178,1.6417910447761193,1.1940298507462686
Aaron Wan-Bissaka,West Ham,"DF,MF",23.1,0,24,41,ENG-Premier League,2526,0.0,1.0389610389610389,1.7748917748917747
Adama Traoré,West Ham,"FW,MF",1.3,2,1,0,ENG-Premier League,2526,1.5384615384615383,0.7692307692307692,0.0
Alphonse Areola,West Ham,GK,20.0,0,0,1,ENG-Premier League,2526,0.0,0.0,0.05
Andy Irving,West Ham,MF,1.8,0,4,1,ENG-Premier League,2526,0.0,2.2222222222222223,0.5555555555555556
Axel Disasi,West Ham,DF,13.9,5,10,12,ENG-Premier League,2526,0.3597122302158273,0.7194244604316546,0.8633093525179856
Callum Marshall,West Ham,FW,0.7,1,0,2,ENG-Premier League,2526,1.4285714285714286,0.0,2.857142857142857
Callum Wilson,West Ham,FW,13.9,38,2,3,ENG-Premier League,2526,2.7338129496402876,0.14388489208633093,0.2158273381294964
Crysencio Summerville,West Ham,"MF,FW",27.4,54,26,15,ENG-Premier League,2526,1.9708029197080292,0.9489051094890512,0.5474452554744526
El Hadji Malick Diouf,West Ham,"DF,MF",30.1,18,19,32,ENG-Premier League,2526,0.5980066445182723,0.6312292358803986,1.0631229235880397
Ezra Mayers,West Ham,DF,1.3,1,0,1,ENG-Premier League,2526,0.7692307692307692,0.0,0.7692307692307692
Freddie Potts,West Ham,MF,13.0,3,18,16,ENG-Premier League,2526,0.23076923076923078,1.3846153846153846,1.2307692307692308
George Earthy,West Ham,MF,0.1,0,0,0,ENG-Premier League,2526,0.0,0.0,0.0
Guido Rodríguez,West Ham,MF,2.0,1,0,2,ENG-Premier League,2526,0.5,0.0,1.0
Igor,West Ham,DF,1.2,0,0,1,ENG-Premier League,2526,0.0,0.0,0.8333333333333334
James Ward-Prowse,West Ham,MF,4.6,2,2,6,ENG-Premier League,2526,0.4347826086956522,0.4347826086956522,1.3043478260869565
Jarrod Bowen,West Ham,"MF,FW",37.8,79,28,27,ENG-Premier League,2526,2.08994708994709,0.7407407407407408,0.7142857142857143
Jean-Clair Todibo,West Ham,DF,20.2,2,24,16,ENG-Premier League,2526,0.09900990099009901,1.188118811881188,0.7920792079207921
Konstantinos Mavropanos,West Ham,DF,28.2,23,24,47,ENG-Premier League,2526,0.8156028368794327,0.851063829787234,1.6666666666666667
Kyle Walker-Peters,West Ham,DF,15.4,5,30,9,ENG-Premier League,2526,0.3246753246753247,1.948051948051948,0.5844155844155844
Lucas Paquetá,West Ham,"MF,FW",16.8,23,22,7,ENG-Premier League,2526,1.369047619047619,1.3095238095238095,0.41666666666666663
Luis Guilherme,West Ham,FW,1.4,1,1,0,ENG-Premier League,2526,0.7142857142857143,0.7142857142857143,0.0
Mads Hermansen,West Ham,GK,18.0,0,0,0,ENG-Premier League,2526,0.0,0.0,0.0
Mateus Fernandes,West Ham,MF,33.5,28,67,36,ENG-Premier League,2526,0.835820895522388,2.0,1.0746268656716418
Max Kilman,West Ham,DF,17.3,7,8,6,ENG-Premier League,2526,0.40462427745664736,0.4624277456647399,0.3468208092485549
Mohamadou Kanté,West Ham,MF,0.8,2,4,0,ENG-Premier League,2526,2.5,5.0,0.0
Nayef Aguerd,West Ham,DF,2.0,2,0,1,ENG-Premier League,2526,1.0,0.0,0.5
Niclas Füllkrug,West Ham,FW,4.5,9,1,2,ENG-Premier League,2526,2.0,0.2222222222222222,0.4444444444444444
Oliver Scarles,West Ham,"DF,MF",7.3,3,19,13,ENG-Premier League,2526,0.4109589041095891,2.6027397260273974,1.7808219178082192
Pablo,West Ham,"MF,FW",9.1,12,14,5,ENG-Premier League,2526,1.3186813186813187,1.5384615384615385,0.5494505494505495
Soungoutou Magassa,West Ham,MF,10.9,7,23,17,ENG-Premier League,2526,0.6422018348623852,2.110091743119266,1.5596330275229358
Tomáš Souček,West Ham,MF,24.4,26,23,16,ENG-Premier League,2526,1.0655737704918034,0.9426229508196722,0.6557377049180328
Valentín Castellanos,West Ham,FW,15.4,50,9,6,ENG-Premier League,2526,3.2467532467532467,0.5844155844155844,0.38961038961038963
Adam Armstrong,Wolves,"FW,MF",12.7,18,4,1,ENG-Premier League,2526,1.4173228346456694,0.31496062992125984,0.07874015748031496
André,Wolves,MF,30.7,15,42,25,ENG-Premier League,2526,0.48859934853420195,1.3680781758957654,0.8143322475570033
Angel Gomes,Wolves,"MF,FW",5.1,6,5,1,ENG-Premier League,2526,1.1764705882352942,0.9803921568627452,0.19607843137254904
Daniel Bentley,Wolves,GK,3.0,0,0,0,ENG-Premier League,2526,0.0,0.0,0.0
David Møller Wolfe,Wolves,"MF,DF",11.7,3,5,7,ENG-Premier League,2526,0.25641025641025644,0.4273504273504274,0.5982905982905983
Emmanuel Agbadou,Wolves,DF,12.2,10,21,14,ENG-Premier League,2526,0.819672131147541,1.7213114754098362,1.1475409836065575
Fer López,Wolves,MF,2.6,5,1,0,ENG-Premier League,2526,1.923076923076923,0.3846153846153846,0.0
Hugo Bueno,Wolves,"MF,DF",26.3,16,35,33,ENG-Premier League,2526,0.6083650190114068,1.3307984790874525,1.2547528517110267
Hwang Hee-chan,Wolves,"FW,MF",16.1,19,4,12,ENG-Premier League,2526,1.1801242236024843,0.24844720496894407,0.7453416149068323
Jackson Tchatchoua,Wolves,"MF,DF",20.5,3,15,14,ENG-Premier League,2526,0.14634146341463414,0.7317073170731707,0.6829268292682927
Jean-Ricner Bellegarde,Wolves,"MF,FW",13.9,21,15,9,ENG-Premier League,2526,1.5107913669064748,1.079136690647482,0.6474820143884892
Jerome Abbey,Wolves,MF,0.2,0,0,1,ENG-Premier League,2526,0.0,0.0,5.0
Jhon Arias,Wolves,"FW,MF",12.5,16,27,7,ENG-Premier League,2526,1.28,2.16,0.56
José Sá,Wolves,GK,23.0,0,0,0,ENG-Premier League,2526,0.0,0.0,0.0
João Gomes,Wolves,MF,31.4,19,68,36,ENG-Premier League,2526,0.6050955414012739,2.1656050955414012,1.1464968152866242
Jørgen Strand Larsen,Wolves,FW,15.6,21,2,3,ENG-Premier League,2526,1.3461538461538463,0.12820512820512822,0.19230769230769232
Ki-Jana Hoever,Wolves,"MF,DF",4.7,1,11,5,ENG-Premier League,2526,0.2127659574468085,2.3404255319148937,1.0638297872340425
Ladislav Krejčí,Wolves,"DF,MF",26.2,21,21,32,ENG-Premier League,2526,0.8015267175572519,0.8015267175572519,1.2213740458015268
Marshall Munetsi,Wolves,"MF,FW",9.7,14,13,5,ENG-Premier League,2526,1.4432989690721651,1.3402061855670104,0.5154639175257733
Mateus Mane,Wolves,MF,19.9,41,13,5,ENG-Premier League,2526,2.0603015075376887,0.6532663316582915,0.2512562814070352
Matt Doherty,Wolves,"DF,MF",8.7,3,8,7,ENG-Premier League,2526,0.3448275862068966,0.9195402298850576,0.8045977011494253
Pedro Lima,Wolves,MF,2.9,4,5,4,ENG-Premier League,2526,1.3793103448275863,1.7241379310344829,1.3793103448275863
Rodrigo Gomes,Wolves,"MF,FW",10.7,20,18,11,ENG-Premier League,2526,1.869158878504673,1.6822429906542058,1.0280373831775702
Sam Johnstone,Wolves,GK,12.0,0,1,0,ENG-Premier League,2526,0.0,0.08333333333333333,0.0
Santiago Bueno,Wolves,DF,28.4,10,30,27,ENG-Premier League,2526,0.35211267605633806,1.0563380281690142,0.9507042253521127
Saša Kalajdžić,Wolves,"FW,MF",0.2,0,0,1,ENG-Premier League,2526,0.0,0.0,5.0
Tawanda Chirewa,Wolves,MF,0.3,0,0,0,ENG-Premier League,2526,0.0,0.0,0.0
Tolu Arokodare,Wolves,FW,15.8,46,4,5,ENG-Premier League,2526,2.911392405063291,0.2531645569620253,0.3164556962025316
Tom Edozie,Wolves,MF,0.2,2,0,0,ENG-Premier League,2526,10.0,0.0,0.0
Toti Gomes,Wolves,DF,15.8,5,11,13,ENG-Premier League,2526,0.3164556962025316,0.6962025316455696,0.8227848101265822
Yerson Mosquera,Wolves,DF,23.7,30,36,25,ENG-Premier League,2526,1.2658227848101267,1.518987341772152,1.0548523206751055
