League,Season,Team,Played,Wins,Draws,Losses,GF,GA,GD,Points,Rank,Champion,Top4,Prev_Points,Prev_Rank,Prev_GD,Prev_Champion
La Liga,1993-94,Barcelona,38,25,6,7,91.0,42.0,49.0,81,1,1,1,,,,
La Liga,1993-94,La Coruna,38,22,12,4,54.0,18.0,36.0,78,2,0,1,,,,
La Liga,1993-94,Zaragoza,38,19,8,11,71.0,47.0,24.0,65,3,0,1,,,,
La Liga,1993-94,Real Madrid,38,19,7,12,61.0,49.0,12.0,64,4,0,1,,,,
La Liga,1993-94,Ath Bilbao,38,16,11,11,61.0,47.0,14.0,59,5,0,0,,,,
La Liga,1993-94,Sevilla,38,15,12,11,56.0,42.0,14.0,57,6,0,0,,,,
La Liga,1993-94,Valencia,38,14,12,12,55.0,50.0,5.0,54,7,0,0,,,,
La Liga,1993-94,Santander,38,15,8,15,44.0,42.0,2.0,53,8,0,0,,,,
La Liga,1993-94,Tenerife,38,15,6,17,50.0,57.0,-7.0,51,9,0,0,,,,
La Liga,1993-94,Sp Gijon,38,15,5,18,42.0,57.0,-15.0,50,10,0,0,,,,
La Liga,1993-94,Oviedo,38,12,13,13,43.0,49.0,-6.0,49,11,0,0,,,,
La Liga,1993-94,Ath Madrid,38,13,9,16,54.0,54.0,0.0,48,12,0,0,,,,
La Liga,1993-94,Sociedad,38,12,12,14,38.0,47.0,-9.0,48,13,0,0,,,,
La Liga,1993-94,Albacete,38,10,15,13,49.0,58.0,-9.0,45,14,0,0,,,,
La Liga,1993-94,Celta,38,11,11,16,41.0,51.0,-10.0,44,15,0,0,,,,
La Liga,1993-94,Logrones,38,9,15,14,47.0,58.0,-11.0,42,16,0,0,,,,
La Liga,1993-94,Vallecano,38,9,13,16,40.0,58.0,-18.0,40,17,0,0,,,,
La Liga,1993-94,Valladolid,38,8,14,16,28.0,51.0,-23.0,38,18,0,0,,,,
La Liga,1993-94,Lerida,38,7,13,18,29.0,48.0,-19.0,34,19,0,0,,,,
La Liga,1993-94,Osasuna,38,8,10,20,34.0,63.0,-29.0,34,20,0,0,,,,
La Liga,1994-95,Real Madrid,38,23,9,6,76.0,29.0,47.0,78,1,1,1,64.0,4.0,12.0,0.0
La Liga,1994-95,La Coruna,38,20,11,7,68.0,32.0,36.0,71,2,0,1,78.0,2.0,36.0,0.0
La Liga,1994-95,Barcelona,38,18,10,10,60.0,45.0,15.0,64,3,0,1,81.0,1.0,49.0,1.0
La Liga,1994-95,Betis,38,15,16,7,46.0,25.0,21.0,61,4,0,1,,,,
La Liga,1994-95,Zaragoza,38,18,7,13,56.0,51.0,5.0,61,5,0,0,65.0,3.0,24.0,0.0
La Liga,1994-95,Sevilla,38,16,11,11,55.0,41.0,14.0,59,6,0,0,57.0,6.0,14.0,0.0
La Liga,1994-95,Ath Bilbao,38,16,10,12,39.0,42.0,-3.0,58,7,0,0,59.0,5.0,14.0,0.0
La Liga,1994-95,Espanol,38,14,15,9,51.0,35.0,16.0,57,8,0,0,,,,
La Liga,1994-95,Oviedo,38,13,13,12,45.0,42.0,3.0,52,9,0,0,49.0,11.0,-6.0,0.0
La Liga,1994-95,Valencia,38,13,12,13,53.0,48.0,5.0,51,10,0,0,54.0,7.0,5.0,0.0
La Liga,1994-95,Sociedad,38,12,14,12,56.0,44.0,12.0,50,11,0,0,48.0,13.0,-9.0,0.0
La Liga,1994-95,Santander,38,13,10,15,42.0,47.0,-5.0,49,12,0,0,53.0,8.0,2.0,0.0
La Liga,1994-95,Ath Madrid,38,13,9,16,56.0,54.0,2.0,48,13,0,0,48.0,12.0,0.0,0.0
La Liga,1994-95,Tenerife,38,13,9,16,57.0,57.0,0.0,48,14,0,0,51.0,9.0,-7.0,0.0
La Liga,1994-95,Celta,38,11,14,13,36.0,48.0,-12.0,47,15,0,0,44.0,15.0,-10.0,0.0
La Liga,1994-95,Compostela,38,11,12,15,44.0,56.0,-12.0,45,16,0,0,,,,
La Liga,1994-95,Albacete,38,10,14,14,44.0,61.0,-17.0,44,17,0,0,45.0,14.0,-9.0,0.0
La Liga,1994-95,Sp Gijon,38,8,12,18,42.0,67.0,-25.0,36,18,0,0,50.0,10.0,-15.0,0.0
La Liga,1994-95,Valladolid,38,8,9,21,25.0,63.0,-38.0,33,19,0,0,38.0,18.0,-23.0,0.0
La Liga,1994-95,Logrones,38,2,9,27,15.0,79.0,-64.0,15,20,0,0,42.0,16.0,-11.0,0.0
La Liga,1995-96,Ath Madrid,42,26,9,7,75.0,32.0,43.0,87,1,1,1,48.0,13.0,2.0,0.0
La Liga,1995-96,Valencia,42,26,5,11,77.0,51.0,26.0,83,2,0,1,51.0,10.0,5.0,0.0
La Liga,1995-96,Barcelona,42,22,14,6,72.0,39.0,33.0,80,3,0,1,64.0,3.0,15.0,0.0
La Liga,1995-96,Espanol,42,20,14,8,63.0,36.0,27.0,74,4,0,1,57.0,8.0,16.0,0.0
La Liga,1995-96,Tenerife,42,20,12,10,69.0,54.0,15.0,72,5,0,0,48.0,14.0,0.0,0.0
La Liga,1995-96,Real Madrid,42,20,10,12,75.0,51.0,24.0,70,6,0,0,78.0,1.0,47.0,1.0
La Liga,1995-96,Sociedad,42,17,12,13,62.0,53.0,9.0,63,7,0,0,50.0,11.0,12.0,0.0
La Liga,1995-96,Betis,42,16,14,12,61.0,54.0,7.0,62,8,0,0,61.0,4.0,21.0,0.0
La Liga,1995-96,La Coruna,42,16,13,13,63.0,44.0,19.0,61,9,0,0,71.0,2.0,36.0,0.0
La Liga,1995-96,Compostela,42,17,8,17,47.0,54.0,-7.0,59,10,0,0,45.0,16.0,-12.0,0.0
La Liga,1995-96,Celta,42,12,16,14,49.0,51.0,-2.0,52,11,0,0,47.0,15.0,-12.0,0.0
La Liga,1995-96,Zaragoza,42,11,15,16,51.0,59.0,-8.0,48,12,0,0,61.0,5.0,5.0,0.0
La Liga,1995-96,Ath Bilbao,42,11,15,16,44.0,55.0,-11.0,48,13,0,0,58.0,7.0,-3.0,0.0
La Liga,1995-96,Sevilla,42,11,15,16,43.0,55.0,-12.0,48,14,0,0,59.0,6.0,14.0,0.0
La Liga,1995-96,Oviedo,42,12,12,18,48.0,67.0,-19.0,48,15,0,0,52.0,9.0,3.0,0.0
La Liga,1995-96,Valladolid,42,11,14,17,57.0,62.0,-5.0,47,16,0,0,33.0,19.0,-38.0,0.0
La Liga,1995-96,Santander,42,11,14,17,47.0,69.0,-22.0,47,17,0,0,49.0,12.0,-5.0,0.0
La Liga,1995-96,Sp Gijon,42,13,7,22,51.0,60.0,-9.0,46,18,0,0,36.0,18.0,-25.0,0.0
La Liga,1995-96,Vallecano,42,12,8,22,47.0,75.0,-28.0,44,19,0,0,40.0,17.0,-18.0,0.0
La Liga,1995-96,Merida,42,10,12,20,37.0,62.0,-25.0,42,20,0,0,,,,
La Liga,1995-96,Albacete,42,10,12,20,55.0,81.0,-26.0,42,21,0,0,44.0,17.0,-17.0,0.0
La Liga,1995-96,Salamanca,42,8,9,25,53.0,82.0,-29.0,33,22,0,0,,,,
La Liga,1996-97,Real Madrid,42,27,11,4,85.0,36.0,49.0,92,1,1,1,70.0,6.0,24.0,0.0
La Liga,1996-97,Barcelona,42,28,6,8,102.0,48.0,54.0,90,2,0,1,80.0,3.0,33.0,0.0
La Liga,1996-97,Betis,42,21,14,7,81.0,46.0,35.0,77,3,0,1,62.0,8.0,7.0,0.0
La Liga,1996-97,La Coruna,42,21,14,7,57.0,30.0,27.0,77,4,0,1,61.0,9.0,19.0,0.0
La Liga,1996-97,Ath Madrid,42,20,11,11,76.0,64.0,12.0,71,5,0,0,87.0,1.0,43.0,1.0
La Liga,1996-97,Ath Bilbao,42,16,16,10,72.0,57.0,15.0,64,6,0,0,48.0,13.0,-11.0,0.0
La Liga,1996-97,Valladolid,42,18,10,14,57.0,46.0,11.0,64,7,0,0,47.0,16.0,-5.0,0.0
La Liga,1996-97,Sociedad,42,18,9,15,50.0,47.0,3.0,63,8,0,0,63.0,7.0,9.0,0.0
La Liga,1996-97,Tenerife,42,15,11,16,69.0,57.0,12.0,56,9,0,0,72.0,5.0,15.0,0.0
La Liga,1996-97,Valencia,42,15,11,16,63.0,59.0,4.0,56,10,0,0,83.0,2.0,26.0,0.0
La Liga,1996-97,Compostela,42,13,14,15,52.0,65.0,-13.0,53,11,0,0,59.0,10.0,-7.0,0.0
La Liga,1996-97,Espanol,42,14,9,19,51.0,57.0,-6.0,51,12,0,0,74.0,4.0,27.0,0.0
La Liga,1996-97,Santander,42,11,17,14,52.0,54.0,-2.0,50,13,0,0,47.0,17.0,-22.0,0.0
La Liga,1996-97,Zaragoza,42,12,14,16,58.0,66.0,-8.0,50,14,0,0,48.0,12.0,-8.0,0.0
La Liga,1996-97,Sp Gijon,42,13,11,18,45.0,63.0,-18.0,50,15,0,0,46.0,18.0,-9.0,0.0
La Liga,1996-97,Celta,42,12,13,17,51.0,54.0,-3.0,49,16,0,0,52.0,11.0,-2.0,0.0
La Liga,1996-97,Oviedo,42,12,12,18,49.0,65.0,-16.0,48,17,0,0,48.0,15.0,-19.0,0.0
La Liga,1996-97,Vallecano,42,13,6,23,43.0,62.0,-19.0,45,18,0,0,44.0,19.0,-28.0,0.0
La Liga,1996-97,Extremadura,42,11,11,20,35.0,64.0,-29.0,44,19,0,0,,,,
La Liga,1996-97,Sevilla,42,12,7,23,50.0,69.0,-19.0,43,20,0,0,48.0,14.0,-12.0,0.0
La Liga,1996-97,Hercules,42,12,5,25,40.0,77.0,-37.0,41,21,0,0,,,,
La Liga,1996-97,Logrones,42,9,6,27,33.0,85.0,-52.0,33,22,0,0,15.0,20.0,-64.0,0.0
La Liga,1997-98,Barcelona,38,23,5,10,78.0,56.0,22.0,74,1,1,1,90.0,2.0,54.0,0.0
La Liga,1997-98,Ath Bilbao,38,17,14,7,52.0,42.0,10.0,65,2,0,1,64.0,6.0,15.0,0.0
La Liga,1997-98,Sociedad,38,16,15,7,60.0,37.0,23.0,63,3,0,1,63.0,8.0,3.0,0.0
La Liga,1997-98,Real Madrid,38,17,12,9,63.0,45.0,18.0,63,4,0,1,92.0,1.0,49.0,1.0
La Liga,1997-98,Ath Madrid,38,16,12,10,79.0,56.0,23.0,60,5,0,0,71.0,5.0,12.0,0.0
La Liga,1997-98,Mallorca,38,16,12,10,55.0,39.0,16.0,60,6,0,0,,,,
La Liga,1997-98,Celta,38,17,9,12,54.0,47.0,7.0,60,7,0,0,49.0,16.0,-3.0,0.0
La Liga,1997-98,Betis,38,17,8,13,49.0,50.0,-1.0,59,8,0,0,77.0,3.0,35.0,0.0
La Liga,1997-98,Valencia,38,16,7,15,58.0,52.0,6.0,55,9,0,0,56.0,10.0,4.0,0.0
La Liga,1997-98,Espanol,38,12,17,9,44.0,31.0,13.0,53,10,0,0,51.0,12.0,-6.0,0.0
La Liga,1997-98,Valladolid,38,13,11,14,36.0,47.0,-11.0,50,11,0,0,64.0,7.0,11.0,0.0
La Liga,1997-98,La Coruna,38,12,13,13,44.0,46.0,-2.0,49,12,0,0,77.0,4.0,27.0,0.0
La Liga,1997-98,Zaragoza,38,12,12,14,45.0,53.0,-8.0,48,13,0,0,50.0,14.0,-8.0,0.0
La Liga,1997-98,Salamanca,38,12,9,17,46.0,46.0,0.0,45,14,0,0,33.0,22.0,-29.0,0.0
La Liga,1997-98,Santander,38,12,9,17,46.0,55.0,-9.0,45,15,0,0,50.0,13.0,-2.0,0.0
La Liga,1997-98,Tenerife,38,11,12,15,44.0,57.0,-13.0,45,16,0,0,56.0,9.0,12.0,0.0
La Liga,1997-98,Compostela,38,11,11,16,56.0,66.0,-10.0,44,17,0,0,53.0,11.0,-13.0,0.0
La Liga,1997-98,Oviedo,38,9,13,16,36.0,51.0,-15.0,40,18,0,0,48.0,17.0,-16.0,0.0
La Liga,1997-98,Merida,38,9,12,17,33.0,53.0,-20.0,39,19,0,0,42.0,20.0,-25.0,0.0
La Liga,1997-98,Sp Gijon,38,2,7,29,31.0,80.0,-49.0,13,20,0,0,50.0,15.0,-18.0,0.0
La Liga,1998-99,Barcelona,38,24,7,7,87.0,43.0,44.0,79,1,1,1,74.0,1.0,22.0,1.0
La Liga,1998-99,Real Madrid,38,21,5,12,77.0,62.0,15.0,68,2,0,1,63.0,4.0,18.0,0.0
La Liga,1998-99,Mallorca,38,20,6,12,48.0,31.0,17.0,66,3,0,1,60.0,6.0,16.0,0.0
La Liga,1998-99,Valencia,38,19,8,11,63.0,39.0,24.0,65,4,0,1,55.0,9.0,6.0,0.0
La Liga,1998-99,Celta,38,17,13,8,69.0,41.0,28.0,64,5,0,0,60.0,7.0,7.0,0.0
La Liga,1998-99,La Coruna,38,17,12,9,55.0,43.0,12.0,63,6,0,0,49.0,12.0,-2.0,0.0
La Liga,1998-99,Espanol,38,16,13,9,49.0,38.0,11.0,61,7,0,0,53.0,10.0,13.0,0.0
La Liga,1998-99,Ath Bilbao,38,17,9,12,53.0,47.0,6.0,60,8,0,0,65.0,2.0,10.0,0.0
La Liga,1998-99,Zaragoza,38,16,9,13,57.0,46.0,11.0,57,9,0,0,48.0,13.0,-8.0,0.0
La Liga,1998-99,Sociedad,38,14,12,12,47.0,43.0,4.0,54,10,0,0,63.0,3.0,23.0,0.0
La Liga,1998-99,Betis,38,14,7,17,47.0,58.0,-11.0,49,11,0,0,59.0,8.0,-1.0,0.0
La Liga,1998-99,Valladolid,38,13,9,16,35.0,44.0,-9.0,48,12,0,0,50.0,11.0,-11.0,0.0
La Liga,1998-99,Ath Madrid,38,12,10,16,54.0,50.0,4.0,46,13,0,0,60.0,5.0,23.0,0.0
La Liga,1998-99,Oviedo,38,11,12,15,41.0,57.0,-16.0,45,14,0,0,40.0,18.0,-15.0,0.0
La Liga,1998-99,Santander,38,10,12,16,41.0,53.0,-12.0,42,15,0,0,45.0,15.0,-9.0,0.0
La Liga,1998-99,Alaves,38,11,7,20,36.0,63.0,-27.0,40,16,0,0,,,,
La Liga,1998-99,Extremadura,38,9,12,17,27.0,53.0,-26.0,39,17,0,0,44.0,19.0,-29.0,0.0
La Liga,1998-99,Villareal,38,8,12,18,47.0,63.0,-16.0,36,18,0,0,,,,
La Liga,1998-99,Tenerife,38,7,13,18,41.0,63.0,-22.0,34,19,0,0,45.0,16.0,-13.0,0.0
La Liga,1998-99,Salamanca,38,7,6,25,29.0,66.0,-37.0,27,20,0,0,45.0,14.0,0.0,0.0
La Liga,1999-00,La Coruna,38,21,6,11,66.0,44.0,22.0,69,1,1,1,63.0,6.0,12.0,0.0
La Liga,1999-00,Barcelona,38,19,7,12,70.0,46.0,24.0,64,2,0,1,79.0,1.0,44.0,1.0
La Liga,1999-00,Valencia,38,18,10,10,59.0,39.0,20.0,64,3,0,1,65.0,4.0,24.0,0.0
La Liga,1999-00,Zaragoza,38,16,15,7,60.0,40.0,20.0,63,4,0,1,57.0,9.0,11.0,0.0
La Liga,1999-00,Real Madrid,38,16,14,8,58.0,48.0,10.0,62,5,0,0,68.0,2.0,15.0,0.0
La Liga,1999-00,Alaves,38,17,10,11,41.0,37.0,4.0,61,6,0,0,40.0,16.0,-27.0,0.0
La Liga,1999-00,Celta,38,15,8,15,45.0,43.0,2.0,53,7,0,0,64.0,5.0,28.0,0.0
La Liga,1999-00,Valladolid,38,14,11,13,36.0,44.0,-8.0,53,8,0,0,48.0,12.0,-9.0,0.0
La Liga,1999-00,Vallecano,38,15,7,16,51.0,53.0,-2.0,52,9,0,0,45.0,18.0,-19.0,0.0
La Liga,1999-00,Mallorca,38,14,9,15,52.0,45.0,7.0,51,10,0,0,66.0,3.0,17.0,0.0
La Liga,1999-00,Ath Bilbao,38,12,14,12,47.0,57.0,-10.0,50,11,0,0,60.0,8.0,6.0,0.0
La Liga,1999-00,Malaga,38,11,15,12,55.0,50.0,5.0,48,12,0,0,,,,
La Liga,1999-00,Espanol,38,12,11,15,51.0,48.0,3.0,47,13,0,0,61.0,7.0,11.0,0.0
La Liga,1999-00,Sociedad,38,11,14,13,42.0,49.0,-7.0,47,14,0,0,54.0,10.0,4.0,0.0
La Liga,1999-00,Santander,38,10,16,12,52.0,50.0,2.0,46,15,0,0,42.0,15.0,-12.0,0.0
La Liga,1999-00,Numancia,38,11,12,15,47.0,59.0,-12.0,45,16,0,0,,,,
La Liga,1999-00,Oviedo,38,11,12,15,44.0,60.0,-16.0,45,17,0,0,45.0,14.0,-16.0,0.0
La Liga,1999-00,Betis,38,11,9,18,33.0,56.0,-23.0,42,18,0,0,49.0,11.0,-11.0,0.0
La Liga,1999-00,Ath Madrid,38,9,11,18,48.0,64.0,-16.0,38,19,0,0,46.0,13.0,4.0,0.0
La Liga,1999-00,Sevilla,38,5,13,20,42.0,67.0,-25.0,28,20,0,0,43.0,20.0,-19.0,0.0
La Liga,2000-01,Real Madrid,38,24,8,6,81.0,40.0,41.0,80,1,1,1,62.0,5.0,10.0,0.0
La Liga,2000-01,La Coruna,38,22,7,9,73.0,44.0,29.0,73,2,0,1,69.0,1.0,22.0,1.0
La Liga,2000-01,Mallorca,38,20,11,7,61.0,43.0,18.0,71,3,0,1,51.0,10.0,7.0,0.0
La Liga,2000-01,Barcelona,38,17,12,9,80.0,57.0,23.0,63,4,0,1,64.0,2.0,24.0,0.0
La Liga,2000-01,Valencia,38,18,9,11,55.0,34.0,21.0,63,5,0,0,64.0,3.0,20.0,0.0
La Liga,2000-01,Celta,38,16,11,11,51.0,49.0,2.0,59,6,0,0,53.0,7.0,2.0,0.0
La Liga,2000-01,Villarreal,38,16,9,13,58.0,52.0,6.0,57,7,0,0,,,,
La Liga,2000-01,Malaga,38,16,8,14,60.0,61.0,-1.0,56,8,0,0,48.0,12.0,5.0,0.0
La Liga,2000-01,Espanol,38,14,8,16,46.0,44.0,2.0,50,9,0,0,47.0,13.0,3.0,0.0
La Liga,2000-01,Alaves,38,14,7,17,58.0,59.0,-1.0,49,10,0,0,61.0,6.0,4.0,0.0
La Liga,2000-01,Las Palmas,38,13,7,18,42.0,62.0,-20.0,46,11,0,0,,,,
La Liga,2000-01,Vallecano,38,10,13,15,56.0,68.0,-12.0,43,12,0,0,52.0,9.0,-2.0,0.0
La Liga,2000-01,Ath Bilbao,38,11,10,17,44.0,60.0,-16.0,43,13,0,0,50.0,11.0,-10.0,0.0
La Liga,2000-01,Sociedad,38,11,10,17,52.0,68.0,-16.0,43,14,0,0,47.0,14.0,-7.0,0.0
La Liga,2000-01,Zaragoza,38,9,15,14,54.0,57.0,-3.0,42,15,0,0,63.0,4.0,20.0,0.0
La Liga,2000-01,Valladolid,38,9,15,14,42.0,50.0,-8.0,42,16,0,0,53.0,8.0,-8.0,0.0
La Liga,2000-01,Osasuna,38,10,12,16,43.0,54.0,-11.0,42,17,0,0,34.0,20.0,-29.0,0.0
La Liga,2000-01,Oviedo,38,11,8,19,51.0,67.0,-16.0,41,18,0,0,45.0,17.0,-16.0,0.0
La Liga,2000-01,Santander,38,10,9,19,48.0,62.0,-14.0,39,19,0,0,46.0,15.0,2.0,0.0
La Liga,2000-01,Numancia,38,10,9,19,40.0,64.0,-24.0,39,20,0,0,45.0,16.0,-12.0,0.0
La Liga,2001-02,Valencia,38,21,12,5,51.0,27.0,24.0,75,1,1,1,63.0,5.0,21.0,0.0
La Liga,2001-02,La Coruna,38,20,8,10,65.0,41.0,24.0,68,2,0,1,73.0,2.0,29.0,0.0
La Liga,2001-02,Real Madrid,38,19,9,10,69.0,44.0,25.0,66,3,0,1,80.0,1.0,41.0,1.0
La Liga,2001-02,Barcelona,38,18,10,10,65.0,37.0,28.0,64,4,0,1,63.0,4.0,23.0,0.0
La Liga,2001-02,Celta,38,16,12,10,64.0,46.0,18.0,60,5,0,0,59.0,6.0,2.0,0.0
La Liga,2001-02,Betis,38,15,14,9,42.0,34.0,8.0,59,6,0,0,42.0,18.0,-23.0,0.0
La Liga,2001-02,Alaves,38,17,3,18,41.0,44.0,-3.0,54,7,0,0,49.0,10.0,-1.0,0.0
La Liga,2001-02,Sevilla,38,14,11,13,51.0,40.0,11.0,53,8,0,0,28.0,20.0,-25.0,0.0
La Liga,2001-02,Malaga,38,13,14,11,44.0,44.0,0.0,53,9,0,0,56.0,8.0,-1.0,0.0
La Liga,2001-02,Ath Bilbao,38,14,11,13,54.0,66.0,-12.0,53,10,0,0,43.0,13.0,-16.0,0.0
La Liga,2001-02,Vallecano,38,13,10,15,46.0,52.0,-6.0,49,11,0,0,43.0,12.0,-12.0,0.0
La Liga,2001-02,Valladolid,38,13,9,16,45.0,58.0,-13.0,48,12,0,0,42.0,16.0,-8.0,0.0
La Liga,2001-02,Sociedad,38,13,8,17,48.0,54.0,-6.0,47,13,0,0,43.0,14.0,-16.0,0.0
La Liga,2001-02,Espanol,38,13,8,17,47.0,56.0,-9.0,47,14,0,0,50.0,9.0,2.0,0.0
La Liga,2001-02,Villarreal,38,11,10,17,46.0,55.0,-9.0,43,15,0,0,57.0,7.0,6.0,0.0
La Liga,2001-02,Mallorca,38,11,10,17,40.0,52.0,-12.0,43,16,0,0,71.0,3.0,18.0,0.0
La Liga,2001-02,Osasuna,38,10,12,16,36.0,49.0,-13.0,42,17,0,0,42.0,17.0,-11.0,0.0
La Liga,2001-02,Las Palmas,38,9,13,16,40.0,50.0,-10.0,40,18,0,0,46.0,11.0,-20.0,0.0
La Liga,2001-02,Tenerife,38,10,8,20,32.0,58.0,-26.0,38,19,0,0,34.0,19.0,-22.0,0.0
La Liga,2001-02,Zaragoza,38,9,10,19,35.0,54.0,-19.0,37,20,0,0,42.0,15.0,-3.0,0.0
La Liga,2002-03,Real Madrid,38,22,12,4,86.0,42.0,44.0,78,1,1,1,66.0,3.0,25.0,0.0
La Liga,2002-03,Sociedad,38,22,10,6,71.0,45.0,26.0,76,2,0,1,47.0,13.0,-6.0,0.0
La Liga,2002-03,La Coruna,38,22,6,10,67.0,47.0,20.0,72,3,0,1,68.0,2.0,24.0,0.0
La Liga,2002-03,Celta,38,17,10,11,45.0,36.0,9.0,61,4,0,1,60.0,5.0,18.0,0.0
La Liga,2002-03,Valencia,38,17,9,12,56.0,35.0,21.0,60,5,0,0,75.0,1.0,24.0,1.0
La Liga,2002-03,Barcelona,38,15,11,12,63.0,47.0,16.0,56,6,0,0,64.0,4.0,28.0,0.0
La Liga,2002-03,Ath Bilbao,38,15,10,13,63.0,61.0,2.0,55,7,0,0,53.0,10.0,-12.0,0.0
La Liga,2002-03,Betis,38,14,12,12,56.0,53.0,3.0,54,8,0,0,59.0,6.0,8.0,0.0
La Liga,2002-03,Mallorca,38,14,10,14,49.0,56.0,-7.0,52,9,0,0,43.0,16.0,-12.0,0.0
La Liga,2002-03,Sevilla,38,13,11,14,38.0,39.0,-1.0,50,10,0,0,53.0,8.0,11.0,0.0
La Liga,2002-03,Ath Madrid,38,12,11,15,51.0,56.0,-5.0,47,11,0,0,38.0,19.0,-16.0,0.0
La Liga,2002-03,Osasuna,38,12,11,15,40.0,48.0,-8.0,47,12,0,0,42.0,17.0,-13.0,0.0
La Liga,2002-03,Valladolid,38,12,10,16,37.0,40.0,-3.0,46,13,0,0,48.0,12.0,-13.0,0.0
La Liga,2002-03,Malaga,38,11,13,14,44.0,49.0,-5.0,46,14,0,0,53.0,9.0,0.0,0.0
La Liga,2002-03,Villarreal,38,11,12,15,44.0,53.0,-9.0,45,15,0,0,43.0,15.0,-9.0,0.0
La Liga,2002-03,Santander,38,13,5,20,54.0,64.0,-10.0,44,16,0,0,39.0,19.0,-14.0,0.0
La Liga,2002-03,Espanol,38,10,13,15,48.0,54.0,-6.0,43,17,0,0,47.0,14.0,-9.0,0.0
La Liga,2002-03,Recreativo,38,8,12,18,35.0,61.0,-26.0,36,18,0,0,,,,
La Liga,2002-03,Alaves,38,8,11,19,38.0,68.0,-30.0,35,19,0,0,54.0,7.0,-3.0,0.0
La Liga,2002-03,Vallecano,38,7,11,20,31.0,62.0,-31.0,32,20,0,0,49.0,11.0,-6.0,0.0
La Liga,2003-04,Valencia,38,23,8,7,71.0,27.0,44.0,77,1,1,1,60.0,5.0,21.0,0.0
La Liga,2003-04,Barcelona,38,21,9,8,63.0,39.0,24.0,72,2,0,1,56.0,6.0,16.0,0.0
La Liga,2003-04,La Coruna,38,21,8,9,60.0,34.0,26.0,71,3,0,1,72.0,3.0,20.0,0.0
La Liga,2003-04,Real Madrid,38,21,7,10,72.0,54.0,18.0,70,4,0,1,78.0,1.0,44.0,1.0
La Liga,2003-04,Ath Bilbao,38,15,11,12,53.0,49.0,4.0,56,5,0,0,55.0,7.0,2.0,0.0
La Liga,2003-04,Sevilla,38,15,10,13,56.0,45.0,11.0,55,6,0,0,50.0,10.0,-1.0,0.0
La Liga,2003-04,Ath Madrid,38,15,10,13,51.0,53.0,-2.0,55,7,0,0,47.0,11.0,-5.0,0.0
La Liga,2003-04,Villarreal,38,15,9,14,47.0,49.0,-2.0,54,8,0,0,45.0,15.0,-9.0,0.0
La Liga,2003-04,Betis,38,13,13,12,46.0,43.0,3.0,52,9,0,0,54.0,8.0,3.0,0.0
La Liga,2003-04,Malaga,38,15,6,17,50.0,55.0,-5.0,51,10,0,0,46.0,14.0,-5.0,0.0
La Liga,2003-04,Mallorca,38,15,6,17,54.0,66.0,-12.0,51,11,0,0,52.0,9.0,-7.0,0.0
La Liga,2003-04,Osasuna,38,11,15,12,38.0,37.0,1.0,48,12,0,0,47.0,12.0,-8.0,0.0
La Liga,2003-04,Zaragoza,38,13,9,16,46.0,55.0,-9.0,48,13,0,0,37.0,20.0,-19.0,0.0
La Liga,2003-04,Albacete,38,13,8,17,40.0,48.0,-8.0,47,14,0,0,42.0,21.0,-26.0,0.0
La Liga,2003-04,Sociedad,38,11,13,14,49.0,53.0,-4.0,46,15,0,0,76.0,2.0,26.0,0.0
La Liga,2003-04,Santander,38,11,10,17,48.0,63.0,-15.0,43,16,0,0,44.0,16.0,-10.0,0.0
La Liga,2003-04,Espanol,38,13,4,21,48.0,64.0,-16.0,43,17,0,0,43.0,17.0,-6.0,0.0
La Liga,2003-04,Valladolid,38,10,11,17,46.0,56.0,-10.0,41,18,0,0,46.0,13.0,-3.0,0.0
La Liga,2003-04,Celta,38,9,12,17,48.0,68.0,-20.0,39,19,0,0,61.0,4.0,9.0,0.0
La Liga,2003-04,Murcia,38,5,11,22,29.0,57.0,-28.0,26,20,0,0,,,,
La Liga,2004-05,Barcelona,27,18,8,1,51.0,16.0,35.0,62,1,1,1,72.0,2.0,24.0,0.0
La Liga,2004-05,Real Madrid,28,18,4,6,48.0,21.0,27.0,58,2,0,1,70.0,4.0,18.0,0.0
La Liga,2004-05,Villarreal,26,13,8,5,50.0,24.0,26.0,47,3,0,1,54.0,8.0,-2.0,0.0
La Liga,2004-05,Valencia,26,12,8,6,36.0,23.0,13.0,44,4,0,1,77.0,1.0,44.0,1.0
La Liga,2004-05,Sevilla,27,12,7,8,30.0,29.0,1.0,43,5,0,0,55.0,6.0,11.0,0.0
La Liga,2004-05,Espanol,27,11,9,7,38.0,31.0,7.0,42,6,0,0,43.0,17.0,-16.0,0.0
La Liga,2004-05,Betis,27,10,9,8,38.0,34.0,4.0,39,7,0,0,52.0,9.0,3.0,0.0
La Liga,2004-05,Malaga,25,12,3,10,30.0,31.0,-1.0,39,8,0,0,51.0,10.0,-5.0,0.0
La Liga,2004-05,Osasuna,28,9,8,11,40.0,53.0,-13.0,35,9,0,0,48.0,12.0,1.0,0.0
La Liga,2004-05,Ath Madrid,27,9,7,11,26.0,28.0,-2.0,34,10,0,0,55.0,7.0,-2.0,0.0
La Liga,2004-05,Getafe,27,9,7,11,29.0,33.0,-4.0,34,11,0,0,,,,
La Liga,2004-05,Zaragoza,25,10,4,11,38.0,43.0,-5.0,34,12,0,0,48.0,13.0,-9.0,0.0
La Liga,2004-05,Santander,26,9,7,10,31.0,39.0,-8.0,34,13,0,0,43.0,16.0,-15.0,0.0
La Liga,2004-05,Levante,29,9,7,13,35.0,45.0,-10.0,34,14,0,0,,,,
La Liga,2004-05,La Coruna,28,7,12,9,35.0,42.0,-7.0,33,15,0,0,71.0,3.0,26.0,0.0
La Liga,2004-05,Ath Bilbao,26,8,6,12,34.0,37.0,-3.0,30,16,0,0,56.0,5.0,4.0,0.0
La Liga,2004-05,Sociedad,25,7,6,12,28.0,34.0,-6.0,27,17,0,0,46.0,15.0,-4.0,0.0
La Liga,2004-05,Mallorca,27,7,5,15,33.0,48.0,-15.0,26,18,0,0,51.0,11.0,-12.0,0.0
La Liga,2004-05,Albacete,28,4,9,15,22.0,36.0,-14.0,21,19,0,0,47.0,14.0,-8.0,0.0
La Liga,2004-05,Numancia,27,2,10,15,21.0,46.0,-25.0,16,20,0,0,39.0,20.0,-24.0,0.0
La Liga,2005-06,Barcelona,38,25,7,6,80.0,35.0,45.0,82,1,1,1,62.0,1.0,35.0,1.0
La Liga,2005-06,Real Madrid,38,20,10,8,70.0,40.0,30.0,70,2,0,1,58.0,2.0,27.0,0.0
La Liga,2005-06,Valencia,38,19,12,7,58.0,33.0,25.0,69,3,0,1,44.0,4.0,13.0,0.0
La Liga,2005-06,Sevilla,38,20,8,10,54.0,39.0,15.0,68,4,0,1,43.0,5.0,1.0,0.0
La Liga,2005-06,Osasuna,38,21,5,12,49.0,43.0,6.0,68,5,0,0,35.0,9.0,-13.0,0.0
La Liga,2005-06,Celta,38,20,4,14,45.0,33.0,12.0,64,6,0,0,39.0,19.0,-20.0,0.0
La Liga,2005-06,Villarreal,38,14,15,9,50.0,39.0,11.0,57,7,0,0,47.0,3.0,26.0,0.0
La Liga,2005-06,La Coruna,38,15,10,13,47.0,45.0,2.0,55,8,0,0,33.0,15.0,-7.0,0.0
La Liga,2005-06,Getafe,38,15,9,14,54.0,49.0,5.0,54,9,0,0,34.0,11.0,-4.0,0.0
La Liga,2005-06,Ath Madrid,38,13,13,12,45.0,37.0,8.0,52,10,0,0,34.0,10.0,-2.0,0.0
La Liga,2005-06,Zaragoza,38,10,16,12,46.0,51.0,-5.0,46,11,0,0,34.0,12.0,-5.0,0.0
La Liga,2005-06,Ath Bilbao,38,11,12,15,40.0,46.0,-6.0,45,12,0,0,30.0,16.0,-3.0,0.0
La Liga,2005-06,Mallorca,38,10,13,15,37.0,51.0,-14.0,43,13,0,0,26.0,18.0,-15.0,0.0
La Liga,2005-06,Betis,38,10,12,16,34.0,51.0,-17.0,42,14,0,0,39.0,7.0,4.0,0.0
La Liga,2005-06,Espanol,38,10,11,17,36.0,56.0,-20.0,41,15,0,0,42.0,6.0,7.0,0.0
La Liga,2005-06,Santander,38,9,13,16,36.0,49.0,-13.0,40,16,0,0,34.0,13.0,-8.0,0.0
La Liga,2005-06,Sociedad,38,11,7,20,48.0,65.0,-17.0,40,17,0,0,27.0,17.0,-6.0,0.0
La Liga,2005-06,Alaves,38,9,12,17,35.0,54.0,-19.0,39,18,0,0,35.0,19.0,-30.0,0.0
La Liga,2005-06,Cadiz,38,8,12,18,36.0,52.0,-16.0,36,19,0,0,,,,
La Liga,2005-06,Malaga,38,5,9,24,36.0,68.0,-32.0,24,20,0,0,39.0,8.0,-1.0,0.0
La Liga,2006-07,Barcelona,38,22,10,6,78.0,33.0,45.0,76,1,1,1,82.0,1.0,45.0,1.0
La Liga,2006-07,Real Madrid,38,23,7,8,66.0,40.0,26.0,76,2,0,1,70.0,2.0,30.0,0.0
La Liga,2006-07,Sevilla,38,21,8,9,64.0,35.0,29.0,71,3,0,1,68.0,4.0,15.0,0.0
La Liga,2006-07,Valencia,38,20,6,12,57.0,42.0,15.0,66,4,0,1,69.0,3.0,25.0,0.0
La Liga,2006-07,Villarreal,38,18,8,12,48.0,44.0,4.0,62,5,0,0,57.0,7.0,11.0,0.0
La Liga,2006-07,Zaragoza,38,16,12,10,55.0,43.0,12.0,60,6,0,0,46.0,11.0,-5.0,0.0
La Liga,2006-07,Ath Madrid,38,17,9,12,46.0,39.0,7.0,60,7,0,0,52.0,10.0,8.0,0.0
La Liga,2006-07,Recreativo,38,15,9,14,54.0,52.0,2.0,54,8,0,0,36.0,18.0,-26.0,0.0
La Liga,2006-07,Getafe,38,14,10,14,39.0,33.0,6.0,52,9,0,0,54.0,9.0,5.0,0.0
La Liga,2006-07,Santander,38,12,14,12,42.0,48.0,-6.0,50,10,0,0,40.0,16.0,-13.0,0.0
La Liga,2006-07,Mallorca,38,14,7,17,41.0,47.0,-6.0,49,11,0,0,43.0,13.0,-14.0,0.0
La Liga,2006-07,Espanol,38,12,13,13,46.0,53.0,-7.0,49,12,0,0,41.0,15.0,-20.0,0.0
La Liga,2006-07,La Coruna,38,12,11,15,32.0,45.0,-13.0,47,13,0,0,55.0,8.0,2.0,0.0
La Liga,2006-07,Osasuna,38,13,7,18,51.0,49.0,2.0,46,14,0,0,68.0,5.0,6.0,0.0
La Liga,2006-07,Levante,38,10,12,16,37.0,53.0,-16.0,42,15,0,0,34.0,14.0,-10.0,0.0
La Liga,2006-07,Betis,38,8,16,14,36.0,49.0,-13.0,40,16,0,0,42.0,14.0,-17.0,0.0
La Liga,2006-07,Ath Bilbao,38,10,10,18,44.0,62.0,-18.0,40,17,0,0,45.0,12.0,-6.0,0.0
La Liga,2006-07,Celta,38,10,9,19,40.0,59.0,-19.0,39,18,0,0,64.0,6.0,12.0,0.0
La Liga,2006-07,Sociedad,38,8,11,19,32.0,47.0,-15.0,35,19,0,0,40.0,17.0,-17.0,0.0
La Liga,2006-07,Gimnastic,38,7,7,24,34.0,69.0,-35.0,28,20,0,0,,,,
La Liga,2007-08,Real Madrid,38,27,4,7,84.0,36.0,48.0,85,1,1,1,76.0,2.0,26.0,0.0
La Liga,2007-08,Villarreal,38,24,5,9,63.0,40.0,23.0,77,2,0,1,62.0,5.0,4.0,0.0
La Liga,2007-08,Barcelona,38,19,10,9,76.0,43.0,33.0,67,3,0,1,76.0,1.0,45.0,1.0
La Liga,2007-08,Sevilla,38,20,4,14,75.0,49.0,26.0,64,4,0,1,71.0,3.0,29.0,0.0
La Liga,2007-08,Ath Madrid,38,19,7,12,66.0,47.0,19.0,64,5,0,0,60.0,7.0,7.0,0.0
La Liga,2007-08,Santander,38,17,9,12,42.0,41.0,1.0,60,6,0,0,50.0,10.0,-6.0,0.0
La Liga,2007-08,Mallorca,38,15,14,9,69.0,54.0,15.0,59,7,0,0,49.0,11.0,-6.0,0.0
La Liga,2007-08,La Coruna,38,15,7,16,46.0,47.0,-1.0,52,8,0,0,47.0,13.0,-13.0,0.0
La Liga,2007-08,Almeria,38,14,10,14,42.0,45.0,-3.0,52,9,0,0,,,,
La Liga,2007-08,Valencia,38,15,6,17,48.0,62.0,-14.0,51,10,0,0,66.0,4.0,15.0,0.0
La Liga,2007-08,Ath Bilbao,38,13,11,14,40.0,43.0,-3.0,50,11,0,0,40.0,17.0,-18.0,0.0
La Liga,2007-08,Espanol,38,13,9,16,43.0,53.0,-10.0,48,12,0,0,49.0,12.0,-7.0,0.0
La Liga,2007-08,Getafe,38,12,11,15,44.0,48.0,-4.0,47,13,0,0,52.0,9.0,6.0,0.0
La Liga,2007-08,Betis,38,12,11,15,45.0,51.0,-6.0,47,14,0,0,40.0,16.0,-13.0,0.0
La Liga,2007-08,Valladolid,38,11,12,15,42.0,57.0,-15.0,45,15,0,0,41.0,18.0,-10.0,0.0
La Liga,2007-08,Recreativo,38,11,11,16,40.0,60.0,-20.0,44,16,0,0,54.0,8.0,2.0,0.0
La Liga,2007-08,Osasuna,38,12,7,19,37.0,44.0,-7.0,43,17,0,0,46.0,14.0,2.0,0.0
La Liga,2007-08,Zaragoza,38,10,12,16,50.0,61.0,-11.0,42,18,0,0,60.0,6.0,12.0,0.0
La Liga,2007-08,Murcia,38,7,9,22,36.0,65.0,-29.0,30,19,0,0,26.0,20.0,-28.0,0.0
La Liga,2007-08,Levante,38,7,5,26,33.0,75.0,-42.0,26,20,0,0,42.0,15.0,-16.0,0.0
La Liga,2008-09,Barcelona,38,27,6,5,105.0,35.0,70.0,87,1,1,1,67.0,3.0,33.0,0.0
La Liga,2008-09,Real Madrid,38,25,3,10,83.0,52.0,31.0,78,2,0,1,85.0,1.0,48.0,1.0
La Liga,2008-09,Sevilla,38,21,7,10,54.0,39.0,15.0,70,3,0,1,64.0,4.0,26.0,0.0
La Liga,2008-09,Ath Madrid,38,20,7,11,80.0,57.0,23.0,67,4,0,1,64.0,5.0,19.0,0.0
La Liga,2008-09,Villarreal,38,18,11,9,61.0,54.0,7.0,65,5,0,0,77.0,2.0,23.0,0.0
La Liga,2008-09,Valencia,38,18,8,12,68.0,54.0,14.0,62,6,0,0,51.0,10.0,-14.0,0.0
La Liga,2008-09,La Coruna,38,16,10,12,48.0,47.0,1.0,58,7,0,0,52.0,8.0,-1.0,0.0
La Liga,2008-09,Malaga,38,15,10,13,55.0,59.0,-4.0,55,8,0,0,24.0,20.0,-32.0,0.0
La Liga,2008-09,Mallorca,38,14,9,15,53.0,60.0,-7.0,51,9,0,0,59.0,7.0,15.0,0.0
La Liga,2008-09,Espanol,38,12,11,15,46.0,49.0,-3.0,47,10,0,0,48.0,12.0,-10.0,0.0
La Liga,2008-09,Santander,38,12,10,16,49.0,48.0,1.0,46,11,0,0,60.0,6.0,1.0,0.0
La Liga,2008-09,Almeria,38,13,7,18,45.0,61.0,-16.0,46,12,0,0,52.0,9.0,-3.0,0.0
La Liga,2008-09,Ath Bilbao,38,12,8,18,47.0,62.0,-15.0,44,13,0,0,50.0,11.0,-3.0,0.0
La Liga,2008-09,Osasuna,38,10,13,15,41.0,47.0,-6.0,43,14,0,0,43.0,17.0,-7.0,0.0
La Liga,2008-09,Valladolid,38,12,7,19,46.0,58.0,-12.0,43,15,0,0,45.0,15.0,-15.0,0.0
La Liga,2008-09,Sp Gijon,38,14,1,23,47.0,79.0,-32.0,43,16,0,0,13.0,20.0,-49.0,0.0
La Liga,2008-09,Getafe,38,10,12,16,50.0,56.0,-6.0,42,17,0,0,47.0,13.0,-4.0,0.0
La Liga,2008-09,Betis,38,10,12,16,51.0,58.0,-7.0,42,18,0,0,47.0,14.0,-6.0,0.0
La Liga,2008-09,Numancia,38,10,5,23,38.0,69.0,-31.0,35,19,0,0,16.0,20.0,-25.0,0.0
La Liga,2008-09,Recreativo,38,8,9,21,34.0,57.0,-23.0,33,20,0,0,44.0,16.0,-20.0,0.0
La Liga,2009-10,Barcelona,38,31,6,1,98.0,24.0,74.0,99,1,1,1,87.0,1.0,70.0,1.0
La Liga,2009-10,Real Madrid,38,31,3,4,102.0,35.0,67.0,96,2,0,1,78.0,2.0,31.0,0.0
La Liga,2009-10,Valencia,38,21,8,9,59.0,40.0,19.0,71,3,0,1,62.0,6.0,14.0,0.0
La Liga,2009-10,Sevilla,38,19,6,13,65.0,49.0,16.0,63,4,0,1,70.0,3.0,15.0,0.0
La Liga,2009-10,Mallorca,38,18,8,12,59.0,44.0,15.0,62,5,0,0,51.0,9.0,-7.0,0.0
La Liga,2009-10,Getafe,38,17,7,14,58.0,48.0,10.0,58,6,0,0,42.0,17.0,-6.0,0.0
La Liga,2009-10,Villarreal,38,16,8,14,58.0,57.0,1.0,56,7,0,0,65.0,5.0,7.0,0.0
La Liga,2009-10,Ath Bilbao,38,15,9,14,50.0,53.0,-3.0,54,8,0,0,44.0,13.0,-15.0,0.0
La Liga,2009-10,Ath Madrid,38,13,8,17,57.0,61.0,-4.0,47,9,0,0,67.0,4.0,23.0,0.0
La Liga,2009-10,La Coruna,38,13,8,17,35.0,49.0,-14.0,47,10,0,0,58.0,7.0,1.0,0.0
La Liga,2009-10,Espanol,38,11,11,16,29.0,46.0,-17.0,44,11,0,0,47.0,10.0,-3.0,0.0
La Liga,2009-10,Osasuna,38,11,10,17,37.0,46.0,-9.0,43,12,0,0,43.0,14.0,-6.0,0.0
La Liga,2009-10,Almeria,38,10,12,16,43.0,55.0,-12.0,42,13,0,0,46.0,12.0,-16.0,0.0
La Liga,2009-10,Zaragoza,38,10,11,17,46.0,64.0,-18.0,41,14,0,0,42.0,18.0,-11.0,0.0
La Liga,2009-10,Sp Gijon,38,9,13,16,36.0,51.0,-15.0,40,15,0,0,43.0,16.0,-32.0,0.0
La Liga,2009-10,Santander,38,9,12,17,42.0,59.0,-17.0,39,16,0,0,46.0,11.0,1.0,0.0
La Liga,2009-10,Malaga,38,7,16,15,42.0,48.0,-6.0,37,17,0,0,55.0,8.0,-4.0,0.0
La Liga,2009-10,Valladolid,38,7,15,16,37.0,62.0,-25.0,36,18,0,0,43.0,15.0,-12.0,0.0
La Liga,2009-10,Tenerife,38,9,9,20,40.0,74.0,-34.0,36,19,0,0,38.0,19.0,-26.0,0.0
La Liga,2009-10,Xerez,38,8,10,20,38.0,66.0,-28.0,34,20,0,0,,,,
La Liga,2010-11,Barcelona,38,30,6,2,95.0,21.0,74.0,96,1,1,1,99.0,1.0,74.0,1.0
La Liga,2010-11,Real Madrid,38,29,5,4,102.0,33.0,69.0,92,2,0,1,96.0,2.0,67.0,0.0
La Liga,2010-11,Valencia,38,21,8,9,64.0,44.0,20.0,71,3,0,1,71.0,3.0,19.0,0.0
La Liga,2010-11,Villarreal,38,18,8,12,54.0,44.0,10.0,62,4,0,1,56.0,7.0,1.0,0.0
La Liga,2010-11,Ath Madrid,38,17,7,14,62.0,53.0,9.0,58,5,0,0,47.0,9.0,-4.0,0.0
La Liga,2010-11,Ath Bilbao,38,18,4,16,59.0,55.0,4.0,58,6,0,0,54.0,8.0,-3.0,0.0
La Liga,2010-11,Sevilla,38,17,7,14,62.0,61.0,1.0,58,7,0,0,63.0,4.0,16.0,0.0
La Liga,2010-11,Espanol,38,15,4,19,46.0,55.0,-9.0,49,8,0,0,44.0,11.0,-17.0,0.0
La Liga,2010-11,Osasuna,38,13,8,17,45.0,46.0,-1.0,47,9,0,0,43.0,12.0,-9.0,0.0
La Liga,2010-11,Sp Gijon,38,11,14,13,35.0,42.0,-7.0,47,10,0,0,40.0,15.0,-15.0,0.0
La Liga,2010-11,Malaga,38,13,7,18,54.0,68.0,-14.0,46,11,0,0,37.0,17.0,-6.0,0.0
La Liga,2010-11,Santander,38,12,10,16,41.0,56.0,-15.0,46,12,0,0,39.0,16.0,-17.0,0.0
La Liga,2010-11,Levante,38,12,9,17,41.0,52.0,-11.0,45,13,0,0,26.0,20.0,-42.0,0.0
La Liga,2010-11,Zaragoza,38,12,9,17,40.0,53.0,-13.0,45,14,0,0,41.0,14.0,-18.0,0.0
La Liga,2010-11,Sociedad,38,14,3,21,49.0,66.0,-17.0,45,15,0,0,35.0,19.0,-15.0,0.0
La Liga,2010-11,Getafe,38,12,8,18,49.0,60.0,-11.0,44,16,0,0,58.0,6.0,10.0,0.0
La Liga,2010-11,Mallorca,38,12,8,18,41.0,56.0,-15.0,44,17,0,0,62.0,5.0,15.0,0.0
La Liga,2010-11,La Coruna,38,10,13,15,31.0,47.0,-16.0,43,18,0,0,47.0,10.0,-14.0,0.0
La Liga,2010-11,Hercules,38,9,8,21,36.0,60.0,-24.0,35,19,0,0,41.0,21.0,-37.0,0.0
La Liga,2010-11,Almeria,38,6,12,20,36.0,70.0,-34.0,30,20,0,0,42.0,13.0,-12.0,0.0
La Liga,2011-12,Real Madrid,38,32,4,2,121.0,32.0,89.0,100,1,1,1,92.0,2.0,69.0,0.0
La Liga,2011-12,Barcelona,38,28,7,3,114.0,29.0,85.0,91,2,0,1,96.0,1.0,74.0,1.0
La Liga,2011-12,Valencia,38,17,10,11,59.0,44.0,15.0,61,3,0,1,71.0,3.0,20.0,0.0
La Liga,2011-12,Malaga,38,17,7,14,54.0,53.0,1.0,58,4,0,1,46.0,11.0,-14.0,0.0
La Liga,2011-12,Ath Madrid,38,15,11,12,53.0,46.0,7.0,56,5,0,0,58.0,5.0,9.0,0.0
La Liga,2011-12,Levante,38,16,7,15,54.0,50.0,4.0,55,6,0,0,45.0,13.0,-11.0,0.0
La Liga,2011-12,Osasuna,38,13,15,10,44.0,61.0,-17.0,54,7,0,0,47.0,9.0,-1.0,0.0
La Liga,2011-12,Mallorca,38,14,10,14,42.0,46.0,-4.0,52,8,0,0,44.0,17.0,-15.0,0.0
La Liga,2011-12,Sevilla,38,13,11,14,48.0,47.0,1.0,50,9,0,0,58.0,7.0,1.0,0.0
La Liga,2011-12,Ath Bilbao,38,12,13,13,49.0,52.0,-3.0,49,10,0,0,58.0,6.0,4.0,0.0
La Liga,2011-12,Sociedad,38,12,11,15,46.0,52.0,-6.0,47,11,0,0,45.0,15.0,-17.0,0.0
La Liga,2011-12,Betis,38,13,8,17,47.0,56.0,-9.0,47,12,0,0,42.0,18.0,-7.0,0.0
La Liga,2011-12,Getafe,38,12,11,15,40.0,51.0,-11.0,47,13,0,0,44.0,16.0,-11.0,0.0
La Liga,2011-12,Espanol,38,12,10,16,46.0,56.0,-10.0,46,14,0,0,49.0,8.0,-9.0,0.0
La Liga,2011-12,Vallecano,38,13,4,21,53.0,73.0,-20.0,43,15,0,0,32.0,20.0,-31.0,0.0
La Liga,2011-12,Zaragoza,38,12,7,19,36.0,61.0,-25.0,43,16,0,0,45.0,14.0,-13.0,0.0
La Liga,2011-12,Granada,38,12,6,20,35.0,56.0,-21.0,42,17,0,0,,,,
La Liga,2011-12,Villarreal,38,9,14,15,39.0,53.0,-14.0,41,18,0,0,62.0,4.0,10.0,0.0
La Liga,2011-12,Sp Gijon,38,10,7,21,42.0,69.0,-27.0,37,19,0,0,47.0,10.0,-7.0,0.0
La Liga,2011-12,Santander,38,4,15,19,28.0,63.0,-35.0,27,20,0,0,46.0,12.0,-15.0,0.0
La Liga,2012-13,Barcelona,38,32,4,2,115.0,40.0,75.0,100,1,1,1,91.0,2.0,85.0,0.0
La Liga,2012-13,Real Madrid,38,26,7,5,103.0,42.0,61.0,85,2,0,1,100.0,1.0,89.0,1.0
La Liga,2012-13,Ath Madrid,38,23,7,8,65.0,31.0,34.0,76,3,0,1,56.0,5.0,7.0,0.0
La Liga,2012-13,Sociedad,38,18,12,8,70.0,49.0,21.0,66,4,0,1,47.0,11.0,-6.0,0.0
La Liga,2012-13,Valencia,38,19,8,11,67.0,54.0,13.0,65,5,0,0,61.0,3.0,15.0,0.0
La Liga,2012-13,Malaga,38,16,9,13,53.0,50.0,3.0,57,6,0,0,58.0,4.0,1.0,0.0
La Liga,2012-13,Betis,38,16,8,14,57.0,56.0,1.0,56,7,0,0,47.0,12.0,-9.0,0.0
La Liga,2012-13,Vallecano,38,16,5,17,50.0,66.0,-16.0,53,8,0,0,43.0,15.0,-20.0,0.0
La Liga,2012-13,Sevilla,38,14,8,16,58.0,54.0,4.0,50,9,0,0,50.0,9.0,1.0,0.0
La Liga,2012-13,Getafe,38,13,8,17,43.0,57.0,-14.0,47,10,0,0,47.0,13.0,-11.0,0.0
La Liga,2012-13,Levante,38,12,10,16,40.0,57.0,-17.0,46,11,0,0,55.0,6.0,4.0,0.0
La Liga,2012-13,Ath Bilbao,38,12,9,17,44.0,65.0,-21.0,45,12,0,0,49.0,10.0,-3.0,0.0
La Liga,2012-13,Espanol,38,11,11,16,43.0,52.0,-9.0,44,13,0,0,46.0,14.0,-10.0,0.0
La Liga,2012-13,Valladolid,38,11,10,17,49.0,58.0,-9.0,43,14,0,0,36.0,18.0,-25.0,0.0
La Liga,2012-13,Granada,38,11,9,18,37.0,54.0,-17.0,42,15,0,0,42.0,17.0,-21.0,0.0
La Liga,2012-13,Osasuna,38,10,9,19,33.0,50.0,-17.0,39,16,0,0,54.0,7.0,-17.0,0.0
La Liga,2012-13,Celta,38,10,7,21,37.0,52.0,-15.0,37,17,0,0,39.0,18.0,-19.0,0.0
La Liga,2012-13,Mallorca,38,9,9,20,43.0,72.0,-29.0,36,18,0,0,52.0,8.0,-4.0,0.0
La Liga,2012-13,La Coruna,38,8,11,19,47.0,70.0,-23.0,35,19,0,0,43.0,18.0,-16.0,0.0
La Liga,2012-13,Zaragoza,38,9,7,22,37.0,62.0,-25.0,34,20,0,0,43.0,16.0,-25.0,0.0
La Liga,2013-14,Ath Madrid,38,28,6,4,77.0,26.0,51.0,90,1,1,1,76.0,3.0,34.0,0.0
La Liga,2013-14,Barcelona,38,27,6,5,100.0,33.0,67.0,87,2,0,1,100.0,1.0,75.0,1.0
La Liga,2013-14,Real Madrid,38,27,6,5,104.0,38.0,66.0,87,3,0,1,85.0,2.0,61.0,0.0
La Liga,2013-14,Ath Bilbao,38,20,10,8,66.0,39.0,27.0,70,4,0,1,45.0,12.0,-21.0,0.0
La Liga,2013-14,Sevilla,38,18,9,11,69.0,52.0,17.0,63,5,0,0,50.0,9.0,4.0,0.0
La Liga,2013-14,Villarreal,38,17,8,13,60.0,44.0,16.0,59,6,0,0,41.0,18.0,-14.0,0.0
La Liga,2013-14,Sociedad,38,16,11,11,62.0,55.0,7.0,59,7,0,0,66.0,4.0,21.0,0.0
La Liga,2013-14,Valencia,38,13,10,15,51.0,53.0,-2.0,49,8,0,0,65.0,5.0,13.0,0.0
La Liga,2013-14,Celta,38,14,7,17,49.0,54.0,-5.0,49,9,0,0,37.0,17.0,-15.0,0.0
La Liga,2013-14,Levante,38,12,12,14,35.0,43.0,-8.0,48,10,0,0,46.0,11.0,-17.0,0.0
La Liga,2013-14,Malaga,38,12,9,17,39.0,46.0,-7.0,45,11,0,0,57.0,6.0,3.0,0.0
La Liga,2013-14,Vallecano,38,13,4,21,46.0,80.0,-34.0,43,12,0,0,53.0,8.0,-16.0,0.0
La Liga,2013-14,Espanol,38,11,9,18,41.0,51.0,-10.0,42,13,0,0,44.0,13.0,-9.0,0.0
La Liga,2013-14,Getafe,38,11,9,18,35.0,54.0,-19.0,42,14,0,0,47.0,10.0,-14.0,0.0
La Liga,2013-14,Granada,38,12,5,21,32.0,56.0,-24.0,41,15,0,0,42.0,15.0,-17.0,0.0
La Liga,2013-14,Elche,38,9,13,16,30.0,50.0,-20.0,40,16,0,0,,,,
La Liga,2013-14,Almeria,38,11,7,20,43.0,71.0,-28.0,40,17,0,0,30.0,20.0,-34.0,0.0
La Liga,2013-14,Osasuna,38,10,9,19,32.0,62.0,-30.0,39,18,0,0,39.0,16.0,-17.0,0.0
La Liga,2013-14,Valladolid,38,7,15,16,38.0,60.0,-22.0,36,19,0,0,43.0,14.0,-9.0,0.0
La Liga,2013-14,Betis,38,6,7,25,36.0,78.0,-42.0,25,20,0,0,56.0,7.0,1.0,0.0
La Liga,2014-15,Barcelona,38,30,4,4,110.0,21.0,89.0,94,1,1,1,87.0,2.0,67.0,0.0
La Liga,2014-15,Real Madrid,38,30,2,6,118.0,38.0,80.0,92,2,0,1,87.0,3.0,66.0,0.0
La Liga,2014-15,Ath Madrid,38,23,9,6,67.0,29.0,38.0,78,3,0,1,90.0,1.0,51.0,1.0
La Liga,2014-15,Valencia,38,22,11,5,70.0,32.0,38.0,77,4,0,1,49.0,8.0,-2.0,0.0
La Liga,2014-15,Sevilla,38,23,7,8,71.0,45.0,26.0,76,5,0,0,63.0,5.0,17.0,0.0
La Liga,2014-15,Villarreal,38,16,12,10,48.0,37.0,11.0,60,6,0,0,59.0,6.0,16.0,0.0
La Liga,2014-15,Ath Bilbao,38,15,10,13,42.0,41.0,1.0,55,7,0,0,70.0,4.0,27.0,0.0
La Liga,2014-15,Celta,38,13,12,13,47.0,44.0,3.0,51,8,0,0,49.0,9.0,-5.0,0.0
La Liga,2014-15,Malaga,38,14,8,16,42.0,48.0,-6.0,50,9,0,0,45.0,11.0,-7.0,0.0
La Liga,2014-15,Espanol,38,13,10,15,47.0,51.0,-4.0,49,10,0,0,42.0,13.0,-10.0,0.0
La Liga,2014-15,Vallecano,38,15,4,19,46.0,68.0,-22.0,49,11,0,0,43.0,12.0,-34.0,0.0
La Liga,2014-15,Sociedad,38,11,13,14,44.0,51.0,-7.0,46,12,0,0,59.0,7.0,7.0,0.0
La Liga,2014-15,Elche,38,11,8,19,35.0,62.0,-27.0,41,13,0,0,40.0,16.0,-20.0,0.0
La Liga,2014-15,Getafe,38,10,7,21,33.0,64.0,-31.0,37,14,0,0,42.0,14.0,-19.0,0.0
La Liga,2014-15,Levante,38,9,10,19,34.0,67.0,-33.0,37,15,0,0,48.0,10.0,-8.0,0.0
La Liga,2014-15,Eibar,38,9,8,21,34.0,55.0,-21.0,35,16,0,0,,,,
La Liga,2014-15,La Coruna,38,7,14,17,35.0,60.0,-25.0,35,17,0,0,35.0,19.0,-23.0,0.0
La Liga,2014-15,Granada,38,7,14,17,29.0,64.0,-35.0,35,18,0,0,41.0,15.0,-24.0,0.0
La Liga,2014-15,Almeria,38,8,8,22,35.0,64.0,-29.0,32,19,0,0,40.0,17.0,-28.0,0.0
La Liga,2014-15,Cordoba,38,3,11,24,22.0,68.0,-46.0,20,20,0,0,,,,
La Liga,2015-16,Barcelona,38,29,4,5,112.0,29.0,83.0,91,1,1,1,94.0,1.0,89.0,1.0
La Liga,2015-16,Real Madrid,38,28,6,4,110.0,34.0,76.0,90,2,0,1,92.0,2.0,80.0,0.0
La Liga,2015-16,Ath Madrid,38,28,4,6,63.0,18.0,45.0,88,3,0,1,78.0,3.0,38.0,0.0
La Liga,2015-16,Villarreal,38,18,10,10,44.0,35.0,9.0,64,4,0,1,60.0,6.0,11.0,0.0
La Liga,2015-16,Ath Bilbao,38,18,8,12,58.0,45.0,13.0,62,5,0,0,55.0,7.0,1.0,0.0
La Liga,2015-16,Celta,38,17,9,12,51.0,59.0,-8.0,60,6,0,0,51.0,8.0,3.0,0.0
La Liga,2015-16,Sevilla,38,14,10,14,51.0,50.0,1.0,52,7,0,0,76.0,5.0,26.0,0.0
La Liga,2015-16,Malaga,38,12,12,14,38.0,35.0,3.0,48,8,0,0,50.0,9.0,-6.0,0.0
La Liga,2015-16,Sociedad,38,13,9,16,45.0,48.0,-3.0,48,9,0,0,46.0,12.0,-7.0,0.0
La Liga,2015-16,Betis,38,11,12,15,34.0,52.0,-18.0,45,10,0,0,25.0,20.0,-42.0,0.0
La Liga,2015-16,Valencia,38,11,11,16,46.0,48.0,-2.0,44,11,0,0,77.0,4.0,38.0,0.0
La Liga,2015-16,Las Palmas,38,12,8,18,45.0,53.0,-8.0,44,12,0,0,40.0,18.0,-10.0,0.0
La Liga,2015-16,Eibar,38,11,10,17,49.0,61.0,-12.0,43,13,0,0,35.0,16.0,-21.0,0.0
La Liga,2015-16,Espanol,38,12,7,19,40.0,74.0,-34.0,43,14,0,0,49.0,10.0,-4.0,0.0
La Liga,2015-16,La Coruna,38,8,18,12,45.0,61.0,-16.0,42,15,0,0,35.0,17.0,-25.0,0.0
La Liga,2015-16,Sp Gijon,38,10,9,19,40.0,62.0,-22.0,39,16,0,0,37.0,19.0,-27.0,0.0
La Liga,2015-16,Granada,38,10,9,19,46.0,69.0,-23.0,39,17,0,0,35.0,18.0,-35.0,0.0
La Liga,2015-16,Vallecano,38,9,11,18,52.0,73.0,-21.0,38,18,0,0,49.0,11.0,-22.0,0.0
La Liga,2015-16,Getafe,38,9,9,20,37.0,67.0,-30.0,36,19,0,0,37.0,14.0,-31.0,0.0
La Liga,2015-16,Levante,38,8,8,22,37.0,70.0,-33.0,32,20,0,0,37.0,15.0,-33.0,0.0
La Liga,2016-17,Real Madrid,38,29,6,3,106.0,41.0,65.0,93,1,1,1,90.0,2.0,76.0,0.0
La Liga,2016-17,Barcelona,38,28,6,4,116.0,37.0,79.0,90,2,0,1,91.0,1.0,83.0,1.0
La Liga,2016-17,Ath Madrid,38,23,9,6,70.0,27.0,43.0,78,3,0,1,88.0,3.0,45.0,0.0
La Liga,2016-17,Sevilla,38,21,9,8,69.0,49.0,20.0,72,4,0,1,52.0,7.0,1.0,0.0
La Liga,2016-17,Villarreal,38,19,10,9,56.0,33.0,23.0,67,5,0,0,64.0,4.0,9.0,0.0
La Liga,2016-17,Sociedad,38,19,7,12,59.0,53.0,6.0,64,6,0,0,48.0,9.0,-3.0,0.0
La Liga,2016-17,Ath Bilbao,38,19,6,13,53.0,43.0,10.0,63,7,0,0,62.0,5.0,13.0,0.0
La Liga,2016-17,Espanol,38,15,11,12,49.0,50.0,-1.0,56,8,0,0,43.0,14.0,-34.0,0.0
La Liga,2016-17,Alaves,38,14,13,11,41.0,43.0,-2.0,55,9,0,0,39.0,18.0,-19.0,0.0
La Liga,2016-17,Eibar,38,15,9,14,56.0,51.0,5.0,54,10,0,0,43.0,13.0,-12.0,0.0
La Liga,2016-17,Malaga,38,12,10,16,49.0,55.0,-6.0,46,11,0,0,48.0,8.0,3.0,0.0
La Liga,2016-17,Valencia,38,13,7,18,56.0,65.0,-9.0,46,12,0,0,44.0,11.0,-2.0,0.0
La Liga,2016-17,Celta,38,13,6,19,53.0,69.0,-16.0,45,13,0,0,60.0,6.0,-8.0,0.0
La Liga,2016-17,Las Palmas,38,10,9,19,53.0,74.0,-21.0,39,14,0,0,44.0,12.0,-8.0,0.0
La Liga,2016-17,Betis,38,10,9,19,41.0,64.0,-23.0,39,15,0,0,45.0,10.0,-18.0,0.0
La Liga,2016-17,La Coruna,38,8,12,18,43.0,61.0,-18.0,36,16,0,0,42.0,15.0,-16.0,0.0
La Liga,2016-17,Leganes,38,8,11,19,36.0,55.0,-19.0,35,17,0,0,,,,
La Liga,2016-17,Sp Gijon,38,7,10,21,42.0,72.0,-30.0,31,18,0,0,39.0,16.0,-22.0,0.0
La Liga,2016-17,Osasuna,38,4,10,24,40.0,94.0,-54.0,22,19,0,0,39.0,18.0,-30.0,0.0
La Liga,2016-17,Granada,38,4,8,26,30.0,82.0,-52.0,20,20,0,0,39.0,17.0,-23.0,0.0
La Liga,2017-18,Barcelona,38,28,9,1,99.0,29.0,70.0,93,1,1,1,90.0,2.0,79.0,0.0
La Liga,2017-18,Ath Madrid,38,23,10,5,58.0,22.0,36.0,79,2,0,1,78.0,3.0,43.0,0.0
La Liga,2017-18,Real Madrid,38,22,10,6,94.0,44.0,50.0,76,3,0,1,93.0,1.0,65.0,1.0
La Liga,2017-18,Valencia,38,22,7,9,65.0,38.0,27.0,73,4,0,1,46.0,12.0,-9.0,0.0
La Liga,2017-18,Villarreal,38,18,7,13,57.0,50.0,7.0,61,5,0,0,67.0,5.0,23.0,0.0
La Liga,2017-18,Betis,38,18,6,14,60.0,61.0,-1.0,60,6,0,0,39.0,15.0,-23.0,0.0
La Liga,2017-18,Sevilla,38,17,7,14,49.0,58.0,-9.0,58,7,0,0,72.0,4.0,20.0,0.0
La Liga,2017-18,Getafe,38,15,10,13,42.0,33.0,9.0,55,8,0,0,36.0,19.0,-30.0,0.0
La Liga,2017-18,Eibar,38,14,9,15,44.0,50.0,-6.0,51,9,0,0,54.0,10.0,5.0,0.0
La Liga,2017-18,Girona,38,14,9,15,50.0,59.0,-9.0,51,10,0,0,,,,
La Liga,2017-18,Sociedad,38,14,7,17,66.0,59.0,7.0,49,11,0,0,64.0,6.0,6.0,0.0
La Liga,2017-18,Celta,38,13,10,15,59.0,60.0,-1.0,49,12,0,0,45.0,13.0,-16.0,0.0
La Liga,2017-18,Espanol,38,12,13,13,36.0,42.0,-6.0,49,13,0,0,56.0,8.0,-1.0,0.0
La Liga,2017-18,Alaves,38,15,2,21,40.0,50.0,-10.0,47,14,0,0,55.0,9.0,-2.0,0.0
La Liga,2017-18,Levante,38,11,13,14,44.0,58.0,-14.0,46,15,0,0,32.0,20.0,-33.0,0.0
La Liga,2017-18,Ath Bilbao,38,10,13,15,41.0,49.0,-8.0,43,16,0,0,63.0,7.0,10.0,0.0
La Liga,2017-18,Leganes,38,12,7,19,34.0,51.0,-17.0,43,17,0,0,35.0,17.0,-19.0,0.0
La Liga,2017-18,La Coruna,38,6,11,21,38.0,76.0,-38.0,29,18,0,0,36.0,16.0,-18.0,0.0
La Liga,2017-18,Las Palmas,38,5,7,26,24.0,74.0,-50.0,22,19,0,0,39.0,14.0,-21.0,0.0
La Liga,2017-18,Malaga,38,5,5,28,24.0,61.0,-37.0,20,20,0,0,46.0,11.0,-6.0,0.0
La Liga,2018-19,Barcelona,38,26,9,3,90.0,36.0,54.0,87,1,1,1,93.0,1.0,70.0,1.0
La Liga,2018-19,Ath Madrid,38,22,10,6,55.0,29.0,26.0,76,2,0,1,79.0,2.0,36.0,0.0
La Liga,2018-19,Real Madrid,38,21,5,12,63.0,46.0,17.0,68,3,0,1,76.0,3.0,50.0,0.0
La Liga,2018-19,Valencia,38,15,16,7,51.0,35.0,16.0,61,4,0,1,73.0,4.0,27.0,0.0
La Liga,2018-19,Sevilla,38,17,8,13,62.0,47.0,15.0,59,5,0,0,58.0,7.0,-9.0,0.0
La Liga,2018-19,Getafe,38,15,14,9,48.0,35.0,13.0,59,6,0,0,55.0,8.0,9.0,0.0
La Liga,2018-19,Espanol,38,14,11,13,48.0,50.0,-2.0,53,7,0,0,49.0,13.0,-6.0,0.0
La Liga,2018-19,Ath Bilbao,38,13,14,11,41.0,45.0,-4.0,53,8,0,0,43.0,16.0,-8.0,0.0
La Liga,2018-19,Sociedad,38,13,11,14,45.0,46.0,-1.0,50,9,0,0,49.0,11.0,7.0,0.0
La Liga,2018-19,Betis,38,14,8,16,44.0,52.0,-8.0,50,10,0,0,60.0,6.0,-1.0,0.0
La Liga,2018-19,Alaves,38,13,11,14,39.0,50.0,-11.0,50,11,0,0,47.0,14.0,-10.0,0.0
La Liga,2018-19,Eibar,38,11,14,13,46.0,50.0,-4.0,47,12,0,0,51.0,9.0,-6.0,0.0
La Liga,2018-19,Leganes,38,11,12,15,37.0,43.0,-6.0,45,13,0,0,43.0,17.0,-17.0,0.0
La Liga,2018-19,Villarreal,38,10,14,14,49.0,52.0,-3.0,44,14,0,0,61.0,5.0,7.0,0.0
La Liga,2018-19,Levante,38,11,11,16,59.0,66.0,-7.0,44,15,0,0,46.0,15.0,-14.0,0.0
La Liga,2018-19,Celta,38,10,11,17,53.0,62.0,-9.0,41,16,0,0,49.0,12.0,-1.0,0.0
La Liga,2018-19,Valladolid,38,10,11,17,32.0,51.0,-19.0,41,17,0,0,36.0,19.0,-22.0,0.0
La Liga,2018-19,Girona,38,9,10,19,37.0,53.0,-16.0,37,18,0,0,51.0,10.0,-9.0,0.0
La Liga,2018-19,Huesca,38,7,12,19,43.0,65.0,-22.0,33,19,0,0,,,,
La Liga,2018-19,Vallecano,38,8,8,22,41.0,70.0,-29.0,32,20,0,0,38.0,18.0,-21.0,0.0
La Liga,2019-20,Real Madrid,38,26,9,3,70.0,25.0,45.0,87,1,1,1,68.0,3.0,17.0,0.0
La Liga,2019-20,Barcelona,38,25,7,6,86.0,38.0,48.0,82,2,0,1,87.0,1.0,54.0,1.0
La Liga,2019-20,Ath Madrid,38,18,16,4,51.0,27.0,24.0,70,3,0,1,76.0,2.0,26.0,0.0
La Liga,2019-20,Sevilla,38,19,13,6,54.0,34.0,20.0,70,4,0,1,59.0,5.0,15.0,0.0
La Liga,2019-20,Villarreal,38,18,6,14,63.0,49.0,14.0,60,5,0,0,44.0,14.0,-3.0,0.0
La Liga,2019-20,Sociedad,38,16,8,14,56.0,48.0,8.0,56,6,0,0,50.0,9.0,-1.0,0.0
La Liga,2019-20,Granada,38,16,8,14,52.0,45.0,7.0,56,7,0,0,20.0,20.0,-52.0,0.0
La Liga,2019-20,Getafe,38,14,12,12,43.0,37.0,6.0,54,8,0,0,59.0,6.0,13.0,0.0
La Liga,2019-20,Valencia,38,14,11,13,46.0,53.0,-7.0,53,9,0,0,61.0,4.0,16.0,0.0
La Liga,2019-20,Osasuna,38,13,13,12,46.0,54.0,-8.0,52,10,0,0,22.0,19.0,-54.0,0.0
La Liga,2019-20,Ath Bilbao,38,13,12,13,41.0,38.0,3.0,51,11,0,0,53.0,8.0,-4.0,0.0
La Liga,2019-20,Levante,38,14,7,17,47.0,53.0,-6.0,49,12,0,0,44.0,15.0,-7.0,0.0
La Liga,2019-20,Valladolid,38,9,15,14,32.0,43.0,-11.0,42,13,0,0,41.0,17.0,-19.0,0.0
La Liga,2019-20,Eibar,38,11,9,18,39.0,56.0,-17.0,42,14,0,0,47.0,12.0,-4.0,0.0
La Liga,2019-20,Betis,38,10,11,17,48.0,60.0,-12.0,41,15,0,0,50.0,10.0,-8.0,0.0
La Liga,2019-20,Alaves,38,10,9,19,34.0,59.0,-25.0,39,16,0,0,50.0,11.0,-11.0,0.0
La Liga,2019-20,Celta,38,7,16,15,37.0,49.0,-12.0,37,17,0,0,41.0,16.0,-9.0,0.0
La Liga,2019-20,Leganes,38,8,12,18,30.0,51.0,-21.0,36,18,0,0,45.0,13.0,-6.0,0.0
La Liga,2019-20,Mallorca,38,9,6,23,40.0,65.0,-25.0,33,19,0,0,36.0,18.0,-29.0,0.0
La Liga,2019-20,Espanol,38,5,10,23,27.0,58.0,-31.0,25,20,0,0,53.0,7.0,-2.0,0.0
La Liga,2020-21,Ath Madrid,38,26,8,4,67.0,25.0,42.0,86,1,1,1,70.0,3.0,24.0,0.0
La Liga,2020-21,Real Madrid,38,25,9,4,67.0,28.0,39.0,84,2,0,1,87.0,1.0,45.0,1.0
La Liga,2020-21,Barcelona,38,24,7,7,85.0,38.0,47.0,79,3,0,1,82.0,2.0,48.0,0.0
La Liga,2020-21,Sevilla,38,24,5,9,53.0,33.0,20.0,77,4,0,1,70.0,4.0,20.0,0.0
La Liga,2020-21,Sociedad,38,17,11,10,59.0,38.0,21.0,62,5,0,0,56.0,6.0,8.0,0.0
La Liga,2020-21,Betis,38,17,10,11,50.0,50.0,0.0,61,6,0,0,41.0,15.0,-12.0,0.0
La Liga,2020-21,Villarreal,38,15,13,10,60.0,44.0,16.0,58,7,0,0,60.0,5.0,14.0,0.0
La Liga,2020-21,Celta,38,14,11,13,55.0,57.0,-2.0,53,8,0,0,37.0,17.0,-12.0,0.0
La Liga,2020-21,Ath Bilbao,38,11,13,14,46.0,42.0,4.0,46,9,0,0,51.0,11.0,3.0,0.0
La Liga,2020-21,Granada,38,13,7,18,47.0,65.0,-18.0,46,10,0,0,56.0,7.0,7.0,0.0
La Liga,2020-21,Osasuna,38,11,11,16,37.0,48.0,-11.0,44,11,0,0,52.0,10.0,-8.0,0.0
La Liga,2020-21,Cadiz,38,11,11,16,36.0,58.0,-22.0,44,12,0,0,36.0,19.0,-16.0,0.0
La Liga,2020-21,Valencia,38,10,13,15,50.0,53.0,-3.0,43,13,0,0,53.0,9.0,-7.0,0.0
La Liga,2020-21,Levante,38,9,14,15,46.0,57.0,-11.0,41,14,0,0,49.0,12.0,-6.0,0.0
La Liga,2020-21,Getafe,38,9,11,18,28.0,43.0,-15.0,38,15,0,0,54.0,8.0,6.0,0.0
La Liga,2020-21,Alaves,38,9,11,18,36.0,57.0,-21.0,38,16,0,0,39.0,16.0,-25.0,0.0
La Liga,2020-21,Elche,38,8,12,18,34.0,55.0,-21.0,36,17,0,0,41.0,13.0,-27.0,0.0
La Liga,2020-21,Huesca,38,7,13,18,34.0,53.0,-19.0,34,18,0,0,33.0,19.0,-22.0,0.0
La Liga,2020-21,Valladolid,38,5,16,17,34.0,57.0,-23.0,31,19,0,0,42.0,13.0,-11.0,0.0
La Liga,2020-21,Eibar,38,6,12,20,29.0,52.0,-23.0,30,20,0,0,42.0,14.0,-17.0,0.0
La Liga,2021-22,Real Madrid,38,26,8,4,80.0,31.0,49.0,86,1,1,1,84.0,2.0,39.0,0.0
La Liga,2021-22,Barcelona,38,21,10,7,68.0,38.0,30.0,73,2,0,1,79.0,3.0,47.0,0.0
La Liga,2021-22,Ath Madrid,38,21,8,9,65.0,43.0,22.0,71,3,0,1,86.0,1.0,42.0,1.0
La Liga,2021-22,Sevilla,38,18,16,4,53.0,30.0,23.0,70,4,0,1,77.0,4.0,20.0,0.0
La Liga,2021-22,Betis,38,19,8,11,62.0,40.0,22.0,65,5,0,0,61.0,6.0,0.0,0.0
La Liga,2021-22,Sociedad,38,17,11,10,40.0,37.0,3.0,62,6,0,0,62.0,5.0,21.0,0.0
La Liga,2021-22,Villarreal,38,16,11,11,63.0,37.0,26.0,59,7,0,0,58.0,7.0,16.0,0.0
La Liga,2021-22,Ath Bilbao,38,14,13,11,43.0,36.0,7.0,55,8,0,0,46.0,9.0,4.0,0.0
La Liga,2021-22,Valencia,38,11,15,12,48.0,53.0,-5.0,48,9,0,0,43.0,13.0,-3.0,0.0
La Liga,2021-22,Osasuna,38,12,11,15,37.0,51.0,-14.0,47,10,0,0,44.0,11.0,-11.0,0.0
La Liga,2021-22,Celta,38,12,10,16,43.0,43.0,0.0,46,11,0,0,53.0,8.0,-2.0,0.0
La Liga,2021-22,Vallecano,38,11,9,18,39.0,50.0,-11.0,42,12,0,0,32.0,20.0,-29.0,0.0
La Liga,2021-22,Elche,38,11,9,18,40.0,52.0,-12.0,42,13,0,0,36.0,17.0,-21.0,0.0
La Liga,2021-22,Espanol,38,10,12,16,40.0,53.0,-13.0,42,14,0,0,25.0,20.0,-31.0,0.0
La Liga,2021-22,Getafe,38,8,15,15,33.0,41.0,-8.0,39,15,0,0,38.0,15.0,-15.0,0.0
La Liga,2021-22,Cadiz,38,8,15,15,35.0,51.0,-16.0,39,16,0,0,44.0,12.0,-22.0,0.0
La Liga,2021-22,Mallorca,38,10,9,19,36.0,63.0,-27.0,39,17,0,0,33.0,19.0,-25.0,0.0
La Liga,2021-22,Granada,38,8,14,16,44.0,61.0,-17.0,38,18,0,0,46.0,10.0,-18.0,0.0
La Liga,2021-22,Levante,38,8,11,19,51.0,76.0,-25.0,35,19,0,0,41.0,14.0,-11.0,0.0
La Liga,2021-22,Alaves,38,8,7,23,31.0,65.0,-34.0,31,20,0,0,38.0,16.0,-21.0,0.0
La Liga,2022-23,Barcelona,38,28,4,6,70.0,20.0,50.0,88,1,1,1,73.0,2.0,30.0,0.0
La Liga,2022-23,Real Madrid,38,24,6,8,75.0,36.0,39.0,78,2,0,1,86.0,1.0,49.0,1.0
La Liga,2022-23,Ath Madrid,38,23,8,7,70.0,33.0,37.0,77,3,0,1,71.0,3.0,22.0,0.0
La Liga,2022-23,Sociedad,38,21,8,9,51.0,35.0,16.0,71,4,0,1,62.0,6.0,3.0,0.0
La Liga,2022-23,Villarreal,38,19,7,12,59.0,40.0,19.0,64,5,0,0,59.0,7.0,26.0,0.0
La Liga,2022-23,Betis,38,17,9,12,46.0,41.0,5.0,60,6,0,0,65.0,5.0,22.0,0.0
La Liga,2022-23,Osasuna,38,15,8,15,37.0,42.0,-5.0,53,7,0,0,47.0,10.0,-14.0,0.0
La Liga,2022-23,Ath Bilbao,38,14,9,15,47.0,43.0,4.0,51,8,0,0,55.0,8.0,7.0,0.0
La Liga,2022-23,Mallorca,38,14,8,16,37.0,43.0,-6.0,50,9,0,0,39.0,17.0,-27.0,0.0
La Liga,2022-23,Girona,38,13,10,15,58.0,55.0,3.0,49,10,0,0,37.0,18.0,-16.0,0.0
La Liga,2022-23,Sevilla,38,13,10,15,47.0,54.0,-7.0,49,11,0,0,70.0,4.0,23.0,0.0
La Liga,2022-23,Vallecano,38,13,10,15,45.0,53.0,-8.0,49,12,0,0,42.0,12.0,-11.0,0.0
La Liga,2022-23,Celta,38,11,10,17,43.0,53.0,-10.0,43,13,0,0,46.0,11.0,0.0,0.0
La Liga,2022-23,Valencia,38,11,9,18,42.0,45.0,-3.0,42,14,0,0,48.0,9.0,-5.0,0.0
La Liga,2022-23,Getafe,38,10,12,16,34.0,45.0,-11.0,42,15,0,0,39.0,15.0,-8.0,0.0
La Liga,2022-23,Cadiz,38,10,12,16,30.0,53.0,-23.0,42,16,0,0,39.0,16.0,-16.0,0.0
La Liga,2022-23,Almeria,38,11,8,19,49.0,65.0,-16.0,41,17,0,0,32.0,19.0,-29.0,0.0
La Liga,2022-23,Valladolid,38,11,7,20,33.0,63.0,-30.0,40,18,0,0,31.0,19.0,-23.0,0.0
La Liga,2022-23,Espanol,38,8,13,17,52.0,69.0,-17.0,37,19,0,0,42.0,14.0,-13.0,0.0
La Liga,2022-23,Elche,38,5,10,23,30.0,67.0,-37.0,25,20,0,0,42.0,13.0,-12.0,0.0
La Liga,2023-24,Real Madrid,38,29,8,1,87.0,26.0,61.0,95,1,1,1,78.0,2.0,39.0,0.0
La Liga,2023-24,Barcelona,38,26,7,5,79.0,44.0,35.0,85,2,0,1,88.0,1.0,50.0,1.0
La Liga,2023-24,Girona,38,25,6,7,85.0,46.0,39.0,81,3,0,1,49.0,10.0,3.0,0.0
La Liga,2023-24,Ath Madrid,38,24,4,10,70.0,43.0,27.0,76,4,0,1,77.0,3.0,37.0,0.0
La Liga,2023-24,Ath Bilbao,38,19,11,8,61.0,37.0,24.0,68,5,0,0,51.0,8.0,4.0,0.0
La Liga,2023-24,Sociedad,38,16,12,10,51.0,39.0,12.0,60,6,0,0,71.0,4.0,16.0,0.0
La Liga,2023-24,Betis,38,14,15,9,48.0,45.0,3.0,57,7,0,0,60.0,6.0,5.0,0.0
La Liga,2023-24,Villarreal,38,14,11,13,65.0,65.0,0.0,53,8,0,0,64.0,5.0,19.0,0.0
La Liga,2023-24,Valencia,38,13,10,15,40.0,45.0,-5.0,49,9,0,0,42.0,14.0,-3.0,0.0
La Liga,2023-24,Alaves,38,12,10,16,36.0,46.0,-10.0,46,10,0,0,31.0,20.0,-34.0,0.0
La Liga,2023-24,Osasuna,38,12,9,17,45.0,56.0,-11.0,45,11,0,0,53.0,7.0,-5.0,0.0
La Liga,2023-24,Getafe,38,10,13,15,42.0,54.0,-12.0,43,12,0,0,42.0,15.0,-11.0,0.0
La Liga,2023-24,Sevilla,38,10,11,17,48.0,54.0,-6.0,41,13,0,0,49.0,11.0,-7.0,0.0
La Liga,2023-24,Celta,38,10,11,17,46.0,57.0,-11.0,41,14,0,0,43.0,13.0,-10.0,0.0
La Liga,2023-24,Mallorca,38,8,16,14,33.0,44.0,-11.0,40,15,0,0,50.0,9.0,-6.0,0.0
La Liga,2023-24,Las Palmas,38,10,10,18,33.0,47.0,-14.0,40,16,0,0,22.0,19.0,-50.0,0.0
La Liga,2023-24,Vallecano,38,8,14,16,29.0,48.0,-19.0,38,17,0,0,49.0,12.0,-8.0,0.0
La Liga,2023-24,Cadiz,38,6,15,17,26.0,55.0,-29.0,33,18,0,0,42.0,16.0,-23.0,0.0
La Liga,2023-24,Almeria,38,3,12,23,43.0,75.0,-32.0,21,19,0,0,41.0,17.0,-16.0,0.0
La Liga,2023-24,Granada,38,4,9,25,38.0,79.0,-41.0,21,20,0,0,38.0,18.0,-17.0,0.0
La Liga,2024-25,Barcelona,38,28,4,6,102.0,39.0,63.0,88,1,1,1,85.0,2.0,35.0,0.0
La Liga,2024-25,Real Madrid,38,26,6,6,78.0,38.0,40.0,84,2,0,1,95.0,1.0,61.0,1.0
La Liga,2024-25,Ath Madrid,38,22,10,6,68.0,30.0,38.0,76,3,0,1,76.0,4.0,27.0,0.0
La Liga,2024-25,Ath Bilbao,38,19,13,6,54.0,29.0,25.0,70,4,0,1,68.0,5.0,24.0,0.0
La Liga,2024-25,Villarreal,38,20,10,8,71.0,51.0,20.0,70,5,0,0,53.0,8.0,0.0,0.0
La Liga,2024-25,Betis,38,16,12,10,57.0,50.0,7.0,60,6,0,0,57.0,7.0,3.0,0.0
La Liga,2024-25,Celta,38,16,7,15,59.0,57.0,2.0,55,7,0,0,41.0,14.0,-11.0,0.0
La Liga,2024-25,Osasuna,38,12,16,10,48.0,52.0,-4.0,52,8,0,0,45.0,11.0,-11.0,0.0
La Liga,2024-25,Vallecano,38,13,13,12,41.0,45.0,-4.0,52,9,0,0,38.0,17.0,-19.0,0.0
La Liga,2024-25,Mallorca,38,13,9,16,35.0,44.0,-9.0,48,10,0,0,40.0,15.0,-11.0,0.0
La Liga,2024-25,Valencia,38,11,13,14,44.0,54.0,-10.0,46,11,0,0,49.0,9.0,-5.0,0.0
La Liga,2024-25,Sociedad,38,13,7,18,35.0,46.0,-11.0,46,12,0,0,60.0,6.0,12.0,0.0
La Liga,2024-25,Getafe,38,11,9,18,34.0,39.0,-5.0,42,13,0,0,43.0,12.0,-12.0,0.0
La Liga,2024-25,Alaves,38,10,12,16,38.0,48.0,-10.0,42,14,0,0,46.0,10.0,-10.0,0.0
La Liga,2024-25,Espanol,38,11,9,18,40.0,51.0,-11.0,42,15,0,0,37.0,19.0,-17.0,0.0
La Liga,2024-25,Sevilla,38,10,11,17,42.0,55.0,-13.0,41,16,0,0,41.0,13.0,-6.0,0.0
La Liga,2024-25,Girona,38,11,8,19,44.0,60.0,-16.0,41,17,0,0,81.0,3.0,39.0,0.0
La Liga,2024-25,Leganes,38,9,13,16,39.0,56.0,-17.0,40,18,0,0,36.0,18.0,-21.0,0.0
La Liga,2024-25,Las Palmas,38,8,8,22,40.0,61.0,-21.0,32,19,0,0,40.0,16.0,-14.0,0.0
La Liga,2024-25,Valladolid,38,4,4,30,26.0,90.0,-64.0,16,20,0,0,40.0,18.0,-30.0,0.0
La Liga,2025-26,Barcelona,38,31,1,6,95.0,36.0,59.0,94,1,1,1,88.0,1.0,63.0,1.0
La Liga,2025-26,Real Madrid,38,27,5,6,77.0,35.0,42.0,86,2,0,1,84.0,2.0,40.0,0.0
La Liga,2025-26,Villarreal,38,22,6,10,72.0,46.0,26.0,72,3,0,1,70.0,5.0,20.0,0.0
La Liga,2025-26,Ath Madrid,38,21,6,11,62.0,44.0,18.0,69,4,0,1,76.0,3.0,38.0,0.0
La Liga,2025-26,Betis,38,15,15,8,59.0,48.0,11.0,60,5,0,0,60.0,6.0,7.0,0.0
La Liga,2025-26,Celta,38,14,12,12,53.0,48.0,5.0,54,6,0,0,55.0,7.0,2.0,0.0
La Liga,2025-26,Getafe,38,15,6,17,32.0,38.0,-6.0,51,7,0,0,42.0,13.0,-5.0,0.0
La Liga,2025-26,Vallecano,38,12,14,12,41.0,44.0,-3.0,50,8,0,0,52.0,9.0,-4.0,0.0
La Liga,2025-26,Valencia,38,13,10,15,46.0,55.0,-9.0,49,9,0,0,46.0,11.0,-10.0,0.0
La Liga,2025-26,Sociedad,38,11,13,14,59.0,61.0,-2.0,46,10,0,0,46.0,12.0,-11.0,0.0
La Liga,2025-26,Espanol,38,12,10,16,43.0,55.0,-12.0,46,11,0,0,42.0,15.0,-11.0,0.0
La Liga,2025-26,Ath Bilbao,38,13,6,19,43.0,58.0,-15.0,45,12,0,0,70.0,4.0,25.0,0.0
La Liga,2025-26,Elche,38,10,13,15,49.0,57.0,-8.0,43,13,0,0,25.0,20.0,-37.0,0.0
La Liga,2025-26,Alaves,38,11,10,17,44.0,56.0,-12.0,43,14,0,0,42.0,14.0,-10.0,0.0
La Liga,2025-26,Sevilla,38,12,7,19,46.0,60.0,-14.0,43,15,0,0,41.0,16.0,-13.0,0.0
La Liga,2025-26,Osasuna,38,11,9,18,44.0,50.0,-6.0,42,16,0,0,52.0,8.0,-4.0,0.0
La Liga,2025-26,Mallorca,38,11,9,18,47.0,57.0,-10.0,42,17,0,0,48.0,10.0,-9.0,0.0
La Liga,2025-26,Levante,38,11,9,18,47.0,61.0,-14.0,42,18,0,0,35.0,19.0,-25.0,0.0
La Liga,2025-26,Girona,38,9,14,15,39.0,55.0,-16.0,41,19,0,0,41.0,17.0,-16.0,0.0
La Liga,2025-26,Oviedo,38,6,11,21,26.0,60.0,-34.0,29,20,0,0,41.0,18.0,-16.0,0.0
La Liga,2026-27,Alaves,2,1,1,0,4.0,1.0,3.0,4,1,1,1,43.0,14.0,-12.0,0.0
La Liga,2026-27,Espanol,1,1,0,0,3.0,0.0,3.0,3,2,0,1,46.0,11.0,-12.0,0.0
La Liga,2026-27,Atl. Madrid,1,1,0,0,2.0,0.0,2.0,3,3,0,1,,,,
La Liga,2026-27,Sevilla,1,1,0,0,2.0,1.0,1.0,3,4,0,1,43.0,15.0,-14.0,0.0
La Liga,2026-27,Santander,1,0,1,0,2.0,2.0,0.0,1,5,0,0,27.0,20.0,-35.0,0.0
La Liga,2026-27,Villarreal,1,0,1,0,2.0,2.0,0.0,1,6,0,0,72.0,3.0,26.0,0.0
La Liga,2026-27,Dep. A Coruna,1,0,1,0,1.0,1.0,0.0,1,7,0,0,,,,
La Liga,2026-27,Elche,1,0,1,0,1.0,1.0,0.0,1,8,0,0,43.0,13.0,-8.0,0.0
La Liga,2026-27,Rayo Vallecano,1,0,1,0,1.0,1.0,0.0,1,9,0,0,,,,
La Liga,2026-27,Vallecano,1,0,0,1,1.0,2.0,-1.0,0,10,0,0,50.0,8.0,-3.0,0.0
La Liga,2026-27,Malaga,1,0,0,1,0.0,2.0,-2.0,0,11,0,0,20.0,20.0,-37.0,0.0
La Liga,2026-27,Getafe,1,0,0,1,0.0,3.0,-3.0,0,12,0,0,51.0,7.0,-6.0,0.0
La Liga,2026-27,Levante,1,0,0,1,0.0,3.0,-3.0,0,13,0,0,42.0,18.0,-14.0,0.0
Premier League,1993-94,Man United,42,27,11,4,80.0,38.0,42.0,92,1,1,1,,,,
Premier League,1993-94,Blackburn,42,25,9,8,63.0,36.0,27.0,84,2,0,1,,,,
Premier League,1993-94,Newcastle,42,23,8,11,82.0,41.0,41.0,77,3,0,1,,,,
Premier League,1993-94,Arsenal,42,18,17,7,53.0,28.0,25.0,71,4,0,1,,,,
Premier League,1993-94,Leeds,42,18,16,8,65.0,39.0,26.0,70,5,0,0,,,,
Premier League,1993-94,Wimbledon,42,18,11,13,56.0,53.0,3.0,65,6,0,0,,,,
Premier League,1993-94,Sheffield Weds,42,16,16,10,76.0,54.0,22.0,64,7,0,0,,,,
Premier League,1993-94,Liverpool,42,17,9,16,59.0,55.0,4.0,60,8,0,0,,,,
Premier League,1993-94,QPR,42,16,12,14,62.0,61.0,1.0,60,9,0,0,,,,
Premier League,1993-94,Aston Villa,42,15,12,15,46.0,50.0,-4.0,57,10,0,0,,,,
Premier League,1993-94,Coventry,42,14,14,14,43.0,45.0,-2.0,56,11,0,0,,,,
Premier League,1993-94,Norwich,42,12,17,13,65.0,61.0,4.0,53,12,0,0,,,,
Premier League,1993-94,West Ham,42,13,13,16,47.0,58.0,-11.0,52,13,0,0,,,,
Premier League,1993-94,Chelsea,42,13,12,17,49.0,53.0,-4.0,51,14,0,0,,,,
Premier League,1993-94,Tottenham,42,11,12,19,54.0,59.0,-5.0,45,15,0,0,,,,
Premier League,1993-94,Man City,42,9,18,15,38.0,49.0,-11.0,45,16,0,0,,,,
Premier League,1993-94,Everton,42,12,8,22,42.0,63.0,-21.0,44,17,0,0,,,,
Premier League,1993-94,Southampton,42,12,7,23,49.0,66.0,-17.0,43,18,0,0,,,,
Premier League,1993-94,Ipswich,42,9,16,17,35.0,58.0,-23.0,43,19,0,0,,,,
Premier League,1993-94,Sheffield United,42,8,18,16,42.0,60.0,-18.0,42,20,0,0,,,,
Premier League,1993-94,Oldham,42,9,13,20,42.0,68.0,-26.0,40,21,0,0,,,,
Premier League,1993-94,Swindon,42,5,15,22,47.0,100.0,-53.0,30,22,0,0,,,,
Premier League,1994-95,Blackburn,42,27,8,7,80.0,39.0,41.0,89,1,1,1,84.0,2.0,27.0,0.0
Premier League,1994-95,Man United,42,26,10,6,77.0,28.0,49.0,88,2,0,1,92.0,1.0,42.0,1.0
Premier League,1994-95,Nott'm Forest,42,22,11,9,72.0,43.0,29.0,77,3,0,1,,,,
Premier League,1994-95,Liverpool,42,21,11,10,65.0,37.0,28.0,74,4,0,1,60.0,8.0,4.0,0.0
Premier League,1994-95,Leeds,42,20,13,9,59.0,38.0,21.0,73,5,0,0,70.0,5.0,26.0,0.0
Premier League,1994-95,Newcastle,42,20,12,10,67.0,47.0,20.0,72,6,0,0,77.0,3.0,41.0,0.0
Premier League,1994-95,Tottenham,42,16,14,12,66.0,58.0,8.0,62,7,0,0,45.0,15.0,-5.0,0.0
Premier League,1994-95,QPR,42,17,9,16,61.0,59.0,2.0,60,8,0,0,60.0,9.0,1.0,0.0
Premier League,1994-95,Wimbledon,42,15,11,16,48.0,65.0,-17.0,56,9,0,0,65.0,6.0,3.0,0.0
Premier League,1994-95,Southampton,42,12,18,12,61.0,63.0,-2.0,54,10,0,0,43.0,18.0,-17.0,0.0
Premier League,1994-95,Chelsea,42,13,15,14,50.0,55.0,-5.0,54,11,0,0,51.0,14.0,-4.0,0.0
Premier League,1994-95,Arsenal,42,13,12,17,52.0,49.0,3.0,51,12,0,0,71.0,4.0,25.0,0.0
Premier League,1994-95,Sheffield Weds,42,13,12,17,49.0,57.0,-8.0,51,13,0,0,64.0,7.0,22.0,0.0
Premier League,1994-95,West Ham,42,13,11,18,44.0,48.0,-4.0,50,14,0,0,52.0,13.0,-11.0,0.0
Premier League,1994-95,Everton,42,11,17,14,44.0,51.0,-7.0,50,15,0,0,44.0,17.0,-21.0,0.0
Premier League,1994-95,Coventry,42,12,14,16,44.0,62.0,-18.0,50,16,0,0,56.0,11.0,-2.0,0.0
Premier League,1994-95,Man City,42,12,13,17,53.0,64.0,-11.0,49,17,0,0,45.0,16.0,-11.0,0.0
Premier League,1994-95,Aston Villa,42,11,15,16,51.0,56.0,-5.0,48,18,0,0,57.0,10.0,-4.0,0.0
Premier League,1994-95,Crystal Palace,42,11,12,19,34.0,49.0,-15.0,45,19,0,0,,,,
Premier League,1994-95,Norwich,42,10,13,19,37.0,54.0,-17.0,43,20,0,0,53.0,12.0,4.0,0.0
Premier League,1994-95,Leicester,42,6,11,25,45.0,80.0,-35.0,29,21,0,0,,,,
Premier League,1994-95,Ipswich,42,7,6,29,36.0,93.0,-57.0,27,22,0,0,43.0,19.0,-23.0,0.0
Premier League,1995-96,Man United,38,25,7,6,73.0,35.0,38.0,82,1,1,1,88.0,2.0,49.0,0.0
Premier League,1995-96,Newcastle,38,24,6,8,66.0,37.0,29.0,78,2,0,1,72.0,6.0,20.0,0.0
Premier League,1995-96,Liverpool,38,20,11,7,70.0,34.0,36.0,71,3,0,1,74.0,4.0,28.0,0.0
Premier League,1995-96,Aston Villa,38,18,9,11,52.0,35.0,17.0,63,4,0,1,48.0,18.0,-5.0,0.0
Premier League,1995-96,Arsenal,38,17,12,9,49.0,32.0,17.0,63,5,0,0,51.0,12.0,3.0,0.0
Premier League,1995-96,Everton,38,17,10,11,64.0,44.0,20.0,61,6,0,0,50.0,15.0,-7.0,0.0
Premier League,1995-96,Blackburn,38,18,7,13,61.0,47.0,14.0,61,7,0,0,89.0,1.0,41.0,1.0
Premier League,1995-96,Tottenham,38,16,13,9,50.0,38.0,12.0,61,8,0,0,62.0,7.0,8.0,0.0
Premier League,1995-96,Nott'm Forest,38,15,13,10,50.0,54.0,-4.0,58,9,0,0,77.0,3.0,29.0,0.0
Premier League,1995-96,West Ham,38,14,9,15,43.0,52.0,-9.0,51,10,0,0,50.0,14.0,-4.0,0.0
Premier League,1995-96,Chelsea,38,12,14,12,46.0,44.0,2.0,50,11,0,0,54.0,11.0,-5.0,0.0
Premier League,1995-96,Middlesbrough,38,11,10,17,35.0,50.0,-15.0,43,12,0,0,,,,
Premier League,1995-96,Leeds,38,12,7,19,40.0,57.0,-17.0,43,13,0,0,73.0,5.0,21.0,0.0
Premier League,1995-96,Wimbledon,38,10,11,17,55.0,70.0,-15.0,41,14,0,0,56.0,9.0,-17.0,0.0
Premier League,1995-96,Sheffield Weds,38,10,10,18,48.0,61.0,-13.0,40,15,0,0,51.0,13.0,-8.0,0.0
Premier League,1995-96,Coventry,38,8,14,16,42.0,60.0,-18.0,38,16,0,0,50.0,16.0,-18.0,0.0
Premier League,1995-96,Southampton,38,9,11,18,34.0,52.0,-18.0,38,17,0,0,54.0,10.0,-2.0,0.0
Premier League,1995-96,Man City,38,9,11,18,33.0,58.0,-25.0,38,18,0,0,49.0,17.0,-11.0,0.0
Premier League,1995-96,QPR,38,9,6,23,38.0,57.0,-19.0,33,19,0,0,60.0,8.0,2.0,0.0
Premier League,1995-96,Bolton,38,8,5,25,39.0,71.0,-32.0,29,20,0,0,,,,
Premier League,1996-97,Man United,38,21,12,5,76.0,44.0,32.0,75,1,1,1,82.0,1.0,38.0,1.0
Premier League,1996-97,Newcastle,38,19,11,8,73.0,40.0,33.0,68,2,0,1,78.0,2.0,29.0,0.0
Premier League,1996-97,Arsenal,38,19,11,8,62.0,32.0,30.0,68,3,0,1,63.0,5.0,17.0,0.0
Premier League,1996-97,Liverpool,38,19,11,8,62.0,37.0,25.0,68,4,0,1,71.0,3.0,36.0,0.0
Premier League,1996-97,Aston Villa,38,17,10,11,47.0,34.0,13.0,61,5,0,0,63.0,4.0,17.0,0.0
Premier League,1996-97,Chelsea,38,16,11,11,58.0,55.0,3.0,59,6,0,0,50.0,11.0,2.0,0.0
Premier League,1996-97,Sheffield Weds,38,14,15,9,50.0,51.0,-1.0,57,7,0,0,40.0,15.0,-13.0,0.0
Premier League,1996-97,Wimbledon,38,15,11,12,49.0,46.0,3.0,56,8,0,0,41.0,14.0,-15.0,0.0
Premier League,1996-97,Leicester,38,12,11,15,46.0,54.0,-8.0,47,9,0,0,29.0,21.0,-35.0,0.0
Premier League,1996-97,Tottenham,38,13,7,18,44.0,51.0,-7.0,46,10,0,0,61.0,8.0,12.0,0.0
Premier League,1996-97,Leeds,38,11,13,14,28.0,38.0,-10.0,46,11,0,0,43.0,13.0,-17.0,0.0
Premier League,1996-97,Derby,38,11,13,14,45.0,58.0,-13.0,46,12,0,0,,,,
Premier League,1996-97,Blackburn,38,9,15,14,42.0,43.0,-1.0,42,13,0,0,61.0,7.0,14.0,0.0
Premier League,1996-97,West Ham,38,10,12,16,39.0,48.0,-9.0,42,14,0,0,51.0,10.0,-9.0,0.0
Premier League,1996-97,Middlesbrough,38,10,12,16,51.0,60.0,-9.0,42,15,0,0,43.0,12.0,-15.0,0.0
Premier League,1996-97,Everton,38,10,12,16,44.0,57.0,-13.0,42,16,0,0,61.0,6.0,20.0,0.0
Premier League,1996-97,Southampton,38,10,11,17,50.0,56.0,-6.0,41,17,0,0,38.0,17.0,-18.0,0.0
Premier League,1996-97,Coventry,38,9,14,15,38.0,54.0,-16.0,41,18,0,0,38.0,16.0,-18.0,0.0
Premier League,1996-97,Sunderland,38,10,10,18,35.0,53.0,-18.0,40,19,0,0,,,,
Premier League,1996-97,Nott'm Forest,38,6,16,16,31.0,59.0,-28.0,34,20,0,0,58.0,9.0,-4.0,0.0
Premier League,1997-98,Arsenal,38,23,9,6,68.0,33.0,35.0,78,1,1,1,68.0,3.0,30.0,0.0
Premier League,1997-98,Man United,38,23,8,7,73.0,26.0,47.0,77,2,0,1,75.0,1.0,32.0,1.0
Premier League,1997-98,Liverpool,38,18,11,9,68.0,42.0,26.0,65,3,0,1,68.0,4.0,25.0,0.0
Premier League,1997-98,Chelsea,38,20,3,15,71.0,43.0,28.0,63,4,0,1,59.0,6.0,3.0,0.0
Premier League,1997-98,Leeds,38,17,8,13,57.0,46.0,11.0,59,5,0,0,46.0,11.0,-10.0,0.0
Premier League,1997-98,Blackburn,38,16,10,12,57.0,52.0,5.0,58,6,0,0,42.0,13.0,-1.0,0.0
Premier League,1997-98,Aston Villa,38,17,6,15,49.0,48.0,1.0,57,7,0,0,61.0,5.0,13.0,0.0
Premier League,1997-98,West Ham,38,16,8,14,56.0,57.0,-1.0,56,8,0,0,42.0,14.0,-9.0,0.0
Premier League,1997-98,Derby,38,16,7,15,52.0,49.0,3.0,55,9,0,0,46.0,12.0,-13.0,0.0
Premier League,1997-98,Leicester,38,13,14,11,51.0,41.0,10.0,53,10,0,0,47.0,9.0,-8.0,0.0
Premier League,1997-98,Coventry,38,12,16,10,46.0,44.0,2.0,52,11,0,0,41.0,18.0,-16.0,0.0
Premier League,1997-98,Southampton,38,14,6,18,50.0,55.0,-5.0,48,12,0,0,41.0,17.0,-6.0,0.0
Premier League,1997-98,Newcastle,38,11,11,16,35.0,44.0,-9.0,44,13,0,0,68.0,2.0,33.0,0.0
Premier League,1997-98,Wimbledon,38,10,14,14,34.0,46.0,-12.0,44,14,0,0,56.0,8.0,3.0,0.0
Premier League,1997-98,Tottenham,38,11,11,16,44.0,56.0,-12.0,44,15,0,0,46.0,10.0,-7.0,0.0
Premier League,1997-98,Sheffield Weds,38,12,8,18,52.0,67.0,-15.0,44,16,0,0,57.0,7.0,-1.0,0.0
Premier League,1997-98,Everton,38,9,13,16,41.0,56.0,-15.0,40,17,0,0,42.0,16.0,-13.0,0.0
Premier League,1997-98,Bolton,38,9,13,16,41.0,61.0,-20.0,40,18,0,0,29.0,20.0,-32.0,0.0
Premier League,1997-98,Barnsley,38,10,5,23,37.0,82.0,-45.0,35,19,0,0,,,,
Premier League,1997-98,Crystal Palace,38,8,9,21,37.0,71.0,-34.0,33,20,0,0,45.0,19.0,-15.0,0.0
Premier League,1998-99,Man United,38,22,13,3,80.0,37.0,43.0,79,1,1,1,77.0,2.0,47.0,0.0
Premier League,1998-99,Arsenal,38,22,12,4,59.0,17.0,42.0,78,2,0,1,78.0,1.0,35.0,1.0
Premier League,1998-99,Chelsea,38,20,15,3,57.0,30.0,27.0,75,3,0,1,63.0,4.0,28.0,0.0
Premier League,1998-99,Leeds,38,18,13,7,62.0,34.0,28.0,67,4,0,1,59.0,5.0,11.0,0.0
Premier League,1998-99,West Ham,38,16,9,13,46.0,53.0,-7.0,57,5,0,0,56.0,8.0,-1.0,0.0
Premier League,1998-99,Aston Villa,38,15,10,13,51.0,46.0,5.0,55,6,0,0,57.0,7.0,1.0,0.0
Premier League,1998-99,Liverpool,38,15,9,14,68.0,49.0,19.0,54,7,0,0,65.0,3.0,26.0,0.0
Premier League,1998-99,Derby,38,13,13,12,40.0,45.0,-5.0,52,8,0,0,55.0,9.0,3.0,0.0
Premier League,1998-99,Middlesbrough,38,12,15,11,48.0,54.0,-6.0,51,9,0,0,42.0,15.0,-9.0,0.0
Premier League,1998-99,Leicester,38,12,13,13,40.0,46.0,-6.0,49,10,0,0,53.0,10.0,10.0,0.0
Premier League,1998-99,Tottenham,38,11,14,13,47.0,50.0,-3.0,47,11,0,0,44.0,15.0,-12.0,0.0
Premier League,1998-99,Sheffield Weds,38,13,7,18,41.0,42.0,-1.0,46,12,0,0,44.0,16.0,-15.0,0.0
Premier League,1998-99,Newcastle,38,11,13,14,48.0,54.0,-6.0,46,13,0,0,44.0,13.0,-9.0,0.0
Premier League,1998-99,Everton,38,11,10,17,42.0,47.0,-5.0,43,14,0,0,40.0,17.0,-15.0,0.0
Premier League,1998-99,Coventry,38,11,9,18,39.0,51.0,-12.0,42,15,0,0,52.0,11.0,2.0,0.0
Premier League,1998-99,Wimbledon,38,10,12,16,40.0,63.0,-23.0,42,16,0,0,44.0,14.0,-12.0,0.0
Premier League,1998-99,Southampton,38,11,8,19,37.0,64.0,-27.0,41,17,0,0,48.0,12.0,-5.0,0.0
Premier League,1998-99,Charlton,38,8,12,18,41.0,56.0,-15.0,36,18,0,0,,,,
Premier League,1998-99,Blackburn,38,7,14,17,38.0,52.0,-14.0,35,19,0,0,58.0,6.0,5.0,0.0
Premier League,1998-99,Nott'm Forest,38,7,9,22,35.0,69.0,-34.0,30,20,0,0,34.0,20.0,-28.0,0.0
Premier League,1999-00,Man United,38,28,7,3,97.0,45.0,52.0,91,1,1,1,79.0,1.0,43.0,1.0
Premier League,1999-00,Arsenal,38,22,7,9,73.0,43.0,30.0,73,2,0,1,78.0,2.0,42.0,0.0
Premier League,1999-00,Leeds,38,21,6,11,58.0,43.0,15.0,69,3,0,1,67.0,4.0,28.0,0.0
Premier League,1999-00,Liverpool,38,19,10,9,51.0,30.0,21.0,67,4,0,1,54.0,7.0,19.0,0.0
Premier League,1999-00,Chelsea,38,18,11,9,53.0,34.0,19.0,65,5,0,0,75.0,3.0,27.0,0.0
Premier League,1999-00,Aston Villa,38,15,13,10,46.0,35.0,11.0,58,6,0,0,55.0,6.0,5.0,0.0
Premier League,1999-00,Sunderland,38,16,10,12,57.0,56.0,1.0,58,7,0,0,40.0,19.0,-18.0,0.0
Premier League,1999-00,Leicester,38,16,7,15,55.0,55.0,0.0,55,8,0,0,49.0,10.0,-6.0,0.0
Premier League,1999-00,West Ham,38,15,10,13,52.0,53.0,-1.0,55,9,0,0,57.0,5.0,-7.0,0.0
Premier League,1999-00,Tottenham,38,15,8,15,57.0,49.0,8.0,53,10,0,0,47.0,11.0,-3.0,0.0
Premier League,1999-00,Newcastle,38,14,10,14,63.0,54.0,9.0,52,11,0,0,46.0,13.0,-6.0,0.0
Premier League,1999-00,Middlesbrough,38,14,10,14,46.0,52.0,-6.0,52,12,0,0,51.0,9.0,-6.0,0.0
Premier League,1999-00,Everton,38,12,14,12,59.0,49.0,10.0,50,13,0,0,43.0,14.0,-5.0,0.0
Premier League,1999-00,Coventry,38,12,8,18,47.0,54.0,-7.0,44,14,0,0,42.0,15.0,-12.0,0.0
Premier League,1999-00,Southampton,38,12,8,18,45.0,62.0,-17.0,44,15,0,0,41.0,17.0,-27.0,0.0
Premier League,1999-00,Derby,38,9,11,18,44.0,57.0,-13.0,38,16,0,0,52.0,8.0,-5.0,0.0
Premier League,1999-00,Bradford,38,9,9,20,38.0,68.0,-30.0,36,17,0,0,,,,
Premier League,1999-00,Wimbledon,38,7,12,19,46.0,74.0,-28.0,33,18,0,0,42.0,16.0,-23.0,0.0
Premier League,1999-00,Sheffield Weds,38,8,7,23,38.0,70.0,-32.0,31,19,0,0,46.0,12.0,-1.0,0.0
Premier League,1999-00,Watford,38,6,6,26,35.0,77.0,-42.0,24,20,0,0,,,,
Premier League,2000-01,Man United,38,24,8,6,79.0,31.0,48.0,80,1,1,1,91.0,1.0,52.0,1.0
Premier League,2000-01,Arsenal,38,20,10,8,63.0,38.0,25.0,70,2,0,1,73.0,2.0,30.0,0.0
Premier League,2000-01,Liverpool,38,20,9,9,71.0,39.0,32.0,69,3,0,1,67.0,4.0,21.0,0.0
Premier League,2000-01,Leeds,38,20,8,10,64.0,43.0,21.0,68,4,0,1,69.0,3.0,15.0,0.0
Premier League,2000-01,Ipswich,38,20,6,12,57.0,42.0,15.0,66,5,0,0,27.0,22.0,-57.0,0.0
Premier League,2000-01,Chelsea,38,17,10,11,68.0,45.0,23.0,61,6,0,0,65.0,5.0,19.0,0.0
Premier League,2000-01,Sunderland,38,15,12,11,46.0,41.0,5.0,57,7,0,0,58.0,7.0,1.0,0.0
Premier League,2000-01,Aston Villa,38,13,15,10,46.0,43.0,3.0,54,8,0,0,58.0,6.0,11.0,0.0
Premier League,2000-01,Charlton,38,14,10,14,50.0,57.0,-7.0,52,9,0,0,36.0,18.0,-15.0,0.0
Premier League,2000-01,Southampton,38,14,10,14,40.0,48.0,-8.0,52,10,0,0,44.0,15.0,-17.0,0.0
Premier League,2000-01,Newcastle,38,14,9,15,44.0,50.0,-6.0,51,11,0,0,52.0,11.0,9.0,0.0
Premier League,2000-01,Tottenham,38,13,10,15,47.0,54.0,-7.0,49,12,0,0,53.0,10.0,8.0,0.0
Premier League,2000-01,Leicester,38,14,6,18,39.0,51.0,-12.0,48,13,0,0,55.0,8.0,0.0,0.0
Premier League,2000-01,Middlesbrough,38,9,15,14,44.0,44.0,0.0,42,14,0,0,52.0,12.0,-6.0,0.0
Premier League,2000-01,West Ham,38,10,12,16,45.0,50.0,-5.0,42,15,0,0,55.0,9.0,-1.0,0.0
Premier League,2000-01,Everton,38,11,9,18,45.0,59.0,-14.0,42,16,0,0,50.0,13.0,10.0,0.0
Premier League,2000-01,Derby,38,10,12,16,37.0,59.0,-22.0,42,17,0,0,38.0,16.0,-13.0,0.0
Premier League,2000-01,Man City,38,8,10,20,41.0,65.0,-24.0,34,18,0,0,38.0,18.0,-25.0,0.0
Premier League,2000-01,Coventry,38,8,10,20,36.0,63.0,-27.0,34,19,0,0,44.0,14.0,-7.0,0.0
Premier League,2000-01,Bradford,38,5,11,22,30.0,70.0,-40.0,26,20,0,0,36.0,17.0,-30.0,0.0
Premier League,2001-02,Arsenal,38,26,9,3,79.0,36.0,43.0,87,1,1,1,70.0,2.0,25.0,0.0
Premier League,2001-02,Liverpool,38,24,8,6,67.0,30.0,37.0,80,2,0,1,69.0,3.0,32.0,0.0
Premier League,2001-02,Man United,38,24,5,9,87.0,45.0,42.0,77,3,0,1,80.0,1.0,48.0,1.0
Premier League,2001-02,Newcastle,38,21,8,9,74.0,52.0,22.0,71,4,0,1,51.0,11.0,-6.0,0.0
Premier League,2001-02,Leeds,38,18,12,8,53.0,37.0,16.0,66,5,0,0,68.0,4.0,21.0,0.0
Premier League,2001-02,Chelsea,38,17,13,8,66.0,38.0,28.0,64,6,0,0,61.0,6.0,23.0,0.0
Premier League,2001-02,West Ham,38,15,8,15,48.0,57.0,-9.0,53,7,0,0,42.0,15.0,-5.0,0.0
Premier League,2001-02,Aston Villa,38,12,14,12,46.0,47.0,-1.0,50,8,0,0,54.0,8.0,3.0,0.0
Premier League,2001-02,Tottenham,38,14,8,16,49.0,53.0,-4.0,50,9,0,0,49.0,12.0,-7.0,0.0
Premier League,2001-02,Blackburn,38,12,10,16,55.0,51.0,4.0,46,10,0,0,35.0,19.0,-14.0,0.0
Premier League,2001-02,Southampton,38,12,9,17,46.0,54.0,-8.0,45,11,0,0,52.0,10.0,-8.0,0.0
Premier League,2001-02,Middlesbrough,38,12,9,17,35.0,47.0,-12.0,45,12,0,0,42.0,14.0,0.0,0.0
Premier League,2001-02,Fulham,38,10,14,14,36.0,44.0,-8.0,44,13,0,0,,,,
Premier League,2001-02,Charlton,38,10,14,14,38.0,49.0,-11.0,44,14,0,0,52.0,9.0,-7.0,0.0
Premier League,2001-02,Everton,38,11,10,17,45.0,57.0,-12.0,43,15,0,0,42.0,16.0,-14.0,0.0
Premier League,2001-02,Bolton,38,9,13,16,44.0,62.0,-18.0,40,16,0,0,40.0,18.0,-20.0,0.0
Premier League,2001-02,Sunderland,38,10,10,18,29.0,51.0,-22.0,40,17,0,0,57.0,7.0,5.0,0.0
Premier League,2001-02,Ipswich,38,9,9,20,41.0,64.0,-23.0,36,18,0,0,66.0,5.0,15.0,0.0
Premier League,2001-02,Derby,38,8,6,24,33.0,63.0,-30.0,30,19,0,0,42.0,17.0,-22.0,0.0
Premier League,2001-02,Leicester,38,5,13,20,30.0,64.0,-34.0,28,20,0,0,48.0,13.0,-12.0,0.0
Premier League,2002-03,Man United,38,25,8,5,74.0,34.0,40.0,83,1,1,1,77.0,3.0,42.0,0.0
Premier League,2002-03,Arsenal,38,23,9,6,85.0,42.0,43.0,78,2,0,1,87.0,1.0,43.0,1.0
Premier League,2002-03,Newcastle,38,21,6,11,63.0,48.0,15.0,69,3,0,1,71.0,4.0,22.0,0.0
Premier League,2002-03,Chelsea,38,19,10,9,68.0,38.0,30.0,67,4,0,1,64.0,6.0,28.0,0.0
Premier League,2002-03,Liverpool,38,18,10,10,61.0,41.0,20.0,64,5,0,0,80.0,2.0,37.0,0.0
Premier League,2002-03,Blackburn,38,16,12,10,52.0,43.0,9.0,60,6,0,0,46.0,10.0,4.0,0.0
Premier League,2002-03,Everton,38,17,8,13,48.0,49.0,-1.0,59,7,0,0,43.0,15.0,-12.0,0.0
Premier League,2002-03,Southampton,38,13,13,12,43.0,46.0,-3.0,52,8,0,0,45.0,11.0,-8.0,0.0
Premier League,2002-03,Man City,38,15,6,17,47.0,54.0,-7.0,51,9,0,0,34.0,18.0,-24.0,0.0
Premier League,2002-03,Tottenham,38,14,8,16,51.0,62.0,-11.0,50,10,0,0,50.0,9.0,-4.0,0.0
Premier League,2002-03,Middlesbrough,38,13,10,15,48.0,44.0,4.0,49,11,0,0,45.0,12.0,-12.0,0.0
Premier League,2002-03,Charlton,38,14,7,17,45.0,56.0,-11.0,49,12,0,0,44.0,14.0,-11.0,0.0
Premier League,2002-03,Birmingham,38,13,9,16,41.0,49.0,-8.0,48,13,0,0,,,,
Premier League,2002-03,Fulham,38,13,9,16,41.0,50.0,-9.0,48,14,0,0,44.0,13.0,-8.0,0.0
Premier League,2002-03,Leeds,38,14,5,19,58.0,57.0,1.0,47,15,0,0,66.0,5.0,16.0,0.0
Premier League,2002-03,Aston Villa,38,12,9,17,42.0,47.0,-5.0,45,16,0,0,50.0,8.0,-1.0,0.0
Premier League,2002-03,Bolton,38,10,14,14,41.0,51.0,-10.0,44,17,0,0,40.0,16.0,-18.0,0.0
Premier League,2002-03,West Ham,38,10,12,16,42.0,59.0,-17.0,42,18,0,0,53.0,7.0,-9.0,0.0
Premier League,2002-03,West Brom,38,6,8,24,29.0,65.0,-36.0,26,19,0,0,,,,
Premier League,2002-03,Sunderland,38,4,7,27,21.0,65.0,-44.0,19,20,0,0,40.0,17.0,-22.0,0.0
Premier League,2003-04,Arsenal,33,22,11,0,61.0,23.0,38.0,77,1,1,1,78.0,2.0,43.0,0.0
Premier League,2003-04,Chelsea,33,22,5,6,63.0,27.0,36.0,71,2,0,1,67.0,4.0,30.0,0.0
Premier League,2003-04,Man United,34,20,6,8,59.0,33.0,26.0,66,3,0,1,83.0,1.0,40.0,1.0
Premier League,2003-04,Liverpool,33,15,10,8,48.0,31.0,17.0,55,4,0,1,64.0,5.0,20.0,0.0
Premier League,2003-04,Newcastle,34,13,13,8,47.0,35.0,12.0,52,5,0,0,69.0,3.0,15.0,0.0
Premier League,2003-04,Aston Villa,34,14,9,11,42.0,37.0,5.0,51,6,0,0,45.0,16.0,-5.0,0.0
Premier League,2003-04,Birmingham,34,12,12,10,39.0,41.0,-2.0,48,7,0,0,48.0,13.0,-8.0,0.0
Premier League,2003-04,Bolton,34,12,10,12,42.0,51.0,-9.0,46,8,0,0,44.0,17.0,-10.0,0.0
Premier League,2003-04,Fulham,33,12,9,12,45.0,41.0,4.0,45,9,0,0,48.0,14.0,-9.0,0.0
Premier League,2003-04,Charlton,34,12,9,13,46.0,48.0,-2.0,45,10,0,0,49.0,12.0,-11.0,0.0
Premier League,2003-04,Middlesbrough,35,12,8,15,40.0,46.0,-6.0,44,11,0,0,49.0,11.0,4.0,0.0
Premier League,2003-04,Tottenham,33,12,5,16,43.0,50.0,-7.0,41,12,0,0,50.0,10.0,-11.0,0.0
Premier League,2003-04,Southampton,33,10,10,13,32.0,35.0,-3.0,40,13,0,0,52.0,8.0,-3.0,0.0
Premier League,2003-04,Blackburn,33,10,7,16,44.0,49.0,-5.0,37,14,0,0,60.0,6.0,9.0,0.0
Premier League,2003-04,Man City,33,8,11,14,44.0,45.0,-1.0,35,15,0,0,51.0,9.0,-7.0,0.0
Premier League,2003-04,Portsmouth,34,9,8,17,37.0,51.0,-14.0,35,16,0,0,,,,
Premier League,2003-04,Everton,34,8,10,16,40.0,50.0,-10.0,34,17,0,0,59.0,7.0,-1.0,0.0
Premier League,2003-04,Leicester,33,6,15,12,45.0,56.0,-11.0,33,18,0,0,28.0,20.0,-34.0,0.0
Premier League,2003-04,Wolves,33,7,10,16,32.0,65.0,-33.0,31,19,0,0,,,,
Premier League,2003-04,Leeds,33,6,8,19,34.0,69.0,-35.0,26,20,0,0,47.0,15.0,1.0,0.0
Premier League,2004-05,Chelsea,33,25,7,1,62.0,12.0,50.0,82,1,1,1,71.0,2.0,36.0,0.0
Premier League,2004-05,Arsenal,33,21,8,4,73.0,33.0,40.0,71,2,0,1,77.0,1.0,38.0,1.0
Premier League,2004-05,Man United,33,19,10,4,48.0,20.0,28.0,67,3,0,1,66.0,3.0,26.0,0.0
Premier League,2004-05,Everton,33,17,6,10,40.0,33.0,7.0,57,4,0,1,34.0,17.0,-10.0,0.0
Premier League,2004-05,Liverpool,34,16,6,12,48.0,35.0,13.0,54,5,0,0,55.0,4.0,17.0,0.0
Premier League,2004-05,Bolton,34,15,8,11,44.0,38.0,6.0,53,6,0,0,46.0,8.0,-9.0,0.0
Premier League,2004-05,Tottenham,34,13,9,12,42.0,38.0,4.0,48,7,0,0,41.0,12.0,-7.0,0.0
Premier League,2004-05,Middlesbrough,33,12,10,11,46.0,44.0,2.0,46,8,0,0,44.0,11.0,-6.0,0.0
Premier League,2004-05,Aston Villa,34,12,10,12,41.0,42.0,-1.0,46,9,0,0,51.0,6.0,5.0,0.0
Premier League,2004-05,Charlton,34,12,9,13,40.0,50.0,-10.0,45,10,0,0,45.0,10.0,-2.0,0.0
Premier League,2004-05,Man City,34,11,11,12,42.0,37.0,5.0,44,11,0,0,35.0,15.0,-1.0,0.0
Premier League,2004-05,Blackburn,33,9,12,12,29.0,37.0,-8.0,39,12,0,0,37.0,14.0,-5.0,0.0
Premier League,2004-05,Birmingham,34,9,11,14,35.0,42.0,-7.0,38,13,0,0,48.0,7.0,-2.0,0.0
Premier League,2004-05,Newcastle,32,9,11,12,42.0,51.0,-9.0,38,14,0,0,52.0,5.0,12.0,0.0
Premier League,2004-05,Fulham,33,9,8,16,39.0,53.0,-14.0,35,15,0,0,45.0,9.0,4.0,0.0
Premier League,2004-05,Portsmouth,34,9,8,17,38.0,53.0,-15.0,35,16,0,0,35.0,16.0,-14.0,0.0
Premier League,2004-05,West Brom,33,5,14,14,32.0,53.0,-21.0,29,17,0,0,26.0,19.0,-36.0,0.0
Premier League,2004-05,Southampton,34,5,13,16,37.0,55.0,-18.0,28,18,0,0,40.0,13.0,-3.0,0.0
Premier League,2004-05,Crystal Palace,34,6,9,19,36.0,58.0,-22.0,27,19,0,0,33.0,20.0,-34.0,0.0
Premier League,2004-05,Norwich,34,5,12,17,37.0,67.0,-30.0,27,20,0,0,43.0,20.0,-17.0,0.0
Premier League,2005-06,Chelsea,38,29,4,5,72.0,22.0,50.0,91,1,1,1,82.0,1.0,50.0,1.0
Premier League,2005-06,Man United,38,25,8,5,72.0,34.0,38.0,83,2,0,1,67.0,3.0,28.0,0.0
Premier League,2005-06,Liverpool,38,25,7,6,57.0,25.0,32.0,82,3,0,1,54.0,5.0,13.0,0.0
Premier League,2005-06,Arsenal,38,20,7,11,68.0,31.0,37.0,67,4,0,1,71.0,2.0,40.0,0.0
Premier League,2005-06,Tottenham,38,18,11,9,53.0,38.0,15.0,65,5,0,0,48.0,7.0,4.0,0.0
Premier League,2005-06,Blackburn,38,19,6,13,51.0,42.0,9.0,63,6,0,0,39.0,12.0,-8.0,0.0
Premier League,2005-06,Newcastle,38,17,7,14,47.0,42.0,5.0,58,7,0,0,38.0,14.0,-9.0,0.0
Premier League,2005-06,Bolton,38,15,11,12,49.0,41.0,8.0,56,8,0,0,53.0,6.0,6.0,0.0
Premier League,2005-06,West Ham,38,16,7,15,52.0,55.0,-3.0,55,9,0,0,42.0,18.0,-17.0,0.0
Premier League,2005-06,Wigan,38,15,6,17,45.0,52.0,-7.0,51,10,0,0,,,,
Premier League,2005-06,Everton,38,14,8,16,34.0,49.0,-15.0,50,11,0,0,57.0,4.0,7.0,0.0
Premier League,2005-06,Fulham,38,14,6,18,48.0,58.0,-10.0,48,12,0,0,35.0,15.0,-14.0,0.0
Premier League,2005-06,Charlton,38,13,8,17,41.0,55.0,-14.0,47,13,0,0,45.0,10.0,-10.0,0.0
Premier League,2005-06,Middlesbrough,38,12,9,17,48.0,58.0,-10.0,45,14,0,0,46.0,8.0,2.0,0.0
Premier League,2005-06,Man City,38,13,4,21,43.0,48.0,-5.0,43,15,0,0,44.0,11.0,5.0,0.0
Premier League,2005-06,Aston Villa,38,10,12,16,42.0,55.0,-13.0,42,16,0,0,46.0,9.0,-1.0,0.0
Premier League,2005-06,Portsmouth,38,10,8,20,37.0,62.0,-25.0,38,17,0,0,35.0,16.0,-15.0,0.0
Premier League,2005-06,Birmingham,38,8,10,20,28.0,50.0,-22.0,34,18,0,0,38.0,13.0,-7.0,0.0
Premier League,2005-06,West Brom,38,7,9,22,31.0,58.0,-27.0,30,19,0,0,29.0,17.0,-21.0,0.0
Premier League,2005-06,Sunderland,38,3,6,29,26.0,69.0,-43.0,15,20,0,0,19.0,20.0,-44.0,0.0
Premier League,2006-07,Man United,38,28,5,5,83.0,27.0,56.0,89,1,1,1,83.0,2.0,38.0,0.0
Premier League,2006-07,Chelsea,38,24,11,3,64.0,24.0,40.0,83,2,0,1,91.0,1.0,50.0,1.0
Premier League,2006-07,Liverpool,38,20,8,10,57.0,27.0,30.0,68,3,0,1,82.0,3.0,32.0,0.0
Premier League,2006-07,Arsenal,38,19,11,8,63.0,35.0,28.0,68,4,0,1,67.0,4.0,37.0,0.0
Premier League,2006-07,Tottenham,38,17,9,12,57.0,54.0,3.0,60,5,0,0,65.0,5.0,15.0,0.0
Premier League,2006-07,Everton,38,15,13,10,52.0,36.0,16.0,58,6,0,0,50.0,11.0,-15.0,0.0
Premier League,2006-07,Bolton,38,16,8,14,47.0,52.0,-5.0,56,7,0,0,56.0,8.0,8.0,0.0
Premier League,2006-07,Reading,38,16,7,15,52.0,47.0,5.0,55,8,0,0,,,,
Premier League,2006-07,Portsmouth,38,14,12,12,45.0,42.0,3.0,54,9,0,0,38.0,17.0,-25.0,0.0
Premier League,2006-07,Blackburn,38,15,7,16,52.0,54.0,-2.0,52,10,0,0,63.0,6.0,9.0,0.0
Premier League,2006-07,Aston Villa,38,11,17,10,43.0,41.0,2.0,50,11,0,0,42.0,16.0,-13.0,0.0
Premier League,2006-07,Middlesbrough,38,12,10,16,44.0,49.0,-5.0,46,12,0,0,45.0,14.0,-10.0,0.0
Premier League,2006-07,Newcastle,38,11,10,17,38.0,47.0,-9.0,43,13,0,0,58.0,7.0,5.0,0.0
Premier League,2006-07,Man City,38,11,9,18,29.0,44.0,-15.0,42,14,0,0,43.0,15.0,-5.0,0.0
Premier League,2006-07,West Ham,38,12,5,21,35.0,59.0,-24.0,41,15,0,0,55.0,9.0,-3.0,0.0
Premier League,2006-07,Fulham,38,8,15,15,38.0,60.0,-22.0,39,16,0,0,48.0,12.0,-10.0,0.0
Premier League,2006-07,Wigan,38,10,8,20,37.0,59.0,-22.0,38,17,0,0,51.0,10.0,-7.0,0.0
Premier League,2006-07,Sheffield United,38,10,8,20,32.0,55.0,-23.0,38,18,0,0,42.0,20.0,-18.0,0.0
Premier League,2006-07,Charlton,38,8,10,20,34.0,60.0,-26.0,34,19,0,0,47.0,13.0,-14.0,0.0
Premier League,2006-07,Watford,38,5,13,20,29.0,59.0,-30.0,28,20,0,0,24.0,20.0,-42.0,0.0
Premier League,2007-08,Man United,38,27,6,5,80.0,22.0,58.0,87,1,1,1,89.0,1.0,56.0,1.0
Premier League,2007-08,Chelsea,38,25,10,3,65.0,26.0,39.0,85,2,0,1,83.0,2.0,40.0,0.0
Premier League,2007-08,Arsenal,38,24,11,3,74.0,31.0,43.0,83,3,0,1,68.0,4.0,28.0,0.0
Premier League,2007-08,Liverpool,38,21,13,4,67.0,28.0,39.0,76,4,0,1,68.0,3.0,30.0,0.0
Premier League,2007-08,Everton,38,19,8,11,55.0,33.0,22.0,65,5,0,0,58.0,6.0,16.0,0.0
Premier League,2007-08,Aston Villa,38,16,12,10,71.0,51.0,20.0,60,6,0,0,50.0,11.0,2.0,0.0
Premier League,2007-08,Blackburn,38,15,13,10,50.0,48.0,2.0,58,7,0,0,52.0,10.0,-2.0,0.0
Premier League,2007-08,Portsmouth,38,16,9,13,48.0,40.0,8.0,57,8,0,0,54.0,9.0,3.0,0.0
Premier League,2007-08,Man City,38,15,10,13,45.0,53.0,-8.0,55,9,0,0,42.0,14.0,-15.0,0.0
Premier League,2007-08,West Ham,38,13,10,15,42.0,50.0,-8.0,49,10,0,0,41.0,15.0,-24.0,0.0
Premier League,2007-08,Tottenham,38,11,13,14,66.0,61.0,5.0,46,11,0,0,60.0,5.0,3.0,0.0
Premier League,2007-08,Newcastle,38,11,10,17,45.0,65.0,-20.0,43,12,0,0,43.0,13.0,-9.0,0.0
Premier League,2007-08,Middlesbrough,38,10,12,16,43.0,53.0,-10.0,42,13,0,0,46.0,12.0,-5.0,0.0
Premier League,2007-08,Wigan,38,10,10,18,34.0,51.0,-17.0,40,14,0,0,38.0,17.0,-22.0,0.0
Premier League,2007-08,Sunderland,38,11,6,21,36.0,59.0,-23.0,39,15,0,0,15.0,20.0,-43.0,0.0
Premier League,2007-08,Bolton,38,9,10,19,36.0,54.0,-18.0,37,16,0,0,56.0,7.0,-5.0,0.0
Premier League,2007-08,Fulham,38,8,12,18,38.0,60.0,-22.0,36,17,0,0,39.0,16.0,-22.0,0.0
Premier League,2007-08,Reading,38,10,6,22,41.0,66.0,-25.0,36,18,0,0,55.0,8.0,5.0,0.0
Premier League,2007-08,Birmingham,38,8,11,19,46.0,62.0,-16.0,35,19,0,0,34.0,18.0,-22.0,0.0
Premier League,2007-08,Derby,38,1,8,29,20.0,89.0,-69.0,11,20,0,0,30.0,19.0,-30.0,0.0
Premier League,2008-09,Man United,38,28,6,4,68.0,24.0,44.0,90,1,1,1,87.0,1.0,58.0,1.0
Premier League,2008-09,Liverpool,38,25,11,2,77.0,27.0,50.0,86,2,0,1,76.0,4.0,39.0,0.0
Premier League,2008-09,Chelsea,38,25,8,5,68.0,24.0,44.0,83,3,0,1,85.0,2.0,39.0,0.0
Premier League,2008-09,Arsenal,38,20,12,6,68.0,37.0,31.0,72,4,0,1,83.0,3.0,43.0,0.0
Premier League,2008-09,Everton,38,17,12,9,55.0,37.0,18.0,63,5,0,0,65.0,5.0,22.0,0.0
Premier League,2008-09,Aston Villa,38,17,11,10,54.0,48.0,6.0,62,6,0,0,60.0,6.0,20.0,0.0
Premier League,2008-09,Fulham,38,14,11,13,39.0,34.0,5.0,53,7,0,0,36.0,17.0,-22.0,0.0
Premier League,2008-09,Tottenham,38,14,9,15,45.0,45.0,0.0,51,8,0,0,46.0,11.0,5.0,0.0
Premier League,2008-09,West Ham,38,14,9,15,42.0,45.0,-3.0,51,9,0,0,49.0,10.0,-8.0,0.0
Premier League,2008-09,Man City,38,15,5,18,58.0,50.0,8.0,50,10,0,0,55.0,9.0,-8.0,0.0
Premier League,2008-09,Wigan,38,12,9,17,34.0,45.0,-11.0,45,11,0,0,40.0,14.0,-17.0,0.0
Premier League,2008-09,Stoke,38,12,9,17,38.0,55.0,-17.0,45,12,0,0,,,,
Premier League,2008-09,Bolton,38,11,8,19,41.0,53.0,-12.0,41,13,0,0,37.0,16.0,-18.0,0.0
Premier League,2008-09,Portsmouth,38,10,11,17,38.0,57.0,-19.0,41,14,0,0,57.0,8.0,8.0,0.0
Premier League,2008-09,Blackburn,38,10,11,17,40.0,60.0,-20.0,41,15,0,0,58.0,7.0,2.0,0.0
Premier League,2008-09,Sunderland,38,9,9,20,34.0,54.0,-20.0,36,16,0,0,39.0,15.0,-23.0,0.0
Premier League,2008-09,Hull,38,8,11,19,39.0,64.0,-25.0,35,17,0,0,,,,
Premier League,2008-09,Newcastle,38,7,13,18,40.0,59.0,-19.0,34,18,0,0,43.0,12.0,-20.0,0.0
Premier League,2008-09,Middlesbrough,38,7,11,20,28.0,57.0,-29.0,32,19,0,0,42.0,13.0,-10.0,0.0
Premier League,2008-09,West Brom,38,8,8,22,36.0,67.0,-31.0,32,20,0,0,30.0,19.0,-27.0,0.0
Premier League,2009-10,Chelsea,38,27,5,6,103.0,32.0,71.0,86,1,1,1,83.0,3.0,44.0,0.0
Premier League,2009-10,Man United,38,27,4,7,86.0,28.0,58.0,85,2,0,1,90.0,1.0,44.0,1.0
Premier League,2009-10,Arsenal,38,23,6,9,83.0,41.0,42.0,75,3,0,1,72.0,4.0,31.0,0.0
Premier League,2009-10,Tottenham,38,21,7,10,67.0,41.0,26.0,70,4,0,1,51.0,8.0,0.0,0.0
Premier League,2009-10,Man City,38,18,13,7,73.0,45.0,28.0,67,5,0,0,50.0,10.0,8.0,0.0
Premier League,2009-10,Aston Villa,38,17,13,8,52.0,39.0,13.0,64,6,0,0,62.0,6.0,6.0,0.0
Premier League,2009-10,Liverpool,38,18,9,11,61.0,35.0,26.0,63,7,0,0,86.0,2.0,50.0,0.0
Premier League,2009-10,Everton,38,16,13,9,60.0,49.0,11.0,61,8,0,0,63.0,5.0,18.0,0.0
Premier League,2009-10,Birmingham,38,13,11,14,38.0,47.0,-9.0,50,9,0,0,35.0,19.0,-16.0,0.0
Premier League,2009-10,Blackburn,38,13,11,14,41.0,55.0,-14.0,50,10,0,0,41.0,15.0,-20.0,0.0
Premier League,2009-10,Stoke,38,11,14,13,34.0,48.0,-14.0,47,11,0,0,45.0,12.0,-17.0,0.0
Premier League,2009-10,Fulham,38,12,10,16,39.0,46.0,-7.0,46,12,0,0,53.0,7.0,5.0,0.0
Premier League,2009-10,Sunderland,38,11,11,16,48.0,56.0,-8.0,44,13,0,0,36.0,16.0,-20.0,0.0
Premier League,2009-10,Bolton,38,10,9,19,42.0,67.0,-25.0,39,14,0,0,41.0,13.0,-12.0,0.0
Premier League,2009-10,Wolves,38,9,11,18,32.0,56.0,-24.0,38,15,0,0,31.0,19.0,-33.0,0.0
Premier League,2009-10,Wigan,38,9,9,20,37.0,79.0,-42.0,36,16,0,0,45.0,11.0,-11.0,0.0
Premier League,2009-10,West Ham,38,8,11,19,47.0,66.0,-19.0,35,17,0,0,51.0,9.0,-3.0,0.0
Premier League,2009-10,Burnley,38,8,6,24,42.0,82.0,-40.0,30,18,0,0,,,,
Premier League,2009-10,Hull,38,6,12,20,34.0,75.0,-41.0,30,19,0,0,35.0,17.0,-25.0,0.0
Premier League,2009-10,Portsmouth,38,7,7,24,34.0,66.0,-32.0,28,20,0,0,41.0,14.0,-19.0,0.0
Premier League,2010-11,Man United,38,23,11,4,78.0,37.0,41.0,80,1,1,1,85.0,2.0,58.0,0.0
Premier League,2010-11,Chelsea,38,21,8,9,69.0,33.0,36.0,71,2,0,1,86.0,1.0,71.0,1.0
Premier League,2010-11,Man City,38,21,8,9,60.0,33.0,27.0,71,3,0,1,67.0,5.0,28.0,0.0
Premier League,2010-11,Arsenal,38,19,11,8,72.0,43.0,29.0,68,4,0,1,75.0,3.0,42.0,0.0
Premier League,2010-11,Tottenham,38,16,14,8,55.0,46.0,9.0,62,5,0,0,70.0,4.0,26.0,0.0
Premier League,2010-11,Liverpool,38,17,7,14,59.0,44.0,15.0,58,6,0,0,63.0,7.0,26.0,0.0
Premier League,2010-11,Everton,38,13,15,10,51.0,45.0,6.0,54,7,0,0,61.0,8.0,11.0,0.0
Premier League,2010-11,Fulham,38,11,16,11,49.0,43.0,6.0,49,8,0,0,46.0,12.0,-7.0,0.0
Premier League,2010-11,Aston Villa,38,12,12,14,48.0,59.0,-11.0,48,9,0,0,64.0,6.0,13.0,0.0
Premier League,2010-11,Sunderland,38,12,11,15,45.0,56.0,-11.0,47,10,0,0,44.0,13.0,-8.0,0.0
Premier League,2010-11,West Brom,38,12,11,15,56.0,71.0,-15.0,47,11,0,0,32.0,20.0,-31.0,0.0
Premier League,2010-11,Newcastle,38,11,13,14,56.0,57.0,-1.0,46,12,0,0,34.0,18.0,-19.0,0.0
Premier League,2010-11,Stoke,38,13,7,18,46.0,48.0,-2.0,46,13,0,0,47.0,11.0,-14.0,0.0
Premier League,2010-11,Bolton,38,12,10,16,52.0,56.0,-4.0,46,14,0,0,39.0,14.0,-25.0,0.0
Premier League,2010-11,Blackburn,38,11,10,17,46.0,59.0,-13.0,43,15,0,0,50.0,10.0,-14.0,0.0
Premier League,2010-11,Wigan,38,9,15,14,40.0,61.0,-21.0,42,16,0,0,36.0,16.0,-42.0,0.0
Premier League,2010-11,Wolves,38,11,7,20,46.0,66.0,-20.0,40,17,0,0,38.0,15.0,-24.0,0.0
Premier League,2010-11,Birmingham,38,8,15,15,37.0,58.0,-21.0,39,18,0,0,50.0,9.0,-9.0,0.0
Premier League,2010-11,Blackpool,38,10,9,19,55.0,78.0,-23.0,39,19,0,0,,,,
Premier League,2010-11,West Ham,38,7,12,19,43.0,70.0,-27.0,33,20,0,0,35.0,17.0,-19.0,0.0
Premier League,2011-12,Man City,38,28,5,5,93.0,29.0,64.0,89,1,1,1,71.0,3.0,27.0,0.0
Premier League,2011-12,Man United,38,28,5,5,89.0,33.0,56.0,89,2,0,1,80.0,1.0,41.0,1.0
Premier League,2011-12,Arsenal,38,21,7,10,74.0,49.0,25.0,70,3,0,1,68.0,4.0,29.0,0.0
Premier League,2011-12,Tottenham,38,20,9,9,66.0,41.0,25.0,69,4,0,1,62.0,5.0,9.0,0.0
Premier League,2011-12,Newcastle,38,19,8,11,56.0,51.0,5.0,65,5,0,0,46.0,12.0,-1.0,0.0
Premier League,2011-12,Chelsea,38,18,10,10,65.0,46.0,19.0,64,6,0,0,71.0,2.0,36.0,0.0
Premier League,2011-12,Everton,38,15,11,12,50.0,40.0,10.0,56,7,0,0,54.0,7.0,6.0,0.0
Premier League,2011-12,Liverpool,38,14,10,14,47.0,40.0,7.0,52,8,0,0,58.0,6.0,15.0,0.0
Premier League,2011-12,Fulham,38,14,10,14,48.0,51.0,-3.0,52,9,0,0,49.0,8.0,6.0,0.0
Premier League,2011-12,West Brom,38,13,8,17,45.0,52.0,-7.0,47,10,0,0,47.0,11.0,-15.0,0.0
Premier League,2011-12,Swansea,38,12,11,15,44.0,51.0,-7.0,47,11,0,0,,,,
Premier League,2011-12,Norwich,38,12,11,15,52.0,66.0,-14.0,47,12,0,0,27.0,20.0,-30.0,0.0
Premier League,2011-12,Sunderland,38,11,12,15,45.0,46.0,-1.0,45,13,0,0,47.0,10.0,-11.0,0.0
Premier League,2011-12,Stoke,38,11,12,15,36.0,53.0,-17.0,45,14,0,0,46.0,13.0,-2.0,0.0
Premier League,2011-12,Wigan,38,11,10,17,42.0,62.0,-20.0,43,15,0,0,42.0,16.0,-21.0,0.0
Premier League,2011-12,Aston Villa,38,7,17,14,37.0,53.0,-16.0,38,16,0,0,48.0,9.0,-11.0,0.0
Premier League,2011-12,QPR,38,10,7,21,43.0,66.0,-23.0,37,17,0,0,33.0,19.0,-19.0,0.0
Premier League,2011-12,Bolton,38,10,6,22,46.0,77.0,-31.0,36,18,0,0,46.0,14.0,-4.0,0.0
Premier League,2011-12,Blackburn,38,8,7,23,48.0,78.0,-30.0,31,19,0,0,43.0,15.0,-13.0,0.0
Premier League,2011-12,Wolves,38,5,10,23,40.0,82.0,-42.0,25,20,0,0,40.0,17.0,-20.0,0.0
Premier League,2012-13,Man United,38,28,5,5,86.0,43.0,43.0,89,1,1,1,89.0,2.0,56.0,0.0
Premier League,2012-13,Man City,38,23,9,6,66.0,34.0,32.0,78,2,0,1,89.0,1.0,64.0,1.0
Premier League,2012-13,Chelsea,38,22,9,7,75.0,39.0,36.0,75,3,0,1,64.0,6.0,19.0,0.0
Premier League,2012-13,Arsenal,38,21,10,7,72.0,37.0,35.0,73,4,0,1,70.0,3.0,25.0,0.0
Premier League,2012-13,Tottenham,38,21,9,8,66.0,46.0,20.0,72,5,0,0,69.0,4.0,25.0,0.0
Premier League,2012-13,Everton,38,16,15,7,55.0,40.0,15.0,63,6,0,0,56.0,7.0,10.0,0.0
Premier League,2012-13,Liverpool,38,16,13,9,71.0,43.0,28.0,61,7,0,0,52.0,8.0,7.0,0.0
Premier League,2012-13,West Brom,38,14,7,17,53.0,57.0,-4.0,49,8,0,0,47.0,10.0,-7.0,0.0
Premier League,2012-13,Swansea,38,11,13,14,47.0,51.0,-4.0,46,9,0,0,47.0,11.0,-7.0,0.0
Premier League,2012-13,West Ham,38,12,10,16,45.0,53.0,-8.0,46,10,0,0,33.0,20.0,-27.0,0.0
Premier League,2012-13,Norwich,38,10,14,14,41.0,58.0,-17.0,44,11,0,0,47.0,12.0,-14.0,0.0
Premier League,2012-13,Fulham,38,11,10,17,50.0,60.0,-10.0,43,12,0,0,52.0,9.0,-3.0,0.0
Premier League,2012-13,Stoke,38,9,15,14,34.0,45.0,-11.0,42,13,0,0,45.0,14.0,-17.0,0.0
Premier League,2012-13,Southampton,38,9,14,15,49.0,60.0,-11.0,41,14,0,0,28.0,18.0,-18.0,0.0
Premier League,2012-13,Aston Villa,38,10,11,17,47.0,69.0,-22.0,41,15,0,0,38.0,16.0,-16.0,0.0
Premier League,2012-13,Newcastle,38,11,8,19,45.0,68.0,-23.0,41,16,0,0,65.0,5.0,5.0,0.0
Premier League,2012-13,Sunderland,38,9,12,17,41.0,54.0,-13.0,39,17,0,0,45.0,13.0,-1.0,0.0
Premier League,2012-13,Wigan,38,9,9,20,47.0,73.0,-26.0,36,18,0,0,43.0,15.0,-20.0,0.0
Premier League,2012-13,Reading,38,6,10,22,43.0,73.0,-30.0,28,19,0,0,36.0,18.0,-25.0,0.0
Premier League,2012-13,QPR,38,4,13,21,30.0,60.0,-30.0,25,20,0,0,37.0,17.0,-23.0,0.0
Premier League,2013-14,Man City,38,27,5,6,102.0,37.0,65.0,86,1,1,1,78.0,2.0,32.0,0.0
Premier League,2013-14,Liverpool,38,26,6,6,101.0,50.0,51.0,84,2,0,1,61.0,7.0,28.0,0.0
Premier League,2013-14,Chelsea,38,25,7,6,71.0,27.0,44.0,82,3,0,1,75.0,3.0,36.0,0.0
Premier League,2013-14,Arsenal,38,24,7,7,68.0,41.0,27.0,79,4,0,1,73.0,4.0,35.0,0.0
Premier League,2013-14,Everton,38,21,9,8,61.0,39.0,22.0,72,5,0,0,63.0,6.0,15.0,0.0
Premier League,2013-14,Tottenham,38,21,6,11,55.0,51.0,4.0,69,6,0,0,72.0,5.0,20.0,0.0
Premier League,2013-14,Man United,38,19,7,12,64.0,43.0,21.0,64,7,0,0,89.0,1.0,43.0,1.0
Premier League,2013-14,Southampton,38,15,11,12,54.0,46.0,8.0,56,8,0,0,41.0,14.0,-11.0,0.0
Premier League,2013-14,Stoke,38,13,11,14,45.0,52.0,-7.0,50,9,0,0,42.0,13.0,-11.0,0.0
Premier League,2013-14,Newcastle,38,15,4,19,43.0,59.0,-16.0,49,10,0,0,41.0,16.0,-23.0,0.0
Premier League,2013-14,Crystal Palace,38,13,6,19,33.0,48.0,-15.0,45,11,0,0,27.0,19.0,-22.0,0.0
Premier League,2013-14,Swansea,38,11,9,18,54.0,54.0,0.0,42,12,0,0,46.0,9.0,-4.0,0.0
Premier League,2013-14,West Ham,38,11,7,20,40.0,51.0,-11.0,40,13,0,0,46.0,10.0,-8.0,0.0
Premier League,2013-14,Sunderland,38,10,8,20,41.0,60.0,-19.0,38,14,0,0,39.0,17.0,-13.0,0.0
Premier League,2013-14,Aston Villa,38,10,8,20,39.0,61.0,-22.0,38,15,0,0,41.0,15.0,-22.0,0.0
Premier League,2013-14,Hull,38,10,7,21,38.0,53.0,-15.0,37,16,0,0,30.0,19.0,-41.0,0.0
Premier League,2013-14,West Brom,38,7,15,16,43.0,59.0,-16.0,36,17,0,0,49.0,8.0,-4.0,0.0
Premier League,2013-14,Norwich,38,8,9,21,28.0,62.0,-34.0,33,18,0,0,44.0,11.0,-17.0,0.0
Premier League,2013-14,Fulham,38,9,5,24,40.0,85.0,-45.0,32,19,0,0,43.0,12.0,-10.0,0.0
Premier League,2013-14,Cardiff,38,7,9,22,32.0,74.0,-42.0,30,20,0,0,,,,
Premier League,2014-15,Chelsea,38,26,9,3,73.0,32.0,41.0,87,1,1,1,82.0,3.0,44.0,0.0
Premier League,2014-15,Man City,38,24,7,7,83.0,38.0,45.0,79,2,0,1,86.0,1.0,65.0,1.0
Premier League,2014-15,Arsenal,38,22,9,7,71.0,36.0,35.0,75,3,0,1,79.0,4.0,27.0,0.0
Premier League,2014-15,Man United,38,20,10,8,62.0,37.0,25.0,70,4,0,1,64.0,7.0,21.0,0.0
Premier League,2014-15,Tottenham,38,19,7,12,58.0,53.0,5.0,64,5,0,0,69.0,6.0,4.0,0.0
Premier League,2014-15,Liverpool,38,18,8,12,52.0,48.0,4.0,62,6,0,0,84.0,2.0,51.0,0.0
Premier League,2014-15,Southampton,38,18,6,14,54.0,33.0,21.0,60,7,0,0,56.0,8.0,8.0,0.0
Premier League,2014-15,Swansea,38,16,8,14,46.0,49.0,-3.0,56,8,0,0,42.0,12.0,0.0,0.0
Premier League,2014-15,Stoke,38,15,9,14,48.0,45.0,3.0,54,9,0,0,50.0,9.0,-7.0,0.0
Premier League,2014-15,Crystal Palace,38,13,9,16,47.0,51.0,-4.0,48,10,0,0,45.0,11.0,-15.0,0.0
Premier League,2014-15,Everton,38,12,11,15,48.0,50.0,-2.0,47,11,0,0,72.0,5.0,22.0,0.0
Premier League,2014-15,West Ham,38,12,11,15,44.0,47.0,-3.0,47,12,0,0,40.0,13.0,-11.0,0.0
Premier League,2014-15,West Brom,38,11,11,16,38.0,51.0,-13.0,44,13,0,0,36.0,17.0,-16.0,0.0
Premier League,2014-15,Leicester,38,11,8,19,46.0,55.0,-9.0,41,14,0,0,33.0,18.0,-11.0,0.0
Premier League,2014-15,Newcastle,38,10,9,19,40.0,63.0,-23.0,39,15,0,0,49.0,10.0,-16.0,0.0
Premier League,2014-15,Sunderland,38,7,17,14,31.0,53.0,-22.0,38,16,0,0,38.0,14.0,-19.0,0.0
Premier League,2014-15,Aston Villa,38,10,8,20,31.0,57.0,-26.0,38,17,0,0,38.0,15.0,-22.0,0.0
Premier League,2014-15,Hull,38,8,11,19,33.0,51.0,-18.0,35,18,0,0,37.0,16.0,-15.0,0.0
Premier League,2014-15,Burnley,38,7,12,19,28.0,53.0,-25.0,33,19,0,0,30.0,18.0,-40.0,0.0
Premier League,2014-15,QPR,38,8,6,24,42.0,73.0,-31.0,30,20,0,0,25.0,20.0,-30.0,0.0
Premier League,2015-16,Leicester,38,23,12,3,68.0,36.0,32.0,81,1,1,1,41.0,14.0,-9.0,0.0
Premier League,2015-16,Arsenal,38,20,11,7,65.0,36.0,29.0,71,2,0,1,75.0,3.0,35.0,0.0
Premier League,2015-16,Tottenham,38,19,13,6,69.0,35.0,34.0,70,3,0,1,64.0,5.0,5.0,0.0
Premier League,2015-16,Man City,38,19,9,10,71.0,41.0,30.0,66,4,0,1,79.0,2.0,45.0,0.0
Premier League,2015-16,Man United,38,19,9,10,49.0,35.0,14.0,66,5,0,0,70.0,4.0,25.0,0.0
Premier League,2015-16,Southampton,38,18,9,11,59.0,41.0,18.0,63,6,0,0,60.0,7.0,21.0,0.0
Premier League,2015-16,West Ham,38,16,14,8,65.0,51.0,14.0,62,7,0,0,47.0,12.0,-3.0,0.0
Premier League,2015-16,Liverpool,38,16,12,10,63.0,50.0,13.0,60,8,0,0,62.0,6.0,4.0,0.0
Premier League,2015-16,Stoke,38,14,9,15,41.0,55.0,-14.0,51,9,0,0,54.0,9.0,3.0,0.0
Premier League,2015-16,Chelsea,38,12,14,12,59.0,53.0,6.0,50,10,0,0,87.0,1.0,41.0,1.0
Premier League,2015-16,Everton,38,11,14,13,59.0,55.0,4.0,47,11,0,0,47.0,11.0,-2.0,0.0
Premier League,2015-16,Swansea,38,12,11,15,42.0,52.0,-10.0,47,12,0,0,56.0,8.0,-3.0,0.0
Premier League,2015-16,Watford,38,12,9,17,40.0,50.0,-10.0,45,13,0,0,28.0,20.0,-30.0,0.0
Premier League,2015-16,West Brom,38,10,13,15,34.0,48.0,-14.0,43,14,0,0,44.0,13.0,-13.0,0.0
Premier League,2015-16,Crystal Palace,38,11,9,18,39.0,51.0,-12.0,42,15,0,0,48.0,10.0,-4.0,0.0
Premier League,2015-16,Bournemouth,38,11,9,18,45.0,67.0,-22.0,42,16,0,0,,,,
Premier League,2015-16,Sunderland,38,9,12,17,48.0,62.0,-14.0,39,17,0,0,38.0,16.0,-22.0,0.0
Premier League,2015-16,Newcastle,38,9,10,19,44.0,65.0,-21.0,37,18,0,0,39.0,15.0,-23.0,0.0
Premier League,2015-16,Norwich,38,9,7,22,39.0,67.0,-28.0,34,19,0,0,33.0,18.0,-34.0,0.0
Premier League,2015-16,Aston Villa,38,3,8,27,27.0,76.0,-49.0,17,20,0,0,38.0,17.0,-26.0,0.0
Premier League,2016-17,Chelsea,38,30,3,5,85.0,33.0,52.0,93,1,1,1,50.0,10.0,6.0,0.0
Premier League,2016-17,Tottenham,38,26,8,4,86.0,26.0,60.0,86,2,0,1,70.0,3.0,34.0,0.0
Premier League,2016-17,Man City,38,23,9,6,80.0,39.0,41.0,78,3,0,1,66.0,4.0,30.0,0.0
Premier League,2016-17,Liverpool,38,22,10,6,78.0,42.0,36.0,76,4,0,1,60.0,8.0,13.0,0.0
Premier League,2016-17,Arsenal,38,23,6,9,77.0,44.0,33.0,75,5,0,0,71.0,2.0,29.0,0.0
Premier League,2016-17,Man United,38,18,15,5,54.0,29.0,25.0,69,6,0,0,66.0,5.0,14.0,0.0
Premier League,2016-17,Everton,38,17,10,11,62.0,44.0,18.0,61,7,0,0,47.0,11.0,4.0,0.0
Premier League,2016-17,Southampton,38,12,10,16,41.0,48.0,-7.0,46,8,0,0,63.0,6.0,18.0,0.0
Premier League,2016-17,Bournemouth,38,12,10,16,55.0,67.0,-12.0,46,9,0,0,42.0,16.0,-22.0,0.0
Premier League,2016-17,West Brom,38,12,9,17,43.0,51.0,-8.0,45,10,0,0,43.0,14.0,-14.0,0.0
Premier League,2016-17,West Ham,38,12,9,17,47.0,64.0,-17.0,45,11,0,0,62.0,7.0,14.0,0.0
Premier League,2016-17,Leicester,38,12,8,18,48.0,63.0,-15.0,44,12,0,0,81.0,1.0,32.0,1.0
Premier League,2016-17,Stoke,38,11,11,16,41.0,56.0,-15.0,44,13,0,0,51.0,9.0,-14.0,0.0
Premier League,2016-17,Crystal Palace,38,12,5,21,50.0,63.0,-13.0,41,14,0,0,42.0,15.0,-12.0,0.0
Premier League,2016-17,Swansea,38,12,5,21,45.0,70.0,-25.0,41,15,0,0,47.0,12.0,-10.0,0.0
Premier League,2016-17,Burnley,38,11,7,20,39.0,55.0,-16.0,40,16,0,0,33.0,19.0,-25.0,0.0
Premier League,2016-17,Watford,38,11,7,20,40.0,68.0,-28.0,40,17,0,0,45.0,13.0,-10.0,0.0
Premier League,2016-17,Hull,38,9,7,22,37.0,80.0,-43.0,34,18,0,0,35.0,18.0,-18.0,0.0
Premier League,2016-17,Middlesbrough,38,5,13,20,27.0,53.0,-26.0,28,19,0,0,32.0,19.0,-29.0,0.0
Premier League,2016-17,Sunderland,38,6,6,26,29.0,69.0,-40.0,24,20,0,0,39.0,17.0,-14.0,0.0
Premier League,2017-18,Man City,38,32,4,2,106.0,27.0,79.0,100,1,1,1,78.0,3.0,41.0,0.0
Premier League,2017-18,Man United,38,25,6,7,68.0,28.0,40.0,81,2,0,1,69.0,6.0,25.0,0.0
Premier League,2017-18,Tottenham,38,23,8,7,74.0,36.0,38.0,77,3,0,1,86.0,2.0,60.0,0.0
Premier League,2017-18,Liverpool,38,21,12,5,84.0,38.0,46.0,75,4,0,1,76.0,4.0,36.0,0.0
Premier League,2017-18,Chelsea,38,21,7,10,62.0,38.0,24.0,70,5,0,0,93.0,1.0,52.0,1.0
Premier League,2017-18,Arsenal,38,19,6,13,74.0,51.0,23.0,63,6,0,0,75.0,5.0,33.0,0.0
Premier League,2017-18,Burnley,38,14,12,12,36.0,39.0,-3.0,54,7,0,0,40.0,16.0,-16.0,0.0
Premier League,2017-18,Everton,38,13,10,15,44.0,58.0,-14.0,49,8,0,0,61.0,7.0,18.0,0.0
Premier League,2017-18,Leicester,38,12,11,15,56.0,60.0,-4.0,47,9,0,0,44.0,12.0,-15.0,0.0
Premier League,2017-18,Newcastle,38,12,8,18,39.0,47.0,-8.0,44,10,0,0,37.0,18.0,-21.0,0.0
Premier League,2017-18,Crystal Palace,38,11,11,16,45.0,55.0,-10.0,44,11,0,0,41.0,14.0,-13.0,0.0
Premier League,2017-18,Bournemouth,38,11,11,16,45.0,61.0,-16.0,44,12,0,0,46.0,9.0,-12.0,0.0
Premier League,2017-18,West Ham,38,10,12,16,48.0,68.0,-20.0,42,13,0,0,45.0,11.0,-17.0,0.0
Premier League,2017-18,Watford,38,11,8,19,44.0,64.0,-20.0,41,14,0,0,40.0,17.0,-28.0,0.0
Premier League,2017-18,Brighton,38,9,13,16,34.0,54.0,-20.0,40,15,0,0,,,,
Premier League,2017-18,Huddersfield,38,9,10,19,28.0,58.0,-30.0,37,16,0,0,,,,
Premier League,2017-18,Southampton,38,7,15,16,37.0,56.0,-19.0,36,17,0,0,46.0,8.0,-7.0,0.0
Premier League,2017-18,Swansea,38,8,9,21,28.0,56.0,-28.0,33,18,0,0,41.0,15.0,-25.0,0.0
Premier League,2017-18,Stoke,38,7,12,19,35.0,68.0,-33.0,33,19,0,0,44.0,13.0,-15.0,0.0
Premier League,2017-18,West Brom,38,6,13,19,31.0,56.0,-25.0,31,20,0,0,45.0,10.0,-8.0,0.0
Premier League,2018-19,Man City,38,32,2,4,95.0,23.0,72.0,98,1,1,1,100.0,1.0,79.0,1.0
Premier League,2018-19,Liverpool,38,30,7,1,89.0,22.0,67.0,97,2,0,1,75.0,4.0,46.0,0.0
Premier League,2018-19,Chelsea,38,21,9,8,63.0,39.0,24.0,72,3,0,1,70.0,5.0,24.0,0.0
Premier League,2018-19,Tottenham,38,23,2,13,67.0,39.0,28.0,71,4,0,1,77.0,3.0,38.0,0.0
Premier League,2018-19,Arsenal,38,21,7,10,73.0,51.0,22.0,70,5,0,0,63.0,6.0,23.0,0.0
Premier League,2018-19,Man United,38,19,9,10,65.0,54.0,11.0,66,6,0,0,81.0,2.0,40.0,0.0
Premier League,2018-19,Wolves,38,16,9,13,47.0,46.0,1.0,57,7,0,0,25.0,20.0,-42.0,0.0
Premier League,2018-19,Everton,38,15,9,14,54.0,46.0,8.0,54,8,0,0,49.0,8.0,-14.0,0.0
Premier League,2018-19,Leicester,38,15,7,16,51.0,48.0,3.0,52,9,0,0,47.0,9.0,-4.0,0.0
Premier League,2018-19,West Ham,38,15,7,16,52.0,55.0,-3.0,52,10,0,0,42.0,13.0,-20.0,0.0
Premier League,2018-19,Watford,38,14,8,16,52.0,59.0,-7.0,50,11,0,0,41.0,14.0,-20.0,0.0
Premier League,2018-19,Crystal Palace,38,14,7,17,51.0,53.0,-2.0,49,12,0,0,44.0,11.0,-10.0,0.0
Premier League,2018-19,Newcastle,38,12,9,17,42.0,48.0,-6.0,45,13,0,0,44.0,10.0,-8.0,0.0
Premier League,2018-19,Bournemouth,38,13,6,19,56.0,70.0,-14.0,45,14,0,0,44.0,12.0,-16.0,0.0
Premier League,2018-19,Burnley,38,11,7,20,45.0,68.0,-23.0,40,15,0,0,54.0,7.0,-3.0,0.0
Premier League,2018-19,Southampton,38,9,12,17,45.0,65.0,-20.0,39,16,0,0,36.0,17.0,-19.0,0.0
Premier League,2018-19,Brighton,38,9,9,20,35.0,60.0,-25.0,36,17,0,0,40.0,15.0,-20.0,0.0
Premier League,2018-19,Cardiff,38,10,4,24,34.0,69.0,-35.0,34,18,0,0,30.0,20.0,-42.0,0.0
Premier League,2018-19,Fulham,38,7,5,26,34.0,81.0,-47.0,26,19,0,0,32.0,19.0,-45.0,0.0
Premier League,2018-19,Huddersfield,38,3,7,28,22.0,76.0,-54.0,16,20,0,0,37.0,16.0,-30.0,0.0
Premier League,2019-20,Liverpool,38,32,3,3,85.0,33.0,52.0,99,1,1,1,97.0,2.0,67.0,0.0
Premier League,2019-20,Man City,38,26,3,9,102.0,35.0,67.0,81,2,0,1,98.0,1.0,72.0,1.0
Premier League,2019-20,Man United,38,18,12,8,66.0,36.0,30.0,66,3,0,1,66.0,6.0,11.0,0.0
Premier League,2019-20,Chelsea,38,20,6,12,69.0,54.0,15.0,66,4,0,1,72.0,3.0,24.0,0.0
Premier League,2019-20,Leicester,38,18,8,12,67.0,41.0,26.0,62,5,0,0,52.0,9.0,3.0,0.0
Premier League,2019-20,Tottenham,38,16,11,11,61.0,47.0,14.0,59,6,0,0,71.0,4.0,28.0,0.0
Premier League,2019-20,Wolves,38,15,14,9,51.0,40.0,11.0,59,7,0,0,57.0,7.0,1.0,0.0
Premier League,2019-20,Arsenal,38,14,14,10,56.0,48.0,8.0,56,8,0,0,70.0,5.0,22.0,0.0
Premier League,2019-20,Sheffield United,38,14,12,12,39.0,39.0,0.0,54,9,0,0,38.0,18.0,-23.0,0.0
Premier League,2019-20,Burnley,38,15,9,14,43.0,50.0,-7.0,54,10,0,0,40.0,15.0,-23.0,0.0
Premier League,2019-20,Southampton,38,15,7,16,51.0,60.0,-9.0,52,11,0,0,39.0,16.0,-20.0,0.0
Premier League,2019-20,Everton,38,13,10,15,44.0,56.0,-12.0,49,12,0,0,54.0,8.0,8.0,0.0
Premier League,2019-20,Newcastle,38,11,11,16,38.0,58.0,-20.0,44,13,0,0,45.0,13.0,-6.0,0.0
Premier League,2019-20,Crystal Palace,38,11,10,17,31.0,50.0,-19.0,43,14,0,0,49.0,12.0,-2.0,0.0
Premier League,2019-20,Brighton,38,9,14,15,39.0,54.0,-15.0,41,15,0,0,36.0,17.0,-25.0,0.0
Premier League,2019-20,West Ham,38,10,9,19,49.0,62.0,-13.0,39,16,0,0,52.0,10.0,-3.0,0.0
Premier League,2019-20,Aston Villa,38,9,8,21,41.0,67.0,-26.0,35,17,0,0,17.0,20.0,-49.0,0.0
Premier League,2019-20,Bournemouth,38,9,7,22,40.0,65.0,-25.0,34,18,0,0,45.0,14.0,-14.0,0.0
Premier League,2019-20,Watford,38,8,10,20,36.0,64.0,-28.0,34,19,0,0,50.0,11.0,-7.0,0.0
Premier League,2019-20,Norwich,38,5,6,27,26.0,75.0,-49.0,21,20,0,0,34.0,19.0,-28.0,0.0
Premier League,2020-21,Man City,38,27,5,6,83.0,32.0,51.0,86,1,1,1,81.0,2.0,67.0,0.0
Premier League,2020-21,Man United,38,21,11,6,73.0,44.0,29.0,74,2,0,1,66.0,3.0,30.0,0.0
Premier League,2020-21,Liverpool,38,20,9,9,68.0,42.0,26.0,69,3,0,1,99.0,1.0,52.0,1.0
Premier League,2020-21,Chelsea,38,19,10,9,58.0,36.0,22.0,67,4,0,1,66.0,4.0,15.0,0.0
Premier League,2020-21,Leicester,38,20,6,12,68.0,50.0,18.0,66,5,0,0,62.0,5.0,26.0,0.0
Premier League,2020-21,West Ham,38,19,8,11,62.0,47.0,15.0,65,6,0,0,39.0,16.0,-13.0,0.0
Premier League,2020-21,Tottenham,38,18,8,12,68.0,45.0,23.0,62,7,0,0,59.0,6.0,14.0,0.0
Premier League,2020-21,Arsenal,38,18,7,13,55.0,39.0,16.0,61,8,0,0,56.0,8.0,8.0,0.0
Premier League,2020-21,Leeds,38,18,5,15,62.0,54.0,8.0,59,9,0,0,26.0,20.0,-35.0,0.0
Premier League,2020-21,Everton,38,17,8,13,47.0,48.0,-1.0,59,10,0,0,49.0,12.0,-12.0,0.0
Premier League,2020-21,Aston Villa,38,16,7,15,55.0,46.0,9.0,55,11,0,0,35.0,17.0,-26.0,0.0
Premier League,2020-21,Newcastle,38,12,9,17,46.0,62.0,-16.0,45,12,0,0,44.0,13.0,-20.0,0.0
Premier League,2020-21,Wolves,38,12,9,17,36.0,52.0,-16.0,45,13,0,0,59.0,7.0,11.0,0.0
Premier League,2020-21,Crystal Palace,38,12,8,18,41.0,66.0,-25.0,44,14,0,0,43.0,14.0,-19.0,0.0
Premier League,2020-21,Southampton,38,12,7,19,47.0,68.0,-21.0,43,15,0,0,52.0,11.0,-9.0,0.0
Premier League,2020-21,Brighton,38,9,14,15,40.0,46.0,-6.0,41,16,0,0,41.0,15.0,-15.0,0.0
Premier League,2020-21,Burnley,38,10,9,19,33.0,55.0,-22.0,39,17,0,0,54.0,10.0,-7.0,0.0
Premier League,2020-21,Fulham,38,5,13,20,27.0,53.0,-26.0,28,18,0,0,26.0,19.0,-47.0,0.0
Premier League,2020-21,West Brom,38,5,11,22,35.0,76.0,-41.0,26,19,0,0,31.0,20.0,-25.0,0.0
Premier League,2020-21,Sheffield United,38,7,2,29,20.0,63.0,-43.0,23,20,0,0,54.0,9.0,0.0,0.0
Premier League,2021-22,Man City,38,29,6,3,99.0,26.0,73.0,93,1,1,1,86.0,1.0,51.0,1.0
Premier League,2021-22,Liverpool,38,28,8,2,94.0,26.0,68.0,92,2,0,1,69.0,3.0,26.0,0.0
Premier League,2021-22,Chelsea,38,21,11,6,76.0,33.0,43.0,74,3,0,1,67.0,4.0,22.0,0.0
Premier League,2021-22,Tottenham,38,22,5,11,69.0,40.0,29.0,71,4,0,1,62.0,7.0,23.0,0.0
Premier League,2021-22,Arsenal,38,22,3,13,61.0,48.0,13.0,69,5,0,0,61.0,8.0,16.0,0.0
Premier League,2021-22,Man United,38,16,10,12,57.0,57.0,0.0,58,6,0,0,74.0,2.0,29.0,0.0
Premier League,2021-22,West Ham,38,16,8,14,60.0,51.0,9.0,56,7,0,0,65.0,6.0,15.0,0.0
Premier League,2021-22,Leicester,38,14,10,14,62.0,59.0,3.0,52,8,0,0,66.0,5.0,18.0,0.0
Premier League,2021-22,Brighton,38,12,15,11,42.0,44.0,-2.0,51,9,0,0,41.0,16.0,-6.0,0.0
Premier League,2021-22,Wolves,38,15,6,17,38.0,43.0,-5.0,51,10,0,0,45.0,13.0,-16.0,0.0
Premier League,2021-22,Newcastle,38,13,10,15,44.0,62.0,-18.0,49,11,0,0,45.0,12.0,-16.0,0.0
Premier League,2021-22,Crystal Palace,38,11,15,12,50.0,46.0,4.0,48,12,0,0,44.0,14.0,-25.0,0.0
Premier League,2021-22,Brentford,38,13,7,18,48.0,56.0,-8.0,46,13,0,0,,,,
Premier League,2021-22,Aston Villa,38,13,6,19,52.0,54.0,-2.0,45,14,0,0,55.0,11.0,9.0,0.0
Premier League,2021-22,Southampton,38,9,13,16,43.0,67.0,-24.0,40,15,0,0,43.0,15.0,-21.0,0.0
Premier League,2021-22,Everton,38,11,6,21,43.0,66.0,-23.0,39,16,0,0,59.0,10.0,-1.0,0.0
Premier League,2021-22,Leeds,38,9,11,18,42.0,79.0,-37.0,38,17,0,0,59.0,9.0,8.0,0.0
Premier League,2021-22,Burnley,38,7,14,17,34.0,53.0,-19.0,35,18,0,0,39.0,17.0,-22.0,0.0
Premier League,2021-22,Watford,38,6,5,27,34.0,77.0,-43.0,23,19,0,0,34.0,19.0,-28.0,0.0
Premier League,2021-22,Norwich,38,5,7,26,23.0,84.0,-61.0,22,20,0,0,21.0,20.0,-49.0,0.0
Premier League,2022-23,Man City,38,28,5,5,94.0,33.0,61.0,89,1,1,1,93.0,1.0,73.0,1.0
Premier League,2022-23,Arsenal,38,26,6,6,88.0,43.0,45.0,84,2,0,1,69.0,5.0,13.0,0.0
Premier League,2022-23,Man United,38,23,6,9,58.0,43.0,15.0,75,3,0,1,58.0,6.0,0.0,0.0
Premier League,2022-23,Newcastle,38,19,14,5,68.0,33.0,35.0,71,4,0,1,49.0,11.0,-18.0,0.0
Premier League,2022-23,Liverpool,38,19,10,9,75.0,47.0,28.0,67,5,0,0,92.0,2.0,68.0,0.0
Premier League,2022-23,Brighton,38,18,8,12,72.0,53.0,19.0,62,6,0,0,51.0,9.0,-2.0,0.0
Premier League,2022-23,Aston Villa,38,18,7,13,51.0,46.0,5.0,61,7,0,0,45.0,14.0,-2.0,0.0
Premier League,2022-23,Tottenham,38,18,6,14,70.0,63.0,7.0,60,8,0,0,71.0,4.0,29.0,0.0
Premier League,2022-23,Brentford,38,15,14,9,58.0,46.0,12.0,59,9,0,0,46.0,13.0,-8.0,0.0
Premier League,2022-23,Fulham,38,15,7,16,55.0,53.0,2.0,52,10,0,0,28.0,18.0,-26.0,0.0
Premier League,2022-23,Crystal Palace,38,11,12,15,40.0,49.0,-9.0,45,11,0,0,48.0,12.0,4.0,0.0
Premier League,2022-23,Chelsea,38,11,11,16,38.0,47.0,-9.0,44,12,0,0,74.0,3.0,43.0,0.0
Premier League,2022-23,Wolves,38,11,8,19,31.0,58.0,-27.0,41,13,0,0,51.0,10.0,-5.0,0.0
Premier League,2022-23,West Ham,38,11,7,20,42.0,55.0,-13.0,40,14,0,0,56.0,7.0,9.0,0.0
Premier League,2022-23,Bournemouth,38,11,6,21,37.0,71.0,-34.0,39,15,0,0,34.0,18.0,-25.0,0.0
Premier League,2022-23,Nott'm Forest,38,9,11,18,38.0,68.0,-30.0,38,16,0,0,30.0,20.0,-34.0,0.0
Premier League,2022-23,Everton,38,8,12,18,34.0,57.0,-23.0,36,17,0,0,39.0,16.0,-23.0,0.0
Premier League,2022-23,Leicester,38,9,7,22,51.0,68.0,-17.0,34,18,0,0,52.0,8.0,3.0,0.0
Premier League,2022-23,Leeds,38,7,10,21,48.0,78.0,-30.0,31,19,0,0,38.0,17.0,-37.0,0.0
Premier League,2022-23,Southampton,38,6,7,25,36.0,73.0,-37.0,25,20,0,0,40.0,15.0,-24.0,0.0
Premier League,2023-24,Man City,38,28,7,3,96.0,34.0,62.0,91,1,1,1,89.0,1.0,61.0,1.0
Premier League,2023-24,Arsenal,38,28,5,5,91.0,29.0,62.0,89,2,0,1,84.0,2.0,45.0,0.0
Premier League,2023-24,Liverpool,38,24,10,4,86.0,41.0,45.0,82,3,0,1,67.0,5.0,28.0,0.0
Premier League,2023-24,Aston Villa,38,20,8,10,76.0,61.0,15.0,68,4,0,1,61.0,7.0,5.0,0.0
Premier League,2023-24,Tottenham,38,20,6,12,74.0,61.0,13.0,66,5,0,0,60.0,8.0,7.0,0.0
Premier League,2023-24,Chelsea,38,18,9,11,77.0,63.0,14.0,63,6,0,0,44.0,12.0,-9.0,0.0
Premier League,2023-24,Newcastle,38,18,6,14,85.0,62.0,23.0,60,7,0,0,71.0,4.0,35.0,0.0
Premier League,2023-24,Man United,38,18,6,14,57.0,58.0,-1.0,60,8,0,0,75.0,3.0,15.0,0.0
Premier League,2023-24,West Ham,38,14,10,14,60.0,74.0,-14.0,52,9,0,0,40.0,14.0,-13.0,0.0
Premier League,2023-24,Crystal Palace,38,13,10,15,57.0,58.0,-1.0,49,10,0,0,45.0,11.0,-9.0,0.0
Premier League,2023-24,Brighton,38,12,12,14,55.0,62.0,-7.0,48,11,0,0,62.0,6.0,19.0,0.0
Premier League,2023-24,Everton,38,13,9,16,40.0,51.0,-11.0,48,12,0,0,36.0,17.0,-23.0,0.0
Premier League,2023-24,Bournemouth,38,13,9,16,54.0,67.0,-13.0,48,13,0,0,39.0,15.0,-34.0,0.0
Premier League,2023-24,Fulham,38,13,8,17,55.0,61.0,-6.0,47,14,0,0,52.0,10.0,2.0,0.0
Premier League,2023-24,Wolves,38,13,7,18,50.0,65.0,-15.0,46,15,0,0,41.0,13.0,-27.0,0.0
Premier League,2023-24,Brentford,38,10,9,19,56.0,65.0,-9.0,39,16,0,0,59.0,9.0,12.0,0.0
Premier League,2023-24,Nott'm Forest,38,9,9,20,49.0,67.0,-18.0,36,17,0,0,38.0,16.0,-30.0,0.0
Premier League,2023-24,Luton,38,6,8,24,52.0,85.0,-33.0,26,18,0,0,,,,
Premier League,2023-24,Burnley,38,5,9,24,41.0,78.0,-37.0,24,19,0,0,35.0,18.0,-19.0,0.0
Premier League,2023-24,Sheffield United,38,3,7,28,35.0,104.0,-69.0,16,20,0,0,23.0,20.0,-43.0,0.0
Premier League,2024-25,Liverpool,38,25,9,4,86.0,41.0,45.0,84,1,1,1,82.0,3.0,45.0,0.0
Premier League,2024-25,Arsenal,38,20,14,4,69.0,34.0,35.0,74,2,0,1,89.0,2.0,62.0,0.0
Premier League,2024-25,Man City,38,21,8,9,72.0,44.0,28.0,71,3,0,1,91.0,1.0,62.0,1.0
Premier League,2024-25,Chelsea,38,20,9,9,64.0,43.0,21.0,69,4,0,1,63.0,6.0,14.0,0.0
Premier League,2024-25,Newcastle,38,20,6,12,68.0,47.0,21.0,66,5,0,0,60.0,7.0,23.0,0.0
Premier League,2024-25,Aston Villa,38,19,9,10,58.0,51.0,7.0,66,6,0,0,68.0,4.0,15.0,0.0
Premier League,2024-25,Nott'm Forest,38,19,8,11,58.0,46.0,12.0,65,7,0,0,36.0,17.0,-18.0,0.0
Premier League,2024-25,Brighton,38,16,13,9,66.0,59.0,7.0,61,8,0,0,48.0,11.0,-7.0,0.0
Premier League,2024-25,Bournemouth,38,15,11,12,58.0,46.0,12.0,56,9,0,0,48.0,13.0,-13.0,0.0
Premier League,2024-25,Brentford,38,16,8,14,66.0,57.0,9.0,56,10,0,0,39.0,16.0,-9.0,0.0
Premier League,2024-25,Fulham,38,15,9,14,54.0,54.0,0.0,54,11,0,0,47.0,14.0,-6.0,0.0
Premier League,2024-25,Crystal Palace,38,13,14,11,51.0,51.0,0.0,53,12,0,0,49.0,10.0,-1.0,0.0
Premier League,2024-25,Everton,38,11,15,12,42.0,44.0,-2.0,48,13,0,0,48.0,12.0,-11.0,0.0
Premier League,2024-25,West Ham,38,11,10,17,46.0,62.0,-16.0,43,14,0,0,52.0,9.0,-14.0,0.0
Premier League,2024-25,Man United,38,11,9,18,44.0,54.0,-10.0,42,15,0,0,60.0,8.0,-1.0,0.0
Premier League,2024-25,Wolves,38,12,6,20,54.0,69.0,-15.0,42,16,0,0,46.0,15.0,-15.0,0.0
Premier League,2024-25,Tottenham,38,11,5,22,64.0,65.0,-1.0,38,17,0,0,66.0,5.0,13.0,0.0
Premier League,2024-25,Leicester,38,6,7,25,33.0,80.0,-47.0,25,18,0,0,34.0,18.0,-17.0,0.0
Premier League,2024-25,Ipswich,38,4,10,24,36.0,82.0,-46.0,22,19,0,0,36.0,18.0,-23.0,0.0
Premier League,2024-25,Southampton,38,2,6,30,26.0,86.0,-60.0,12,20,0,0,25.0,20.0,-37.0,0.0
Premier League,2025-26,Arsenal,38,26,7,5,71.0,27.0,44.0,85,1,1,1,74.0,2.0,35.0,0.0
Premier League,2025-26,Man City,38,23,9,6,77.0,35.0,42.0,78,2,0,1,71.0,3.0,28.0,0.0
Premier League,2025-26,Man United,38,20,11,7,69.0,50.0,19.0,71,3,0,1,42.0,15.0,-10.0,0.0
Premier League,2025-26,Aston Villa,38,19,8,11,56.0,49.0,7.0,65,4,0,1,66.0,6.0,7.0,0.0
Premier League,2025-26,Liverpool,38,17,9,12,63.0,53.0,10.0,60,5,0,0,84.0,1.0,45.0,1.0
Premier League,2025-26,Bournemouth,38,13,18,7,58.0,54.0,4.0,57,6,0,0,56.0,9.0,12.0,0.0
Premier League,2025-26,Sunderland,38,14,12,12,42.0,48.0,-6.0,54,7,0,0,24.0,20.0,-40.0,0.0
Premier League,2025-26,Brighton,38,14,11,13,52.0,46.0,6.0,53,8,0,0,61.0,8.0,7.0,0.0
Premier League,2025-26,Brentford,38,14,11,13,55.0,52.0,3.0,53,9,0,0,56.0,10.0,9.0,0.0
Premier League,2025-26,Chelsea,38,14,10,14,58.0,52.0,6.0,52,10,0,0,69.0,4.0,21.0,0.0
Premier League,2025-26,Fulham,38,15,7,16,47.0,51.0,-4.0,52,11,0,0,54.0,11.0,0.0,0.0
Premier League,2025-26,Newcastle,38,14,7,17,53.0,55.0,-2.0,49,12,0,0,66.0,5.0,21.0,0.0
Premier League,2025-26,Everton,38,13,10,15,47.0,50.0,-3.0,49,13,0,0,48.0,13.0,-2.0,0.0
Premier League,2025-26,Leeds,38,11,14,13,49.0,56.0,-7.0,47,14,0,0,31.0,19.0,-30.0,0.0
Premier League,2025-26,Crystal Palace,38,11,12,15,41.0,51.0,-10.0,45,15,0,0,53.0,12.0,0.0,0.0
Premier League,2025-26,Nott'm Forest,38,11,11,16,48.0,51.0,-3.0,44,16,0,0,65.0,7.0,12.0,0.0
Premier League,2025-26,Tottenham,38,10,11,17,48.0,57.0,-9.0,41,17,0,0,38.0,17.0,-1.0,0.0
Premier League,2025-26,West Ham,38,10,9,19,46.0,65.0,-19.0,39,18,0,0,43.0,14.0,-16.0,0.0
Premier League,2025-26,Burnley,38,4,10,24,38.0,75.0,-37.0,22,19,0,0,24.0,19.0,-37.0,0.0
Premier League,2025-26,Wolves,38,3,11,24,27.0,68.0,-41.0,20,20,0,0,42.0,16.0,-15.0,0.0
